-- phpMyAdmin SQL Dump
-- version 4.6.6
-- https://www.phpmyadmin.net/
--
-- Servidor: localhost
-- Tiempo de generación: 05-07-2017 a las 03:34:04
-- Versión del servidor: 5.7.17-log
-- Versión de PHP: 5.6.30

SET SQL_MODE = "NO_AUTO_VALUE_ON_ZERO";
SET time_zone = "+00:00";


/*!40101 SET @OLD_CHARACTER_SET_CLIENT=@@CHARACTER_SET_CLIENT */;
/*!40101 SET @OLD_CHARACTER_SET_RESULTS=@@CHARACTER_SET_RESULTS */;
/*!40101 SET @OLD_COLLATION_CONNECTION=@@COLLATION_CONNECTION */;
/*!40101 SET NAMES utf8mb4 */;

--
-- Base de datos: `coagesaludv3`
--
CREATE DATABASE IF NOT EXISTS `coagesaludv3` DEFAULT CHARACTER SET utf8 COLLATE utf8_general_ci;
USE `coagesaludv3`;

-- --------------------------------------------------------

--
-- Estructura de tabla para la tabla `tab_asociado`
--

CREATE TABLE `tab_asociado` (
  `asociado_id` int(11) NOT NULL,
  `asociado_correlativo` varchar(10) NOT NULL,
  `asociado_nombre` varchar(200) NOT NULL,
  `asociado_dui` varchar(10) NOT NULL,
  `asociado_nit` varchar(20) NOT NULL,
  `asociado_extendido` varchar(100) NOT NULL,
  `asociado_fechaextendido` date NOT NULL,
  `asociado_lugarnacimiento` varchar(100) NOT NULL,
  `asociado_fechanacimiento` date NOT NULL,
  `asociado_nacionalidad` varchar(100) NOT NULL,
  `asociado_estadocivil` varchar(100) NOT NULL,
  `asociado_departamento` varchar(100) NOT NULL,
  `asociado_municipio` varchar(200) NOT NULL,
  `asociado_direccion` text NOT NULL,
  `asociado_profesionoficio` varchar(200) NOT NULL,
  `asociado_ingresomes` float NOT NULL,
  `asociado_estado` varchar(100) NOT NULL,
  `asociado_institucionsaludid` int(11) NOT NULL,
  `asociado_sucursalid` int(11) NOT NULL,
  `asociado_fechasesion` date NOT NULL,
  `asociado_numacta` int(11) NOT NULL,
  `asociado_numpunto` varchar(10) NOT NULL
) ENGINE=InnoDB DEFAULT CHARSET=utf8;

--
-- Volcado de datos para la tabla `tab_asociado`
--

INSERT INTO `tab_asociado` (`asociado_id`, `asociado_correlativo`, `asociado_nombre`, `asociado_dui`, `asociado_nit`, `asociado_extendido`, `asociado_fechaextendido`, `asociado_lugarnacimiento`, `asociado_fechanacimiento`, `asociado_nacionalidad`, `asociado_estadocivil`, `asociado_departamento`, `asociado_municipio`, `asociado_direccion`, `asociado_profesionoficio`, `asociado_ingresomes`, `asociado_estado`, `asociado_institucionsaludid`, `asociado_sucursalid`, `asociado_fechasesion`, `asociado_numacta`, `asociado_numpunto`) VALUES
(15, '001', 'Milagro del Carmen Ventura Rivera', '01597182-6', '0702-030870-101-4', 'Cojutepeque', '2010-08-21', 'Cojutepeque', '1970-08-03', 'Savadoreño/a', 'Divorciado/a', 'Cuscatlán', 'Cojutepeque', 'Col. El Salvador, Calle Los Rivera No. 18 Cojutepeque', 'Empleada', 2, 'Activo', 2, 1, '2016-07-12', 1, ''),
(16, '002', 'Susana del Carmen Vàsquez de Peña', '01106470-8', '0705-060573-101-8', 'San Salvador', '2010-04-26', 'Monte San Juan', '1973-05-06', 'Savadoreño/a', 'Casado/a', 'Cuscatlán', 'Cojutepeque', 'Bo. San Juan Final Colonia San Francisco', 'Empleada', 1552.01, 'Activo', 2, 1, '2016-07-12', 1, ''),
(17, '003', 'Concepciòn Guadalupe Viera de Hernàndez', '00820459-3', '1009-081272-102-7', 'San Vicente', '2011-01-27', 'San Sebastiàn', '1972-12-08', 'Savadoreño/a', 'Casado/a', 'Cuscatlán', 'Cojutepeque', 'Col. Jardines de las Pavas, Pasaje No. 3 , casa No. 60 Cojutepeque', 'Empleada', 1036.01, 'Activo', 3, 1, '2016-07-12', 1, ''),
(18, '004', 'Marta Lidia Rosales Gonzàlez', '006867824', '07020804771030', 'San Salvador', '2016-08-26', 'Cojutepeque', '1977-04-08', 'Savadoreño/a', 'Soltero/a', 'Cuscatlán', 'Cojutepeque', 'Colonia Diaz Nuila Pasaje Iberia Cojutepeque', 'Contador', 1245.91, 'Activo', 2, 1, '2016-07-12', 1, ''),
(19, '005', 'Marta Ruth Argueta Berdugo', '02469736-6', '07022205831010', 'Cojutepeque', '2010-05-26', 'Cojutepeque', '1983-05-22', 'Savadoreño/a', 'Soltero/a', 'Cuscatlán', 'Cojutepeque', 'Barrio San Nicolas 3a.Av. Sur No. 21B Cojutepeque', 'Licda. en Psicologìa', 738.95, 'Activo', 2, 1, '2016-07-12', 1, ''),
(20, '006', 'JUAN JAIRO RECINOS REYES', '02637035-0', '06171212841014', 'SOYAPANGO', '2012-07-03', 'CUSCATANCINGO', '1984-12-12', 'Savadoreño/a', 'Casado/a', 'Cuscatlán', 'Cojutepeque', 'URB. SAN PABLO CALLE INTERNACIONAL No. 5C SOYAPANGO', 'ESTUDIANTE', 1, 'Activo', 2, 1, '2016-07-12', 1, ''),
(21, '007', 'JOSE VIRGILIO GUERRA SALES', '004933603', '06141303831198', 'SOYAPANGO', '2016-02-06', 'SAN SALVADOR', '1983-03-13', 'Savadoreño/a', 'Soltero/a', 'Cuscatlán', 'Cojutepeque', 'URB. LA PAZ PJE. SANTA MARIA BLOCK B No. 123 SOYAPANGO', 'TECNICO EN ENFERMERIA', 700, 'Activo', 2, 1, '2016-07-12', 1, ''),
(22, '008', 'HIBET LISETE ARELY SOSA DE AGUILAR', '005872193', '07101801691010', 'Cojutepeque', '2016-01-15', 'SAN PEDRO PERULAPAN', '1969-01-18', 'Savadoreño/a', 'Casado/a', 'Cuscatlán', 'Cojutepeque', 'Bo. EL CALVARIO AV. MORAZÀN No. 26 SAN PEDRO PERULAPAN', 'LIC. EN ANESTESIOLOGÌA E INHALOTERAPIA', 1, 'Activo', 2, 1, '2016-07-12', 1, ''),
(23, '009', 'MIRNA YOLANDA GUTIERREZ AVALOS', '011920564', '09010706731014', 'SAN SALVADOR', '2010-06-12', 'CINQUERA CABAÑAS', '1973-06-07', 'Savadoreño/a', 'Soltero/a', 'Cuscatlán', 'Cojutepeque', 'Bo. EL CALVARIO 2a. CALLE PTE. NO. 41 COJUTEPEQUE', 'DRA. EN MEDICINA', 2939.78, 'Activo', 2, 1, '2016-07-12', 1, ''),
(24, '010', 'SARA NOEMY VENTURA RIVERA', '00678250-3', '0702-120177-103-2', 'SAN SALVADOR', '2010-12-06', 'COJUTEPEQUE', '1977-01-12', 'Savadoreño/a', 'Soltero/a', 'Cuscatlán', 'Cojutepeque', 'COL. EL SALVADOR 2o. PASAJE CASA No. 12 COJUTEPEQUE', 'ODONTOLOGA', 2200, 'Activo', 3, 1, '2016-07-12', 1, ''),
(25, '011', 'GLORIA LETICIA QUEZADA ARDÒN', '01282979-5', '0705-260462-001-0', 'SAN SALVADOR', '2010-04-16', 'MONTE SAN JUAN', '1962-04-26', 'Savadoreño/a', 'Soltero/a', 'Cuscatlán', 'Cojutepeque', 'Bo. EL CENTRO MONTE SAN JUAN', 'LICDA. EN ENFERMERÌA', 2, 'Activo', 2, 1, '2016-07-12', 1, ''),
(26, '012', 'MIRNA ELIZABETH MEJIA MORALES', '02404374-5', '1010-281069-105-6', 'SAN VICENTE', '2010-10-22', 'SAN VICENTE', '1969-10-28', 'Savadoreño/a', 'Viudo/a', 'Cuscatlán', 'Cojutepeque', 'COL. QUEZADA AV. LA SABANA, CASA No. 3 COJUTEPEQUE', 'SECRETARIA', 1, 'Activo', 3, 1, '2016-07-12', 1, ''),
(27, '013', 'MARIA ADELA GONZALEZ ESPINOLA', '00465483-5', '0711-200281-102-0', 'COJUTEPEQUE', '2012-10-03', 'SAN RAFAEL CEDROS', '1981-02-20', 'Savadoreño/a', 'Soltero/a', 'Cuscatlán', 'Cojutepeque', 'CANTON EL ESPINAL, SAN RAFAEL CEDROS', 'ESTUDIANTE', 347, 'Activo', 2, 1, '2016-07-12', 1, ''),
(28, '014', 'MARIA GUADALUPE MEJIA DE JOVEL', '00052019-9', '0703-121263-101-7', 'SAN VICENTE', '2010-12-13', 'EL CARMEN CUSCATLÀN', '1963-12-12', 'Savadoreño/a', 'Casado/a', 'Cuscatlán', 'Cojutepeque', 'Bo. SAN ANTONIO, CALLE ANDRES MOLINS, CASA No. 37, SAN SEBASTIAN', 'LICDA. EN ENFERMERIA', 1, 'Activo', 2, 1, '2016-07-12', 1, ''),
(29, '015', 'LUIS ARTURO VENTURA CRUZ', '01368336-2', '0614-270774-101-6', 'SAN SALVADOR', '2010-09-17', 'SAN SALVADOR', '1974-07-27', 'Savadoreño/a', 'Casado/a', 'Cuscatlán', 'Cojutepeque', 'COL. VISTA HERMOSA, AV. VISTA HERMOSA, nO. 411', 'DR. EN MEDICIA', 1, 'Activo', 2, 1, '2016-07-12', 1, ''),
(30, '016', 'IVONNE ELIZABETH HENRIQUEZ AQUINO', '00130055-0', '0614-050180-135-4', 'SAN SALVADOR', '2016-06-02', 'SAN SALVADOR', '1980-01-05', 'Savadoreño/a', 'Soltero/a', 'Cuscatlán', 'Cojutepeque', 'COL. SANTA GERTRUDIS, AV. 14 DE AGOSTO, BLOCK B, CASA 14, MEJICANOS', 'DR. EN MEDICINA', 1, 'Activo', 2, 1, '2016-07-12', 1, ''),
(31, '017', 'ARACELY MARGARITA ARGUETA DE GARCIA', '03061538-0', '0614-240879-103-1', 'SAN SALVADOR', '2010-08-13', 'SAN SALVADOR', '1979-08-24', 'Savadoreño/a', 'Casado/a', 'Cuscatlán', 'Cojutepeque', 'URS NUEVA METROPOLIS 1, SENDA A, No. 14 MEJICANOS', 'DRA. EN MEDICINA', 1, 'Activo', 2, 1, '2016-07-12', 1, ''),
(32, '018', 'ANA MAVEL GUILLEN DE ALEMAN', '01454045-2', '0904-260771-101-9', 'SAN SALVADOR', '2010-07-08', 'JUTIAPA, CABAÑAS', '1971-07-26', 'Savadoreño/a', 'Casado/a', 'Cuscatlán', 'Cojutepeque', 'COL. DIAZ NUILA PASAJE 6, No.8 COJUTEPEQUE', 'ENFERMERA', 1, 'Activo', 2, 1, '2016-07-12', 1, ''),
(33, '019', 'MARIA IRENE MANZANARES OVIEDO', '00648585-0', '1002-050455-001-1', 'COJUTEPEQUE', '2016-12-05', 'GUADALUPE, SAN VICENTE', '1955-04-05', 'Savadoreño/a', 'Divorciado/a', 'Cuscatlán', 'Cojutepeque', 'Bo. SANTA LUCÌA, 3a. CALLE OTE, CASA No. 39 COJUTEPEQUE', 'LICDA. EN ENFERMERIA', 1, 'Activo', 2, 1, '2016-07-12', 1, ''),
(34, '020', 'MARIO PERFECTO HERNANDEZ MARTINEZ', '01609519-4', '0702-180458-001-9', 'COJUTEPEQUE', '2013-12-18', 'COJUTEPEQUE', '1958-04-18', 'Savadoreño/a', 'Divorciado/a', 'Cuscatlán', 'Cojutepeque', 'Bo. SAN JOSÈ CALLE A CANDELARIA, PASAJE HERNÀNDEZ, COJUTEPEQUE', 'EMPLEADO', 1, 'Activo', 2, 1, '2016-07-12', 1, ''),
(35, '021', 'ROSA MARIBEL OSORIO DE PEREZ', '00158091-4', '1001-211275-101-3', 'COJUTEPEQUE', '2011-03-09', 'APASTEPEQUE, SAN VICENTE', '1975-12-12', 'Savadoreño/a', 'Casado/a', 'Cuscatlán', 'Cojutepeque', 'COL. LAS BRUMAS, BLOCK C,  PASAJE 4, CASA nO. 14, COJUTEPEQUE', 'ESTUDIANTE', 966, 'Activo', 2, 1, '2016-07-12', 1, ''),
(36, '022', 'GABRIELA SARAI ALFARO DE PEREZ', '02554215-8', '0614-111184-117-3', 'SOYAPANGO', '2010-11-26', 'SAN SALVADOR', '1984-11-11', 'Savadoreño/a', 'Casado/a', 'Cuscatlán', 'Cojutepeque', 'KM 221/2 CARRETERA PANAMERICANA, CANTON LA LOMA, SAN PEDRO PERULAPAN', 'LICDA. EN ENFERMERIA', 943, 'Activo', 2, 1, '2016-07-12', 1, ''),
(37, '023', 'MAURICIO ANTONIO ABARCA RIVERA', '01945025-9', '0903-140965-001-3', 'COJUTEPEQUE', '2010-05-30', 'ILOBASCO', '1965-09-14', 'Savadoreño/a', 'Soltero/a', 'Cuscatlán', 'Cojutepeque', 'Bo. EL CALVARIO, AV. CARLOS BONILLA, ILOBASCO', 'DR. EN MEDICINA', 4, 'Activo', 2, 1, '2016-07-12', 1, ''),
(38, '024', 'IXCHELL MARIA MEDRANO CANTARELY', '03183175-1', '0614-140171-281-1', 'SAN SALVADOR', '2010-12-02', 'SAN SALVADOR', '1981-12-07', 'Savadoreño/a', 'Soltero/a', 'Cuscatlán', 'Cojutepeque', 'CALLE JOSE MATIAS DELGADO No. 26 COJUTEPEQUE', 'DRA. EN MEDICINA', 1, 'Activo', 2, 1, '2016-07-12', 1, ''),
(39, '025', 'RONY FERNANDO AZUCENA MOLINA', '03192555-0', '0702-091182-101-6', 'COJUTEPEQUE', '2010-12-02', 'COJUTEPEQUE', '1982-11-09', 'Savadoreño/a', 'Soltero/a', 'Cuscatlán', 'Cojutepeque', 'CALLE JOSE MATIAS DELGADO CASA NO. 26, COJUTEPEQUE', 'ESTUDIANTE', 1, 'Activo', 2, 1, '2016-07-12', 1, ''),
(40, '026', 'YANIRA DEL ROSARIO CONSTANZA ARGUETA', '01756831-0', '0702-120964-101-4', 'COJUTEPEQUE', '2010-09-18', 'COJUTEPEQUE', '1964-09-12', 'Savadoreño/a', 'Soltero/a', 'Cuscatlán', 'Cojutepeque', 'BO. SAN NICOLAS, 1a. CALLE PONIENTE CASA No. 11 COJUEPEQUE', 'DRA. EN MEDICINA', 2, 'Activo', 2, 1, '2016-07-12', 1, ''),
(41, '027', 'ROSAURA HIDALGO', '01581479-9', '0906-010857-002-9', 'COJUTEPEQUE', '2010-07-13', 'SENSUNTEPEQUE', '1957-08-01', 'Savadoreño/a', 'Soltero/a', 'Cuscatlán', 'Cojutepeque', 'COL. DELICIAS DEL NORTE , AV. MONTREAL, CASA No. 19, MEJICANOS', 'EMPLEADA', 1, 'Activo', 2, 1, '2016-07-12', 1, ''),
(42, '028', 'DAVID ERNESTO MOREIRA', '00943308-0', '0702-160580-101-6', 'COJUTEPEQUE', '2017-02-01', 'COJUTEPEQUE', '1980-05-16', 'Savadoreño/a', 'Casado/a', 'Cuscatlán', 'Cojutepeque', 'Bo. CONCEPCIÒN, AV. GENERAL BRIOSO CASA No. 4, COJUTEPEQUE', 'EMPLEADO', 945.3, 'Activo', 2, 1, '2016-07-12', 1, ''),
(43, '029', 'MARTA ISABEL GARCIA DE TORRES', '01183905-6', '0702-110563-001-0', 'COJUTEPEQUE', '2016-09-29', 'COJUTEPEQUE', '1963-05-11', 'Savadoreño/a', 'Casado/a', 'Cuscatlán', 'Cojutepeque', 'Bo. EL CALVARIO, 2a. CALLE PONIENTE, CASA No. 95, COJUTEPEQUE', 'ENFERMERA', 1, 'Activo', 2, 1, '2016-07-12', 1, ''),
(44, '030', 'OSCAR EDUARDO RODRIGUEZ PEREZ', '00486499-3', '0702-011081-109-4', 'SOYAPANGO', '2016-09-20', 'COJUTEPEQUE', '1981-10-01', 'Savadoreño/a', 'Soltero/a', 'Cuscatlán', 'Cojutepeque', 'Bo. CONCEPCIÒN AV. JOSE MARIA RIVAS NO.37, COJUTEPEQUE', 'ESTUDIANTE', 400, 'Activo', 2, 1, '2016-07-12', 1, ''),
(45, '031', 'ELSA DORIS MARTINEZ MALDONADO', '00788672-4', '0702-160357-101-3', 'COJUTEPEQUE', '2010-03-20', 'COJUTEPEQUE', '1957-03-16', 'Savadoreño/a', 'Divorciado/a', 'Cuscatlán', 'Cojutepeque', 'Bo. SANTA LUCIA, 3a. CALLE OTE. CASA No. 30 COJUTEPEQUE', 'SECRETARIA COMERCIAL', 1, 'Activo', 2, 1, '2016-07-12', 1, ''),
(46, '032', 'ELSA DEL CARMEN LOPEZ DE CERON', '00422235-3', '1012-211261-001-2', 'COJUTEPEQUE', '2010-02-27', 'TEPETITAN', '1961-02-21', 'Savadoreño/a', 'Casado/a', 'Cuscatlán', 'Cojutepeque', 'COL. SANTA LUCIA NO. 10-A, COJUTEPEQUE', 'EMPLEADA', 1026.33, 'Activo', 2, 1, '2016-07-12', 1, ''),
(47, '033', 'MARTHA MARIA CERON DE MARTINEZ', '01121037-5', '0702-250584-101-7', 'COJUTEPEQUE', '2010-05-22', 'COJUTEPEQUE', '1984-05-25', 'Savadoreño/a', 'Casado/a', 'Cuscatlán', 'Cojutepeque', 'COL. DIAZ NUILA PASAJE IBERIA CASA NO. 7-B COJUTEPEQUE', 'EMPLEADA', 416, 'Activo', 2, 1, '2016-07-12', 1, ''),
(48, '034', 'MERCEDES VIERA DE LÒPEZ', '01991943-6', '1009-260974-101-5', 'SAN SALVADOR', '2010-10-27', 'SAN SEBASTIAN', '1974-09-26', 'Savadoreño/a', 'Casado/a', 'Cuscatlán', 'Cojutepeque', 'COL. SANTA LUCIA, CALLE PRINCIPAL, BLOCK D, No. 33 COJUTEPEQUE', 'LICDA. EN ENFERMERIA', 1, 'Activo', 2, 1, '2016-07-12', 1, ''),
(49, '035', 'LUZ DE MARIA RIVAS NUÑEZ', '04242371-5', '0613-280190-102-1', 'SAN SALVADOR', '2013-04-06', 'SAN MARTIN, SS', '1990-01-28', 'Savadoreño/a', 'Soltero/a', 'Cuscatlán', 'Cojutepeque', 'COL. CIUDAD FUTURA 1, CALLE ICHANMICHEN, POL.23-D, No. 7 CUSCATANCINGO', 'ESTUDIANTE', 545.05, 'Activo', 2, 1, '2016-07-12', 1, ''),
(50, '036', 'BELKY JUDITH ESCOBAR DE MENJIVAR', '01101670-5', '1013-080573-101-9', 'COJUTEPEQUE', '2010-05-11', 'VERAPAZ SAN VICETE', '1973-05-08', 'Savadoreño/a', 'Casado/a', 'Cuscatlán', 'Cojutepeque', 'COL. DIAZ NUILA, PASAJE 2, CASA No. 4, COJUTEPEQUE', 'EMPLEADA', 1, 'Activo', 2, 1, '2016-07-12', 1, ''),
(51, '037', 'LORENA YANETH MARTINEZ MARTINEZ', '00989614-9', '0702-111168-103-4', 'COJUTEPEQUE', '2010-11-06', 'COJUTEPEQUE', '1968-11-11', 'Savadoreño/a', 'Divorciado/a', 'Cuscatlán', 'Cojutepeque', 'COL. SAN FRANCISCO, CALLE PRINCIPAL, No. 29 COJUTEPEQUE', 'SECRETARIA', 1, 'Activo', 2, 1, '2016-07-12', 1, ''),
(52, '038', 'MIGUEL ANGEL REYES BARRERA', '00841111-6', '0702-260482-103-6', 'COJUTEPEQUE', '2010-06-05', 'COJUTEPEQUE', '1982-04-26', 'Savadoreño/a', 'Soltero/a', 'Cuscatlán', 'Cojutepeque', 'Bo. SANTA LUCIA, 3a CALLE OTE., No. 38, COJUTEPEQUE', 'EMPLEADO', 481.9, 'Activo', 2, 1, '2016-07-12', 1, ''),
(53, '039', 'ROMMEL VLADIMIR ESCOBAR LOPEZ', '02211978-6', '0608-260771-101-0', 'COJUTEPEQUE', '2012-11-23', 'MEJICANOS', '1971-07-26', 'Savadoreño/a', 'Casado/a', 'Cuscatlán', 'Cojutepeque', 'CONDOMINIO MONTE MARIA, 1A. CALLE PTE. EDIFICIO D, APARTAMENTO3D, SAN SALVADOR', 'DR. EN MEDICINA', 772.66, 'Activo', 2, 1, '2016-07-12', 1, ''),
(54, '040', 'JORGE ALBERTO MELGAR MORAZÀN', '02136879-8', '0903-011066-101-0', 'ILOPANGO', '2010-10-28', 'ILOBASCO', '1966-10-01', 'Savadoreño/a', 'Casado/a', 'Cuscatlán', 'Cojutepeque', 'RESIDENCIAL BOSQUES DE LA PAZ, 4a. CALLE OTE. No. 2 ILOPANGO', 'DR. EN MEDICINA', 2, 'Activo', 2, 1, '2016-07-12', 1, ''),
(55, '041', 'ROSA EMILIA SANCHEZ DE CASTILLO', '02061729-1', '1121-020955-001-2', 'COJUTEPEQUE', '2010-12-23', 'SANTIAGO DE MARIA ', '1955-09-02', 'Savadoreño/a', 'Casado/a', 'Cuscatlán', 'Cojutepeque', 'COL. QUEZADA, CALLE LA SABANA, CASA No. 10 COJUTEPEQUE', 'ENFERMERA', 1, 'Activo', 2, 1, '2016-07-12', 1, ''),
(56, '042', 'BLANCA ROSA CAÑAS URQUILLA', '01315136-5', '1012-120662-001-1', 'ILOPANGO', '2010-08-11', 'TEPETITAN SAN VICENTE', '1962-06-12', 'Savadoreño/a', 'Soltero/a', 'Cuscatlán', 'Cojutepeque', 'RESIDENCIAL SANTA LUCIA NORTE, CALLE CIRCUNVALACIÒN, ILOPANGO', 'EMPLEADA', 1, 'Activo', 2, 1, '2016-07-12', 1, ''),
(57, '043', 'GERTRUDIS YAJAIRA GAVIDIA DE ESQUIVEL', '01822257-7', '0702-101073-101-4', 'COJUTEPEQUE', '2013-12-09', 'COJUTEPEQUE', '1973-10-10', 'Savadoreño/a', 'Casado/a', 'Cuscatlán', 'Cojutepeque', 'COL. BUENOS AIRES FINAL PJE. VISTA AL LAGO, COJUTEPEQUE', 'LICDA. EN ANETESIOLOGÌA E INHALOTERAPIA', 600, 'Activo', 2, 1, '2016-07-12', 1, ''),
(58, '044', 'BLANCA ESTELA PARADA PEREZ', '02881159-8', '0821-160774-103-4', 'ZACATECOLUCA', '2010-07-24', 'SAN SALVADOR', '1975-07-16', 'Savadoreño/a', 'Soltero/a', 'Cuscatlán', 'Cojutepeque', 'COL. JOSE SIMEON CAÑAS,  FINAL 1a. AV. SUR, ZACATECOLUCA', 'LICDA. EN ADMINISTRACIÒN DE EMPRESAS', 1, 'Activo', 3, 1, '2016-07-12', 1, ''),
(59, '045', 'MARTA ALICIA VASQUEZ', '01107293-9', '0702-190278-101-6', 'COJUTEPEQUE', '2015-04-28', 'COJUTEPEQUE', '1978-02-19', 'Savadoreño/a', 'Soltero/a', 'Cuscatlán', 'Cojutepeque', 'COL. EL SAVADOR, PAJE. 2, CASA No. 12, COJUTEPEQUE', 'PANIFICADOR', 721.45, 'Activo', 2, 1, '2016-07-12', 1, ''),
(60, '046', 'HILDA DINORA MARTINEZ DE GUZMÀN', '03227180-7', '0714-090384-101-1', 'SAN SALVADOR', '2012-01-09', 'SANTA CRUZ MICHAPA', '1984-03-09', 'Savadoreño/a', 'Casado/a', 'Cuscatlán', 'Cojutepeque', 'BO. EL CENTRO, 2A. CALLE PTE. No. 7 SANTA CRUZ MICHAPA', 'LICDA. EN ENFERMERIA', 300, 'Activo', 2, 1, '2016-12-21', 6, '7'),
(61, '047', 'EDEL VANESSA PANIAGUA DE ORELLANA', '00910181-1', '0711-060582-101-8', 'SAN SALVADOR', '2016-02-24', 'SAN RAFAEL CEDROS', '1982-05-03', 'Savadoreño/a', 'Casado/a', 'Cuscatlán', 'Cojutepeque', 'REPARTO SAN BARTOLO, POL.1, PJE. B , No. 172 ILOPANGO', 'CONTADOR', 459.14, 'Activo', 2, 1, '2016-11-23', 4, '6'),
(62, '048', 'LILIANA ARACELY VELASQUEZ MERINO', '03752780-5', '0702-010687-104-0', 'COJUTEPEQUE', '2010-10-30', 'COJUTEPEQUE', '1987-06-01', 'Savadoreño/a', 'Soltero/a', 'Cuscatlán', 'Cojutepeque', 'Bo. CONCEPCIÒN, 7a.CALLE PTE. COJUTEPEQUE', 'EMPLEADA', 478, 'Activo', 2, 1, '2016-11-23', 4, '6'),
(63, '049', 'AGUELIS DE JESUS HERNANDEZ DE POLANCO', '01168478-6', '0519-050674-101-9', 'COJUTEPEQUE', '2010-06-26', 'TALNIQUE', '1974-06-05', 'Savadoreño/a', 'Casado/a', 'Cuscatlán', 'Cojutepeque', 'COL. CAMPOS, PASAJE 3, CASA No. 5, COJUTEPEQUE', 'EMPLEADA', 800, 'Activo', 2, 1, '2016-11-23', 4, '6'),
(64, '050', 'ROSA ANGÈLICA RODRIGUEZ DE MELGAR', '02434304-8', '1006-020358-001-4', 'COJUTEPEQUE', '2015-05-12', 'SAN ESTEBAN CATARINA', '1958-03-02', 'Savadoreño/a', 'Casado/a', 'Cuscatlán', 'Cojutepeque', 'COL. SANTA LUCIA, CALLE PRINCIPAL, BLOCK E, CASA No. 14, COJUTEPEQUE', 'HIGIENISTA DENTAL', 1103, 'Activo', 2, 1, '2016-11-23', 4, '6'),
(65, '051', 'SAUL ERNESTO ROMÀN ASCENCIO', '02596015-2', '0614-080382-118-4', 'SAN SALVADOR', '2015-03-04', 'SAN SALVADOR', '1982-03-08', 'Savadoreño/a', 'Casado/a', 'Cuscatlán', 'Cojutepeque', 'RES. ATLANTA, CALLE AL VOLCAN, PJE. 7 BLOCK BB No. 11 MEJICANOS', 'ESTUDIANTE', 711.91, 'Activo', 2, 1, '2016-12-21', 6, '7'),
(66, '052', 'MARJERY YANETH ALFARO DE RAMOS', '00813866-1', '0702-170377-102-8', 'ILOPANGO', '2010-03-13', 'APASTEPEQUE', '1977-03-17', 'Savadoreño/a', 'Casado/a', 'Cuscatlán', 'Cojutepeque', 'CARRETERA PANAMERICANA KM. 36, COJUTEPEQUE', 'ENFERMERA', 1, 'Activo', 2, 1, '2016-12-21', 6, '7'),
(67, '053', 'MERCEDES DEL ROSARIO RAMÌREZ COSME', '01995836-7', '0702-300977-106-4', 'COJUTEPEQUE', '2010-10-08', 'COJUTEPEQUE', '1977-09-30', 'Savadoreño/a', 'Soltero/a', 'Cuscatlán', 'Cojutepeque', 'CASERÌO MADRECACAO, COJUTEPEQUE', 'TEC. EN ENFERMERÌA', 1, 'Activo', 2, 1, '2016-11-23', 4, '6'),
(68, '054', 'KARLA MARÌA POSADA MARTINEZ', '01065544-1', '0614-050483-132-7', 'SAN SALVADOR', '2010-04-17', 'SAN SALVADOR', '1983-04-05', 'Savadoreño/a', 'Soltero/a', 'Cuscatlán', 'Cojutepeque', 'RESIDENCIAL UNIVERSITARIA 1, BLOCK C, No. 9 SAN SALVADOR', 'DRA. EN MEDICINA', 1, 'Activo', 2, 1, '2016-11-23', 4, '6'),
(69, '055', 'JERONIMA ESPERANZA CUBÌAS', '02188576-6', '1008-041062-001-7', 'COJUTEPEQUE', '2010-09-30', 'SAN LORENZO', '1962-10-04', 'Savadoreño/a', 'Soltero/a', 'Cuscatlán', 'Cojutepeque', 'COL. JARDINES DE LA PAVAS, PJE. 3, CASA No. 66 COJUTEPEQUE', 'ENFERMERA', 1, 'Activo', 2, 1, '2016-12-21', 6, '7'),
(70, '056', 'ADRIANA MARGARITA AVILES CHAVEZ', '02055779-2', '0614-280984-172-4', 'CIUDAD DELGADO', '2010-09-22', 'SAN SALVADOR', '1984-09-28', 'Savadoreño/a', 'Soltero/a', 'Cuscatlán', 'Cojutepeque', 'RESIDENCIAL PALECA, SENDA VEHICULAR No. 12, CIUDAD DELGADO', 'DRA. EN MEDICINA', 1, 'Activo', 2, 1, '2016-12-21', 6, '7'),
(71, '057', 'SANDRA PATRICIA ALFARO DE LÒPEZ', '03490180-6', '1006-250484-101-8', 'SOYAPANGO', '2010-02-16', 'SAN ESTEBAN CATARINA', '1984-04-25', 'Savadoreño/a', 'Casado/a', 'Cuscatlán', 'Cojutepeque', 'COL. VILLA DE LOS ANGELES, PJE. 8 POL. L, No. 2-A, SOYAPANGO\nRES. CUMBRES DE SAN BARTOLO, POL. 6A, No. 22 TONACATEPEQUE', 'ESTUDIANTE', 676.2, 'Activo', 2, 1, '2016-12-21', 6, '7'),
(72, '058', 'MARITZA DEL CARMEN LOPEZ MEJIA', '01954670-4', '0702-111177-101-7', 'COJUTEPEQUE', '2010-11-26', 'COJUTEPEQUE', '1977-11-11', 'Savadoreño/a', 'Soltero/a', 'Cuscatlán', 'Cojutepeque', 'SAN SEBASTIAN', 'ENFERMERA AUXILIAR', 1, 'Activo', 2, 1, '2016-12-21', 6, '7'),
(73, '059', 'MARCO ANTONIO BURGOS CASTILLO', '00731897-5', '1009-250454-002-7', 'COJUTEPEQUE', '2010-04-10', 'SAN SEBASTIAN', '1954-04-25', 'Savadoreño/a', 'Casado/a', 'Cuscatlán', 'Cojutepeque', 'REPARTO RESIDENCIAL No. 2, PJE. 2 No. 20 COJUTEPEQUE', 'EMPLEADO', 1, 'Activo', 3, 1, '2016-12-21', 6, '7'),
(74, '060', 'THANIA GUADALUPE BENAVIDES DE LEON', '03519607-2', '1210-180386-101-0', 'SAN MIGUEL', '2015-06-08', 'NUEVA GUADALUPE', '1986-03-18', 'Savadoreño/a', 'Casado/a', 'Cuscatlán', 'Cojutepeque', 'Bo. SAN LUIS FINAL 1A. CALLE PTE. NUEVA GUADALUPE', 'LICDA. EN PSICOLOGÌA', 335.4, 'Activo', 2, 1, '2016-12-21', 6, '7'),
(75, '061', 'ARACELY ESMERALDA MONTOYA LOPEZ', '02384644-1', '0614-021084-153-7', 'SAN SALVADOR', '2010-10-08', 'SAN SALVADOR', '1984-10-02', 'Savadoreño/a', 'Soltero/a', 'Cuscatlán', 'Cojutepeque', 'C/ SAN PABLO SAN RAMON', 'TEC. EN ENFERMERIA', 500, 'Activo', 2, 1, '2016-12-21', 6, '7'),
(76, '062', 'BERTA MARIA CATIVO SERRANO', '03088311-1', '0614-190480-123-7', 'COJUTEPEQUE', '2015-11-30', 'SAN SALVADOR', '1980-04-19', 'Savadoreño/a', 'Soltero/a', 'Cuscatlán', 'Cojutepeque', 'BO SAN JUAN CL A SAN RAMON KM 2 CASA N. 10', 'AMA DE CASA', 300, 'Activo', 2, 1, '2016-12-21', 6, '7'),
(77, '063', 'WALTER ENMANUEL ORELLANA REYES', '01840041-8', '0614-150978-137-5', 'COJUTEPEQUE', '2016-09-28', 'SAN SALVADOR', '1978-09-15', 'Savadoreño/a', 'Casado/a', 'Cuscatlán', 'Cojutepeque', 'REPARTO SAN BARTOLO TICSA, POL. PASAJE B CASA NO. 172 ILOPANGO', 'DOCTOR EN MEDICINA', 1851.56, 'Activo', 2, 1, '2016-12-21', 6, '7'),
(78, '064', 'LESVIA IVENIA HERNANDEZ ROSALES', '01755270-9', '0702-110973-102-4', 'COJUTEPEQUE', '2010-10-01', 'COJUTEPEQUE', '1973-09-11', 'Savadoreño/a', 'Soltero/a', 'Cuscatlán', 'Cojutepeque', 'COL. CAMPOS PASAJE 1 CASA 18, COJUTEPEQUE', 'ENFERMERA', 1139.63, 'Activo', 2, 1, '2016-12-21', 6, '7'),
(79, '065', 'KELWIN ENZO LOPEZ VENTURA', '02714336-6', '0703-310185-101-0', 'COJUTEPEQUE', '2015-09-07', 'EL CARMEN CUSCATLAN', '1985-01-31', 'Savadoreño/a', 'Soltero/a', 'Cuscatlán', 'Cojutepeque', 'COL. SANTA LUCIA PASAJE 3 BLOC D CALLE PRINCIPAL  CASA 22 B, COJUTEPEQUE', 'DR EN MEDICINA', 1010, 'Activo', 2, 1, '2017-01-19', 7, '6'),
(80, '066', 'MARCO ANTONIO GRANILLO', '02557689-8', '0614-241276-109-0', 'SAN SALVADOR', '2015-09-05', 'SAN SALVADOR', '1976-12-24', 'Savadoreño/a', 'Casado/a', 'Cuscatlán', 'Cojutepeque', 'URB. SAN ERNESTO POL. F PASAJE E FINAL 5 CALLE ORIENTE 2 SANTA A', 'DR. EN MEDICINA', 969.15, 'Activo', 2, 1, '2017-01-19', 7, '6'),
(81, '067', 'JULISA ESTELA HERNANDEZ  DE HERNANDEZ', '00221824-3', '0702-160173-101-3', 'COJUTEPEQUE', '2015-02-11', 'COJUTEPEQUE', '1973-01-16', 'Savadoreño/a', 'Casado/a', 'Cuscatlán', 'Cojutepeque', 'COL. FUENTES 2 CALLE PPAL. No. 17 COJUTEPEQUE', 'TEC. EN ENFERMERIA', 728.97, 'Activo', 2, 1, '2017-01-19', 7, '6'),
(82, '068', 'MARIA CECILIA FLORES DE MORALES', '00322663-9', '1007-180272-101-6', 'COJUTEPEQUE', '2010-02-09', 'SAL ILDEFONSO SAN VICENTE', '1972-02-18', 'Savadoreño/a', 'Casado/a', 'Cuscatlán', 'Cojutepeque', 'COL. EL SALVADOR, AV. OJO DE AGUA, CAS No. 5B, COJUTEPEQUE', 'LIC. EN TRABAJO SOCIAL', 914.41, 'Activo', 2, 1, '2017-01-19', 7, '6'),
(83, '069', 'GILMA ISABEL LOPEZ DE LIMA', '03542893-2', '0703-170586-102-0', 'COJUTEPEQUE', '2015-07-14', 'EL CARMEN CUSCATLÀN', '1986-05-17', 'Savadoreño/a', 'Casado/a', 'Cuscatlán', 'Cojutepeque', 'MONTES DE SAN BARTOLO 4, PJE. 35, CASA No. 36, SOYAPANGO', 'LIC. EN ADMINISTRACIÒN DE EMPRESAS', 635, 'Activo', 2, 1, '2017-01-19', 7, '6'),
(84, '070', 'SARBELIO ROGEL SIGUI', '00302910-0', '0614-110252-102-6', 'COJUTEPEQUE', '2015-05-09', 'SAN SALVADOR', '1952-02-11', 'Savadoreño/a', 'Casado/a', 'Cuscatlán', 'Cojutepeque', 'REP. LOMA LINDA CALLE PANAMERICANA KM 211/2 PJE. 1 BLOCK C CASA NO. 44 SAN PEDRO PERULAPAN', 'EMPLEADO', 916, 'Activo', 2, 1, '2017-01-19', 7, '6'),
(85, '071', 'MARIA ALICIA RIVAS MUÑOZ', '02051646-1', '0711-230974-101-1', 'COJUTEPEQUE', '2010-09-08', 'SAN RAFAEL CEDROS', '1974-09-23', 'Savadoreño/a', 'Soltero/a', 'Cuscatlán', 'Cojutepeque', 'CARRETERA PANAMERICANA KM.34, CASA 23, COJUTEPEQUE', 'ENFERMERA', 1, 'Activo', 2, 1, '2017-01-19', 7, '6'),
(86, '072', 'CONCEPCION DE MARIA GOMEZ', '01578213-8', '1001-011280-106-9', 'SAN VICENTE', '2010-12-23', 'APASTEPEQUE', '1980-12-01', 'Savadoreño/a', 'Soltero/a', 'Cuscatlán', 'Cojutepeque', 'COL. LOS ANGELES, 3a. AV. NORTE , CASA No. 2B, APASTEPEQUE', 'ESTUDIANTE', 754.52, 'Activo', 2, 1, '2017-01-19', 7, '6'),
(87, '073', 'MARIA CRISTINA CRESPIN', '03915643-0', '0903-110488-102-0', 'SOYAPANGO', '2016-04-26', 'ILOBASCO', '1988-04-11', 'Savadoreño/a', 'Soltero/a', 'Cuscatlán', 'Cojutepeque', 'COL. EL PORVENIR CALLE A MENJIVAR, CASA 60 ILOBASCO', 'TEC. EN ENFERMERIA', 657.25, 'Activo', 2, 1, '2017-01-19', 7, '6'),
(88, '074', 'DARIO EDAN GONZALEZ BENITEZ', '01063580-7', '1205-210580-102-0', 'SAN SALVADOR', '2010-08-04', 'CHINAMECA', '1980-05-21', 'Savadoreño/a', 'Casado/a', 'Cuscatlán', 'Cojutepeque', 'COL. EL ENCANTO, 37 CALLE OTE. SAN SALVADOR', 'ODONTOLOGO', 1, 'Activo', 2, 1, '2017-01-19', 7, '6'),
(89, '075', 'SILVIA ARACELY MARTINEZ TORRES', '00850857-3', '0702-160583-103-9', 'COJUTEPEQUE', '2012-12-03', 'COJUTEPEQUE', '1983-05-16', 'Savadoreño/a', 'Casado/a', 'Cuscatlán', 'Cojutepeque', 'KM 51/2, CALLE A TONACATEPEQUE, CANTON LA UNION', 'EMPLEADA', 716, 'Activo', 2, 1, '2017-02-09', 8, '6'),
(90, '076', 'NORA ABIGAÌL MARTINEZ ARTIGA', '01102487-1', '0702-110582-104-5', 'SOYAPANGO', '2010-05-11', 'COJUTEPEQUE', '1982-05-11', 'Savadoreño/a', 'Soltero/a', 'Cuscatlán', 'Cojutepeque', 'COL. SANTA LUCIA BLOCK C COJUTEPEQUE', 'ESTUDIANTE', 715, 'Activo', 2, 1, '2017-02-09', 8, '6'),
(91, '077', 'ALVARO JAVIER REYES GALDAMEZ', '01880245-8', '0816-120271-101-7', 'COJUTEPEQUE', '2016-11-16', 'SAN PEDRO NONUALCO', '1971-02-12', 'Savadoreño/a', 'Casado/a', 'Cuscatlán', 'Cojutepeque', 'COL. DIAZ NUILA PJE. 2 CASA No. 10 COJUTEPEQUE', 'CONTADOR', 486.27, 'Activo', 2, 1, '2017-02-09', 8, '6'),
(92, '078', 'LUIS ALBERTO IRAHETA PEREZ', '00148388-7', '0702-160179-102-4', 'COJUTEPEQUE', '2010-01-21', 'COJUTEPEQUE', '1979-01-16', 'Savadoreño/a', 'Casado/a', 'Cuscatlán', 'Cojutepeque', 'COL. EL PROGRESO CALLE AL CARRIZAL, CASA No. 16, COJUTEPEQUE', 'EMPLEADO', 670.79, 'Activo', 2, 1, '2017-02-09', 8, '6'),
(93, '079', 'OSMIN BARAHONA FLORES', '01063737-0', '1001-200569-101-6', 'SAN VICENTE', '2016-10-01', 'APASTEPEQUE', '1969-05-20', 'Savadoreño/a', 'Casado/a', 'Cuscatlán', 'Cojutepeque', 'COL. ESPIGA DE ORO 5o. PASAJE CASA 3-A, SAN VICENTE', 'TECNOLOGO EN ANESTESIOLOGÌA', 1, 'Activo', 2, 1, '2017-02-09', 8, '6'),
(94, '080', 'MARIA EVELYN MARTINEZ DE MUÑOZ', '01581739-9', '0702-050881-105-1', 'COJUTEPEQUE', '2014-08-01', 'COJUTEPEQUE', '1981-08-05', 'Savadoreño/a', 'Casado/a', 'Cuscatlán', 'Cojutepeque', 'REPTO. LA ALAMEDAS, PJE. 5 POL. 2 CASA 1 COJUTEPEQUE', 'EMPLEADA', 704, 'Activo', 2, 1, '2017-02-27', 9, '5'),
(95, '081', 'JUAN JOSE MUÑOZ', '02198858-0', '0716-251074-101-9', 'COJUTEPEQUE', '2015-08-07', 'TENANCINGO', '1974-10-25', 'Savadoreño/a', 'Casado/a', 'Cuscatlán', 'Cojutepeque', 'REPTO. LAS ALAMEDAS, LOT. LAS MORENITAS, PJE. 5, POL. 2, CASA 1 COJUTEPEQUE', 'EMPLEADO', 744.66, 'Activo', 2, 1, '2017-02-27', 9, '5'),
(96, '082', 'MARTA ODILIA FUENTES DURAN', '02939247-4', '0702-200259-002-6', 'COJUTEPEQUE', '2017-01-06', 'COJUTEPEQUE', '1999-02-20', 'Savadoreño/a', 'Divorciado/a', 'Cuscatlán', 'Cojutepeque', 'COL. VISTA HERMOSA 1 BLOCK B CASA N. 6 COJUTEPEQUE', 'AUX- DE ENFERMERIA', 1527.72, 'Activo', 2, 1, '2017-02-27', 9, '5'),
(97, '083', 'KARINA LEONOR MARTINEZ SALAZAR', '01763280-0', '0705-050981-101-9', 'COJUTEPEQUE', '2016-01-01', 'MONTE SAN JUAN', '1959-09-05', 'Savadoreño/a', 'Divorciado/a', 'Cuscatlán', 'Cojutepeque', 'COL. DIAZ SAN PERA PJE. 1 CASA 9 COJUTEPEQUE', 'EMPLEADA', 730.33, 'Activo', 2, 1, '2017-03-13', 10, '5'),
(98, '084', 'ANA DEYSI  ROSALES DE SANCHEZ', '00429553-4', '0702-040265-101-2', 'COJUTEPEQUE', '2017-03-22', 'COJUTEPEQUE', '1981-02-04', 'Savadoreño/a', 'Casado/a', 'Cuscatlán', 'Cojutepeque', 'URB. CIMAS DE SAN BARTOLO 2 PJE. 44 GRUPO 66 CASA NO. 7 TONACATEPEQUE\n', 'TECNICO EN ENFERMERIA', 1043, 'Activo', 2, 1, '2017-03-13', 10, '5'),
(99, '085', 'RONALD ALBERTO GUARDADO OLIVA', '04765202-6', '0702-010991-104-2', 'COJUTEPEQUE', '2010-10-26', 'COJUTEPEQUE', '1965-09-01', 'Savadoreño/a', 'Soltero/a', 'Cuscatlán', 'Cojutepeque', 'COL. SANTA LUCIA, CALLEPRINCIPAL BLOCK D CASA 17 COJUTEPEQUE', 'EMPLEADO', 330.75, 'Activo', 2, 1, '2017-03-13', 10, '5'),
(100, '086', 'JUAN HERNANDEZ VIDES', '02394709-3', '0705-271264-001-1', 'COJUTEPEQUE', '2016-10-22', 'MONTE SAN JUAN', '1991-12-27', 'Savadoreño/a', 'Casado/a', 'Cuscatlán', 'Cojutepeque', 'CANTO CORAL VIEJO ARRIBA TENANCINGO', 'EMPLEADO', 930, 'Activo', 2, 1, '2017-03-13', 10, '5'),
(101, '087', 'YUDITH GUADALUPE TORRES DE NIETO', '01091582-5', '0618-090181-101-6', 'SOYAPANGO', '2015-11-26', 'TONACATEPEQUE', '1981-01-09', 'Savadoreño/a', 'Casado/a', 'Cuscatlán', 'Cojutepeque', 'C/ LA LOMA KM 21 SAN PEDRO PERULAPAN', 'EMPLEADA', 347.29, 'Activo', 2, 1, '2017-04-05', 11, '5'),
(102, '088', 'ADALINDA RIVERA MEDINA', '00093997-4', '0903-291275-101-7', 'SENSUNTEPEQUE', '2010-12-22', 'ILOBASCO ', '1975-12-29', 'Savadoreño/a', 'Casado/a', 'Cuscatlán', 'Cojutepeque', 'BO. EL CALVARIO, KM 29 SAN ISIDRO CABAÑAS', 'AUX. DE ENFERMERIA', 767.72, 'Activo', 2, 1, '2017-11-05', 11, '5'),
(103, '089', 'MARIA ELENA CORNEJO FLORES', '02531060-8', '0702-170175-101-1', 'COJUTEPEQUE', '2013-09-24', 'COJUTEPEQUE', '1975-01-17', 'Savadoreño/a', 'Divorciado/a', 'Cuscatlán', 'Cojutepeque', 'BO. SAN JOSE AV. RAUL CONTRERAS, CASANo. 28, COJUTEPEQUE', 'SECRETARIA', 416, 'Activo', 2, 1, '2017-05-08', 12, '5');

-- --------------------------------------------------------

--
-- Estructura de tabla para la tabla `tab_beneficiario`
--

CREATE TABLE `tab_beneficiario` (
  `beneficiario_nombre` varchar(200) NOT NULL,
  `beneficiario_direccion` text NOT NULL,
  `beneficiario_parentezco` varchar(100) NOT NULL,
  `beneficiario_porcentaje` float NOT NULL,
  `beneficiario_asociadoid` int(11) NOT NULL
) ENGINE=InnoDB DEFAULT CHARSET=utf8;

--
-- Volcado de datos para la tabla `tab_beneficiario`
--

INSERT INTO `tab_beneficiario` (`beneficiario_nombre`, `beneficiario_direccion`, `beneficiario_parentezco`, `beneficiario_porcentaje`, `beneficiario_asociadoid`) VALUES
('Iris Yaneth Moreno de Duràn', 'Colonia Dìaz Nuila Cojutepeque', 'Prima', 100, 18),
('Sonia Yamilet Argueta', 'La misma', 'Hermana', 100, 19),
('MAYRA MORENA REYES DE RECINOS', 'LA MISMA', 'MADRE', 100, 20),
('INGRID IDALIA MEJIA CAMPOS', 'LA MISMA', 'COMPAÑERA DE VIDA', 50, 21),
('CARMEN SALES', 'LA MISMA', 'MADRE', 50, 21),
('RENE ALEXANDER AGUILAR RIVAS', '', 'Esposo', 100, 22),
('DILCIA CAROLINA GUTIERREZ', '', 'Hermana', 50, 23),
('MARIA YOLANDA GUTIERREZ', 'LA MISMA', 'MADRE', 50, 23),
('ANA ISABEL VENTURA RIVERA', 'RESIDENCIAL SANTA TERESA SANTA TECLA', 'HERMANA', 100, 24),
('CRISTIAN JOEL MEJIA QUEZADA', '', 'SOBRINO', 100, 25),
('CARLOS ARMANDO DOMINGUEZ', 'LA MISMA', 'HIJO', 50, 26),
('CARLOS RENE DOMINGUEZ', 'LA MISMA', 'HIJO', 50, 26),
('BLANCA AZUCENA ESPINOLA', 'LA MISMA', 'MADRE', 50, 27),
('BRYSEYDA BERENICE DE LEON', 'LA MISMA', 'HIJA', 50, 27),
('CESAR ALEJANDRO ROMERO ', 'LA MISMA', 'HIJO', 30, 28),
('MIRELY GUADALUPE JOVEL MEJIA', 'LAMISMA', 'HIJA', 35, 28),
('CARLOS ENRIQUE JOVEL MEJIA', 'LA MISMA', 'HIJO', 35, 28),
('BRENDA LIZETTE RECINOS DE VENTURA', 'LA MISMA', 'ESPOSA', 100, 29),
('FRANCISCO HENRIQUEZ', 'LA MISMA', 'PADRE', 50, 30),
('MARIA ADELA DE HENRIQUEZ', 'LA MISMA', 'MADRE', 50, 30),
('MIRIAM ALICIA ARGUETA DE RIVERA', 'AV. SAN LORENZO Y AV. SAN JOSE CASA E-4, COL EL REFUGIO S.S.', 'HERMANA', 100, 31),
('ANDREA CAROLINA ALEMÀN GUILLEN', 'LA MISMA', 'HIJA', 100, 32),
('FATIMA GRISELDA ORTIZ MANZANARES', 'LA MISMA', 'HIJA', 50, 33),
('ROBERTO ANTONIO ORTIZ', 'LA MISMA', 'HIJO', 50, 33),
('MARIA JULIA MARTINEZ', 'LA MISMA', 'MADRE', 100, 34),
('FATIMA ALESSANDRA PEREZ OSORIO', 'LA MISMA', 'HIJA', 35, 35),
('ARIADNE ZULEYBI PEREZ OSORIO', 'LA MISMA', 'HIJA', 35, 35),
('ELMER VALDIMIR PEREZ BELTRAN', 'LA MISMA', 'ESPOSO', 30, 35),
('FERNANDA SOPHIA PEREZ', 'LA MISMA', 'HIJA', 35, 36),
('DANIEL ALESSANDRO PEREZ', 'LA MISMA', 'HIJO', 35, 36),
('DANIEL ALESSANDRO PEREZ', 'LA MISMA', 'ESPOSO', 30, 36),
('DINORA SOFIA ABARCA', 'LA MISMA', 'HIJA', 40, 37),
('JULIO MAURICIO ABARCA', 'LA MISMA', 'HIJO', 30, 37),
('JOSE DANIEL ABARCA', 'LA MISMA', 'HIJO', 30, 37),
('RONY FERNANDO AZUCENA ', 'LA MISMA', 'COMPAÑERO DE VIDA', 100, 38),
('IXCHELL MARIA MEDRANO CANTARELY', 'LA MISMA', 'COMPAÑERA DE VIDA', 100, 39),
('JOSE FRANCISCO CONSTANZA', 'LA MISMA', 'HERMANO', 50, 40),
('MARIA ARGUETA VDA. DE CONSTANZA', 'LA MISMA', 'MADRE', 50, 40),
('GRISELDA HIDALGO CABRERA', 'LA MISMA', 'SOBRINA', 100, 41),
('MARIA LUCIA SIBRIAN', 'LA MISMA', 'ESPOSA', 100, 42),
('ROCIO LISSETH HERNANDEZ', 'LA MISMA', 'HIJA', 50, 43),
('KARLA MARIA TORRES GARCÌA', 'LA MISMA', 'HIJA', 50, 43),
('BRENDA MARCELA NUILA', 'LA MISMA', 'COMPAÑERA DE VIDA', 50, 44),
('VALERIA FERNANDA RODRIGUEZ NUILA', 'LA MISMA', 'HIJA', 50, 44),
('RAFAEL ANTONIO PALACIOS MARTINEZ', 'LA MISMA', 'HIJO', 50, 45),
('GERSON ELI PALACIOS', 'LA MISMA', 'NIETO', 50, 45),
('MARTHA MARIA CERON DE MARTINEZ', 'COL. DIAZ NUILA COJUTEPEQUE', 'HIJA', 34, 46),
('JOSE CARLOS CERON LOPEZ', 'LA MISMA', 'HIJO', 33, 46),
('JUAN ALIRIO CERON LOPEZ', 'LA MISMA', 'HIJO', 33, 46),
('JOSE NAVIDAD MARTINEZ JUAREZ', 'LA MISMA', 'ESPOSO', 100, 47),
('MANUEL EDGARDO LOPEZ PARADA', 'LA MISMA', 'ESPOSO', 30, 48),
('STHEPPANY MERCEDES LOPEZ VIERA', 'LA MISMA', 'HIJA', 35, 48),
('MANUEL EDGARDO LOPEZ VIERA', 'LA MISMA', 'HIJO', 35, 48),
('BEATRIZ DEL CARMEN NUÑEZ', 'COL. SANTA FE, POL.F No.19, SAN MARTIN', 'MADRE', 100, 49),
('GRACIA MARIA MENJIVAR ESCOBAR', 'LA MISMA', 'HIJA', 100, 50),
('ALEJANDRA YANETH ALFARO MARTINEZ', 'LA MISMA', 'HIJA', 50, 51),
('NULIA LORENA ALFARO MARTINEZ', 'LA MISMA', 'HIJA', 50, 51),
('AYUMY CHARLOTTE REYES ', 'LA MISMA', 'HIJA', 100, 52),
('CONSUELO ESCOBAR', 'LA MISMA', 'HIJA', 34, 53),
('EDGARD ADOLFO ESCOBAR', 'LA MISMA', 'HIJO', 33, 53),
('AIDA MARIA FLORES', 'LA MISMA', 'ESPOSA', 33, 53),
('BLANCA IDALIA DE MELGAR', 'LA MISMA', 'ESPOSA', 50, 54),
('HAYDEE MELGAR VASQUEZ', 'LA MISMA', 'HIJA', 50, 54),
('ESTHER E. DE PLEITEZ', 'LA MISMA', 'HIJA', 50, 55),
('JOSE ADELIO CASTILLO', 'LA MISMA', 'ESPOSO', 50, 55),
('KEVIN ALFREDO HENRIQUEZ', 'LA MISMA', 'HIJO', 25, 56),
('ASTRID HENRIQUEZ', 'LA MISMA', 'HIJA', 25, 56),
('SOFIA PEREZ HENRIQUEZ', 'LA MISMA', 'NIETA', 25, 56),
('CARLOS HENRIQUEZ', 'LA MISMA', 'HIJO', 25, 56),
('VICTOR MANUEL ESQUIVEL', 'LA MISMA', 'ESPOSO', 20, 57),
('NANCY YAJAIRA ESQUIVEL', 'LA MISMA', 'HIJA', 40, 57),
('FATIMA VICTORIA ESQUIVEL', 'LA MISMA', 'HIJA', 40, 57),
('SILVIA VICTORIA PARADA PEREZ', 'LA MISMA', 'HERMANA', 100, 58),
('ARMINDA MARISEL PACHECHO', 'COLONIA DANILO SAN MARCOS', 'AMIGA', 100, 59),
('RICARDO ANTONIO MARTINEZ', 'LA MISMA', 'PADRE', 34, 60),
('MARGOTH FERNANDEZ DE MARTINEZ', 'LA MISMA', 'MADRE', 33, 60),
('DAVID ERNESTO GUZMAN', 'LA MISMA', 'ESPOSO', 33, 60),
('WALTER EMMANUEL ORELLANA', 'LA MISMA', 'ESPOSO', 50, 61),
('XIMENA VALENTINA ORELLANA', 'LA MISMA', 'HIJA', 50, 61),
('TERESA ELIZABETH HERNANDEZ ', 'LA MISMA', 'PRIMA', 50, 62),
('FABIOLA MICHELLE AYALA', 'LA MISMA', 'SOBRINA', 50, 62),
('FERNANDO ALFREDO NOLASCO', 'LA MISMA', 'HIJO', 50, 63),
('ANDREA NICOLE POLANCO', 'LA MISMA', 'HIJA', 50, 63),
('MARTIN DAGOBERTO MELGAR', 'LA MISMA', 'ESPOSO', 50, 64),
('ANA CAROLINA MELGAR', 'LA MISMA', 'HIJA', 25, 64),
('FERNANDO DAGOBERTO MELGAR', 'LA MISMA', 'HIJO', 25, 64),
('MIRIAM LILY ASCENCIO', 'ALTOS DE SAN RAMON', 'MADRE', 100, 65),
('LINDSAY ROCIO RAMOS ALFARO', 'LA MISMA', 'HIJA', 45, 66),
('MARJERY JHOSSYNED RAMOS ALFARO', 'LA MISMA', 'HIJA', 45, 66),
('ANGEL OTONIEL RAMOS ZÙNIGA', 'LA MISMA', 'ESPOSO', 10, 66),
('BRAYAN WALDIR MUÑOZ RAMIREZ', 'LA MISMA', 'HIJO', 40, 67),
('NANCY NAHOMY MUÑOZ RAMIREZ', 'LA MISMA', 'HIJA', 40, 67),
('SANTOS CECILIO MUÑOZ', 'LA MISMA', 'COMPAÑERO DE VIDA', 20, 67),
('MARIA TERESA DE POSADA', 'LA MISMA', 'MADRE', 100, 68),
('YEYMY ESPERANZA GÒMEZ MIRANDA CUBÌAS', 'COL. DIAZ NUILA, PJE. 5 CASA No. 4 COJUTEPEQUE', 'HIJA', 100, 69),
('ANGELA CHAVEZ DE HIDALGO', 'LA MISMA', 'MAMA', 50, 70),
('ADRIAN AVILES HIDALGO', 'LA MISMA', 'PAPA', 30, 70),
('SOFIA AVILES CHAVEZ', 'LA MISMA', 'HERMANA', 20, 70),
('EZEQUIEL ALEXANDER LOPEZ', 'LA MISMA', 'HIJO', 50, 71),
('DAVID DE JESUS LOPEZ', 'LA MISMA', 'ESPOSO', 50, 71),
('JORGE FAUSTINO MEJIA ESPINOZA', 'LA MISMA', 'COMPAÑERO DE VIDA', 30, 72),
('GABRIELA ALEXANDRA MEJIA LOPEZ', 'LA MISMA', 'HIJA', 35, 72),
('PAMELA ABIGAÌL MEJIA LOPEZ', 'LA MISMA', 'HIJA', 35, 72),
('KARLA MARICELA BURGOS', 'LA MISMA', 'HIJA', 50, 73),
('DORIS MARTINEZ', 'LA MISMA', 'CONYUGE', 50, 73),
('OSIEL ANTONIO BENAVIDES GARCÌA', 'NUEVA GUADALUPE', 'HERMANO', 20, 74),
('ARTURO ELIAS LEON PAIZ', 'NUEVA GUADALUPE', 'ESPOSO', 20, 74),
('CALEB BENJAMIN LEON BENAVIDES', 'NUEVA GUADALUPE', 'HIJO', 60, 74),
('ADOLFO ANTONIO HERNANDEZ ', 'C/ SAN PABLO SAN RAMON', 'COMPAÑERO DE VIDA', 50, 75),
('USIEL STEHEEV MONTOYA LOPEZ', 'LA MISMA', 'HIJO', 50, 75),
('RAUL ALFREDO MEDRANO', 'LA MISMA', 'COMPAÑERO DE VIDA', 50, 76),
('LUNETH ROSALIA RODRIGUEZ ', 'LA MISMA', 'HIJA', 50, 76),
('EDEL VANESA PANIAGUA DE ORELLANA', 'LA MISMA', 'ESPOSA', 100, 77),
('SINDY MIRELLA ROSALES HERNANDEZ', 'LA MISMA', 'HERMANA', 50, 78),
('JENNIFER CAROLINA SIERRA HERNANDEZ', 'LA MISMA', 'SOBRINA', 50, 78),
('KENIA IBETH LOPEZ VENTURA', 'LA MISMA', 'HERNAMA', 25, 79),
('XIOMARA MAGDALENA LOPEZ VENTURA', 'LA MISMA', 'HERMANA', 25, 79),
('MAXIMO JOSUE LOPEZ VENTURA', 'LA MISMA', 'HERMANA', 50, 79),
('ANA EVELYN AVILA MARROQUIN', 'LA MISMA', 'ESPOSA', 100, 80),
('JULISSA GUADALUPE HERNANDEZ', 'LA MISMA', 'HIJA', 50, 81),
('ADRIANA MELISSA HERNANDEZ', 'LA MISMA', 'HIJA', 50, 81),
('JUAN PABLO MORALES', 'LA MISMA', 'ESPOSO', 30, 82),
('ELIDA PAOLA MORALES', 'LA MISMA', 'HIJA', 35, 82),
('PERLA MARIA MORALES', 'LA MISMA', 'HIJA', 35, 82),
('SALVADOR LIMA SOLIS', 'LA MISMA', 'ESPOSO', 100, 83),
('TERESA MELIDA RAMIREZ DE ROGEL', 'LA MISMA', 'ESPOSA', 100, 84),
('JAVIER BENJAMÌN HERNANDEZ', 'LA MISMA', 'ESPOSO', 20, 85),
('BRAYAN RIVAS', 'LA MISMA', 'HIJO', 20, 85),
('CARLOS RIVAS', 'LA MISMA', 'HIJO', 20, 85),
('ALEJANDRO HERNANDEZ', 'LA MISMA', 'HIJO', 20, 85),
('MARIO ERNESTO ALEMAN', 'LA MISMA', 'HIJO', 75, 86),
('MARIA SUSANA GOMEZ', 'LA MISMA', 'MAMA', 25, 86),
('JUANA GONZALEZ', 'LA MISMA', 'MAMA', 50, 87),
('VALERIA SOFIA CRESPIN GONZALEZ', 'LA MISMA', 'HIJA', 50, 87),
('CARMEN CELIA OSORIO DE GONZALEZ', 'LA MISMA', 'ESPOSA', 100, 88),
('MARTA LOLINDA MORALES', '1A. CALLE OTE. BARRIO SANTA LUCIA COJUTEPEQUE', 'MADRE', 50, 89),
('LUIS ALONSO TORRES', 'LA MISMA', 'ESPOSO', 50, 89),
('NORA IDALIA ARTIGA ', 'LA MISMA', 'MAMA', 50, 90),
('REINALDO MARTINEZ', 'LA MISMA', 'PAPA', 50, 90),
('FLOR DEL CARMEN BERMUDEZ', 'LA MISMA', 'ESPOSA', 40, 91),
('JESSICA ALEJANDRA REYES', 'LA MISMA', 'HIJA', 30, 91),
('KATHERINE ELIZABETH REYES', 'LA MISMA', 'HIJA', 30, 91),
('KIMBERLY VANESSA IRAHETA', 'LA MISMA', 'HIJA', 25, 92),
('JAQUELINE LISETH IRAHETA', 'LA MISMA', 'HIJA', 25, 92),
('LUIS STEVEN IRAHETA', 'LA MISMA', 'HIJO', 25, 92),
('KEVIN ALBERTO IRAHETA', 'LA MISMA', 'HIJO', 25, 92),
('ANA DEYSI ALFARO', 'LA MISMA', 'ESPOSA', 50, 93),
('DARLYN JULISSA BARAHONA', 'LA MISMA', 'HIJA', 50, 93),
('JUAN JOSE MUÑOZ', 'LA MISMA', 'ESPOSO', 50, 94),
('MARTA LUZ MUÑOZ', 'LA MISMA', 'SUEGRA', 50, 94),
('MARTA LUZ MUÑOZ', 'LA MISMA', 'MADRE', 25, 95),
('MARIA EVELYN MARTINEZ', 'LA MISMA', 'ESPOSA', 25, 95),
('GENESIS ANNELISS MUÑOZ', 'LA MISMA', 'HIJA', 25, 95),
('JOSE ISAAC MUÑOZ', 'LA MISMA', 'HIJO', 25, 95),
('MARIO NELSON MARROQUIN', '', 'HIJO', 100, 96),
('JHOSELIN ABIGAIL CHAVEZ MARTINEZ', '', 'HIJA', 100, 97),
('SANDRA ELIZABETH AYALA', 'B. EL CALVARIO CALLE A LA LAGUNA COJUTEPEQUE', 'CUÑADA', 100, 98),
('ANA MIRIAM OLIVA', 'LA MISMA', 'MADRE', 50, 99),
('JULIO ALBERTO GUARDADO RAMOS', 'LA MISMA', 'PADRE', 50, 99),
('MISAEL DE JESUS HERNANDEZ IRAHETA', 'LA MISMA', 'HIJO', 25, 100),
('NELSON DAVID HERNANDEZ IRAHETA', 'LA MISMA', 'HIJO', 25, 100),
('ELMER ADAN HERNANDEZ IRAHETA', '', 'HIJO', 25, 100),
('NUVIA ESTELA IRAHETA DE HERNANDEZ', 'LA MISMA', 'ESPOSA', 25, 100),
('ROSA A. MARROQUIN DE TORRES', 'C/ LAS DELICIAS SAN MARTIN', 'MADRE', 25, 101),
('MIGUEL ANGEL NIETO AGUILLON', 'C/ LA LOMA SAN PEDRO PERULAPAN KM 21', 'ESPOSO', 25, 101),
('ADRIANA GUADALUPE NIETO TORRES', 'LA MISMA', 'HIJA', 25, 101),
('LUIS ANGEL NIETO TORRES', 'LA MISMA', 'HIJO', 25, 101),
('NOE CARLOS MEDINA RIVERA', 'LA MISMA', 'HIJO', 50, 102),
('DILAN MATEO MEDINA RIVERA', 'LA MISMA', 'HIJO', 50, 102),
('MARIA DEL ROSARIO FLORES', 'LA MISMA', 'MADRE', 50, 103),
('MARIE BERENICE ALFARO', 'LA MISMA', 'HIJA', 50, 103),
('Alvaro Henriquez  Hernàndez', 'la misma', 'Esposo', 30, 17),
('Alvaro Enrique Hernàndez Viera', 'la misma', 'Hijo', 35, 17),
('Joselyn Eunice Hernàndez Viera', 'la misma', 'Hija', 35, 17),
('Baltazar Ismael Màrmol Ventura', '', 'Hijo', 50, 15),
('Alexander Ernesto Màrmol Ventura', 'La misma', 'Hijo', 50, 15),
('Marìa Cristina Vàsquez', 'La misma', 'Madre', 35, 16),
('Karla Susana Peña Vàsquez', 'La misma', 'Hija', 35, 16),
('Felipe Peña Hernàndez', 'La misma', 'Esposo', 30, 16);

-- --------------------------------------------------------

--
-- Estructura de tabla para la tabla `tab_calculo`
--

CREATE TABLE `tab_calculo` (
  `calculos_correla` int(11) NOT NULL,
  `calculos_id` varchar(50) NOT NULL,
  `calculos_cuota` double NOT NULL,
  `calculos_amortizacion` float NOT NULL,
  `calculos_intereses` float NOT NULL,
  `calculos_monto` float NOT NULL
) ENGINE=InnoDB DEFAULT CHARSET=utf8;

--
-- Volcado de datos para la tabla `tab_calculo`
--

INSERT INTO `tab_calculo` (`calculos_correla`, `calculos_id`, `calculos_cuota`, `calculos_amortizacion`, `calculos_intereses`, `calculos_monto`) VALUES
(1549, '15/Jul/2017 || Cuota #1', 26.44, 16.44, 10, 483.56),
(1550, '15/Ago/2017 || Cuota #2', 26.44, 16.77, 9.67, 466.79),
(1551, '15/Sep/2017 || Cuota #3', 26.44, 17.1, 9.34, 449.69),
(1552, '15/Oct/2017 || Cuota #4', 26.44, 17.45, 8.99, 432.24),
(1553, '15/Nov/2017 || Cuota #5', 26.44, 17.8, 8.64, 414.44),
(1554, '15/Dic/2017 || Cuota #6', 26.44, 18.15, 8.29, 396.29),
(1555, '15/Ene/2018 || Cuota #7', 26.44, 18.51, 7.93, 377.78),
(1556, '15/Feb/2018 || Cuota #8', 26.44, 18.88, 7.56, 358.9),
(1557, '15/Mar/2018 || Cuota #9', 26.44, 19.26, 7.18, 339.64),
(1558, '15/Abr/2018 || Cuota #10', 26.44, 19.65, 6.79, 319.99),
(1559, '15/May/2018 || Cuota #11', 26.44, 20.04, 6.4, 299.95),
(1560, '15/Jun/2018 || Cuota #12', 26.44, 20.44, 6, 279.51),
(1561, '15/Jul/2018 || Cuota #13', 26.44, 20.85, 5.59, 258.66),
(1562, '15/Ago/2018 || Cuota #14', 26.44, 21.27, 5.17, 237.39),
(1563, '15/Sep/2018 || Cuota #15', 26.44, 21.69, 4.75, 215.7),
(1564, '15/Oct/2018 || Cuota #16', 26.44, 22.13, 4.31, 193.57),
(1565, '15/Nov/2018 || Cuota #17', 26.44, 22.57, 3.87, 171),
(1566, '15/Dic/2018 || Cuota #18', 26.44, 23.02, 3.42, 147.98),
(1567, '15/Ene/2019 || Cuota #19', 26.44, 23.48, 2.96, 124.5),
(1568, '15/Feb/2019 || Cuota #20', 26.44, 23.95, 2.49, 100.55),
(1569, '15/Mar/2019 || Cuota #21', 26.44, 24.43, 2.01, 76.12),
(1570, '15/Abr/2019 || Cuota #22', 26.44, 24.92, 1.52, 51.2),
(1571, '15/May/2019 || Cuota #23', 26.44, 25.42, 1.02, 25.78),
(1572, '15/Jun/2019 || Cuota #24', 26.3, 25.78, 0.52, 0),
(1573, 'Totales', 634.42, 500, 134.42, 634.42);

-- --------------------------------------------------------

--
-- Estructura de tabla para la tabla `tab_capital`
--

CREATE TABLE `tab_capital` (
  `capital_id` int(11) NOT NULL,
  `capital_anio` smallint(6) NOT NULL,
  `capital_fecha` date NOT NULL,
  `capital_concepto` text NOT NULL,
  `capital_deposito` float NOT NULL,
  `capital_retiro` float NOT NULL,
  `capital_saldo` float NOT NULL,
  `capital_sucursalid` int(11) NOT NULL
) ENGINE=InnoDB DEFAULT CHARSET=utf8;

-- --------------------------------------------------------

--
-- Estructura de tabla para la tabla `tab_cotitular`
--

CREATE TABLE `tab_cotitular` (
  `cotitular_nombre` varchar(200) NOT NULL,
  `cotitular_dui` varchar(10) NOT NULL,
  `cotitular_nit` varchar(20) NOT NULL,
  `cotitular_asociadoid` int(11) NOT NULL
) ENGINE=InnoDB DEFAULT CHARSET=utf8;

-- --------------------------------------------------------

--
-- Estructura de tabla para la tabla `tab_credito`
--

CREATE TABLE `tab_credito` (
  `credito_id` int(11) NOT NULL,
  `credito_monto` float NOT NULL,
  `credito_cuota` float NOT NULL,
  `credito_fechacontrato` date NOT NULL,
  `credito_fechapago` date NOT NULL,
  `credito_plazo` smallint(6) NOT NULL,
  `credito_fechafin` date NOT NULL,
  `credito_estado` varchar(50) NOT NULL,
  `credito_solicitudcreditoid` int(11) NOT NULL,
  `credito_tipocreditoid` int(11) NOT NULL
) ENGINE=InnoDB DEFAULT CHARSET=utf8;

--
-- Volcado de datos para la tabla `tab_credito`
--

INSERT INTO `tab_credito` (`credito_id`, `credito_monto`, `credito_cuota`, `credito_fechacontrato`, `credito_fechapago`, `credito_plazo`, `credito_fechafin`, `credito_estado`, `credito_solicitudcreditoid`, `credito_tipocreditoid`) VALUES
(1, 500, 0, '2017-11-24', '2017-06-30', 1, '2017-12-24', 'En espera', 1, 1),
(2, 800, 0, '2017-07-29', '2017-06-20', 36, '2020-07-29', 'En espera', 2, 1);

-- --------------------------------------------------------

--
-- Estructura de tabla para la tabla `tab_credito_movimiento`
--

CREATE TABLE `tab_credito_movimiento` (
  `creditomovimiento_id` int(11) NOT NULL,
  `creditomovimiento_fecha` date NOT NULL,
  `creditomovimiento_deposito` float NOT NULL,
  `creditomovimiento_retiro` float NOT NULL,
  `creditomovimiento_interes` float NOT NULL,
  `creditomovimiento_capital` float NOT NULL,
  `creditomovimiento_saldo` float NOT NULL,
  `creditomovimiento_creditoid` int(11) NOT NULL
) ENGINE=InnoDB DEFAULT CHARSET=utf8;

-- --------------------------------------------------------

--
-- Estructura de tabla para la tabla `tab_cuenta`
--

CREATE TABLE `tab_cuenta` (
  `cuenta_id` varchar(11) NOT NULL,
  `cuenta_fechaapertura` date NOT NULL,
  `cuenta_estado` varchar(50) NOT NULL,
  `cuenta_asociadoid` int(11) NOT NULL,
  `cuenta_tipocuentaid` int(11) NOT NULL
) ENGINE=InnoDB DEFAULT CHARSET=utf8;

--
-- Volcado de datos para la tabla `tab_cuenta`
--

INSERT INTO `tab_cuenta` (`cuenta_id`, `cuenta_fechaapertura`, `cuenta_estado`, `cuenta_asociadoid`, `cuenta_tipocuentaid`) VALUES
('01-01-001', '2016-07-12', 'Activada', 15, 19),
('01-01-002', '2016-07-12', 'Activada', 16, 19),
('01-01-003', '2016-07-12', 'Activada', 17, 19),
('01-01-004', '2016-07-12', 'Activada', 18, 19),
('01-01-005', '2016-07-12', 'Activada', 19, 19),
('01-01-006', '2016-07-12', 'Activada', 20, 19),
('01-01-007', '2016-07-12', 'Activada', 21, 19),
('01-01-008', '2016-07-12', 'Activada', 22, 19),
('01-01-009', '2016-07-12', 'Activada', 23, 19),
('01-01-010', '2016-07-12', 'Activada', 24, 19),
('01-01-011', '2016-07-12', 'Activada', 25, 19),
('01-01-012', '2016-07-12', 'Activada', 26, 19),
('01-01-013', '2016-07-12', 'Activada', 27, 19),
('01-01-014', '2016-07-12', 'Activada', 28, 19),
('01-01-015', '2016-07-12', 'Activada', 29, 19),
('01-01-016', '2016-07-12', 'Activada', 30, 19),
('01-01-017', '2016-07-12', 'Activada', 31, 19),
('01-01-018', '2016-07-12', 'Activada', 32, 19),
('01-01-019', '2016-07-12', 'Activada', 33, 19),
('01-01-020', '2016-07-12', 'Activada', 34, 19),
('01-01-021', '2016-07-12', 'Activada', 35, 19),
('01-01-022', '2016-07-12', 'Activada', 36, 19),
('01-01-023', '2016-07-12', 'Activada', 37, 19),
('01-01-024', '2016-07-12', 'Activada', 38, 19),
('01-01-025', '2016-07-12', 'Activada', 39, 19),
('01-01-026', '2016-07-12', 'Activada', 40, 19),
('01-01-027', '2016-07-12', 'Activada', 41, 19),
('01-01-028', '2016-07-12', 'Activada', 42, 19),
('01-01-029', '2016-07-12', 'Activada', 43, 19),
('01-01-030', '2016-07-12', 'Activada', 44, 19),
('01-01-031', '2016-07-12', 'Activada', 45, 19),
('01-01-032', '2016-07-12', 'Activada', 46, 19),
('01-01-033', '2016-07-12', 'Activada', 47, 19),
('01-01-034', '2016-07-12', 'Activada', 48, 19),
('01-01-035', '2016-07-12', 'Activada', 49, 19),
('01-01-036', '2016-07-12', 'Activada', 50, 19),
('01-01-037', '2016-07-12', 'Activada', 51, 19),
('01-01-038', '2016-07-12', 'Activada', 52, 19),
('01-01-039', '2016-07-12', 'Activada', 53, 19),
('01-01-040', '2016-07-12', 'Activada', 54, 19),
('01-01-041', '2016-07-12', 'Activada', 55, 19),
('01-01-042', '2016-07-12', 'Activada', 56, 19),
('01-01-043', '2016-07-12', 'Activada', 57, 19),
('01-01-044', '2016-07-12', 'Activada', 58, 19),
('01-01-045', '2016-07-12', 'Activada', 59, 19),
('01-01-046', '2016-12-21', 'Activada', 60, 19),
('01-01-047', '2016-11-23', 'Activada', 61, 19),
('01-01-048', '2016-11-23', 'Activada', 62, 19),
('01-01-049', '2016-11-23', 'Activada', 63, 19),
('01-01-050', '2016-11-23', 'Activada', 64, 19),
('01-01-051', '2016-12-21', 'Activada', 65, 19),
('01-01-052', '2016-12-21', 'Activada', 66, 19),
('01-01-053', '2016-11-23', 'Activada', 67, 19),
('01-01-054', '2016-11-23', 'Activada', 68, 19),
('01-01-055', '2016-12-21', 'Activada', 69, 19),
('01-01-056', '2016-12-21', 'Activada', 70, 19),
('01-01-057', '2016-12-21', 'Activada', 71, 19),
('01-01-058', '2016-12-21', 'Activada', 72, 19),
('01-01-059', '2016-12-21', 'Activada', 73, 19),
('01-01-060', '2016-12-21', 'Activada', 74, 19),
('01-01-061', '2016-12-21', 'Activada', 75, 19),
('01-01-062', '2016-12-21', 'Activada', 76, 19),
('01-01-063', '2016-12-21', 'Activada', 77, 19),
('01-01-064', '2016-12-21', 'Activada', 78, 19),
('01-01-065', '2017-01-19', 'Activada', 79, 19),
('01-01-066', '2017-01-19', 'Activada', 80, 19),
('01-01-067', '2017-01-19', 'Activada', 81, 19),
('01-01-068', '2017-01-19', 'Activada', 82, 19),
('01-01-069', '2017-01-19', 'Activada', 83, 19),
('01-01-070', '2017-01-19', 'Activada', 84, 19),
('01-01-071', '2017-01-19', 'Activada', 85, 19),
('01-01-072', '2017-01-19', 'Activada', 86, 19),
('01-01-073', '2017-01-19', 'Activada', 87, 19),
('01-01-074', '2017-01-19', 'Activada', 88, 19),
('01-01-075', '2017-02-09', 'Activada', 89, 19),
('01-01-076', '2017-02-09', 'Activada', 90, 19),
('01-01-077', '2017-02-09', 'Activada', 91, 19),
('01-01-078', '2017-02-09', 'Activada', 92, 19),
('01-01-079', '2017-02-09', 'Activada', 93, 19),
('01-01-080', '2017-02-27', 'Activada', 94, 19),
('01-01-081', '2017-02-27', 'Activada', 95, 19),
('01-01-082', '2017-02-27', 'Activada', 96, 19),
('01-01-083', '2017-03-13', 'Activada', 97, 19),
('01-01-084', '2017-03-13', 'Activada', 98, 19),
('01-01-085', '2017-03-13', 'Activada', 99, 19),
('01-01-086', '2017-03-13', 'Activada', 100, 19),
('01-01-087', '2017-04-05', 'Activada', 101, 19),
('01-01-088', '2017-11-05', 'Activada', 102, 19),
('01-01-089', '2017-05-08', 'Activada', 103, 19),
('01-02-002', '2017-07-02', 'Activada', 16, 20),
('2-02-058', '2017-01-26', 'Activada', 72, 20);

-- --------------------------------------------------------

--
-- Estructura de tabla para la tabla `tab_cuenta_autorizados`
--

CREATE TABLE `tab_cuenta_autorizados` (
  `cuentaautorizados_cuentaid` varchar(11) NOT NULL,
  `cuentaautorizados_nombre` varchar(200) NOT NULL,
  `cuentaautorizados_dui` varchar(10) NOT NULL,
  `cuentaautorizados_nit` varchar(20) NOT NULL
) ENGINE=InnoDB DEFAULT CHARSET=utf8;

--
-- Volcado de datos para la tabla `tab_cuenta_autorizados`
--

INSERT INTO `tab_cuenta_autorizados` (`cuentaautorizados_cuentaid`, `cuentaautorizados_nombre`, `cuentaautorizados_dui`, `cuentaautorizados_nit`) VALUES
('01-02-002', 'Marìa Cristina Vàsquez', 'Madre', 'La misma'),
('01-02-002', 'Karla Susana Peña Vàsquez', 'Hija', 'La misma'),
('01-02-002', 'Felipe Peña Hernàndez', 'Esposo', 'La misma');

-- --------------------------------------------------------

--
-- Estructura de tabla para la tabla `tab_cuenta_movimiento`
--

CREATE TABLE `tab_cuenta_movimiento` (
  `cuentamovimiento_id` int(11) NOT NULL,
  `cuentamovimiento_comprobante` varchar(20) DEFAULT NULL,
  `cuentamovimiento_concepto` text NOT NULL,
  `cuentamovimiento_fecha` date NOT NULL,
  `cuentamovimiento_deposito` float NOT NULL,
  `cuentamovimiento_retiro` float NOT NULL,
  `cuentamovimiento_saldo` float NOT NULL,
  `cuentamovimiento_cuentaid` varchar(11) NOT NULL
) ENGINE=InnoDB DEFAULT CHARSET=utf8;

--
-- Volcado de datos para la tabla `tab_cuenta_movimiento`
--

INSERT INTO `tab_cuenta_movimiento` (`cuentamovimiento_id`, `cuentamovimiento_comprobante`, `cuentamovimiento_concepto`, `cuentamovimiento_fecha`, `cuentamovimiento_deposito`, `cuentamovimiento_retiro`, `cuentamovimiento_saldo`, `cuentamovimiento_cuentaid`) VALUES
(11, '', 'Apertura de cuenta', '2016-07-12', 10, 0, 0, '01-01-001'),
(12, '', 'Apertura de cuenta', '2016-07-12', 10, 0, 0, '01-01-002'),
(13, '', 'Apertura de cuenta', '2016-07-12', 10, 0, 0, '01-01-003'),
(14, '', 'Apertura de cuenta', '2016-07-12', 10, 0, 0, '01-01-004'),
(15, '', 'Apertura de cuenta', '2016-07-12', 10, 0, 0, '01-01-005'),
(16, '', 'Apertura de cuenta', '2016-07-12', 10, 0, 0, '01-01-006'),
(17, '', 'Apertura de cuenta', '2016-07-12', 10, 0, 0, '01-01-007'),
(18, '', 'Apertura de cuenta', '2016-07-12', 10, 0, 0, '01-01-008'),
(19, '', 'Apertura de cuenta', '2016-07-12', 10, 0, 0, '01-01-009'),
(20, '', 'Apertura de cuenta', '2016-07-12', 10, 0, 0, '01-01-010'),
(21, '', 'Apertura de cuenta', '2016-07-12', 10, 0, 0, '01-01-011'),
(22, '', 'Apertura de cuenta', '2016-07-12', 10, 0, 0, '01-01-012'),
(23, '', 'Apertura de cuenta', '2016-07-12', 10, 0, 0, '01-01-013'),
(24, '', 'Apertura de cuenta', '2016-07-12', 10, 0, 0, '01-01-014'),
(25, '', 'Apertura de cuenta', '2016-07-12', 10, 0, 0, '01-01-015'),
(26, '', 'Apertura de cuenta', '2016-07-12', 10, 0, 0, '01-01-016'),
(27, '', 'Apertura de cuenta', '2016-07-12', 10, 0, 0, '01-01-017'),
(28, '', 'Apertura de cuenta', '2016-07-12', 10, 0, 0, '01-01-018'),
(29, '', 'Apertura de cuenta', '2016-07-12', 10, 0, 0, '01-01-019'),
(30, '', 'Apertura de cuenta', '2016-07-12', 10, 0, 0, '01-01-020'),
(31, '', 'Apertura de cuenta', '2016-07-12', 10, 0, 0, '01-01-021'),
(32, '', 'Apertura de cuenta', '2016-07-12', 10, 0, 0, '01-01-022'),
(33, '', 'Apertura de cuenta', '2016-07-12', 10, 0, 0, '01-01-023'),
(34, '', 'Apertura de cuenta', '2016-07-12', 10, 0, 0, '01-01-024'),
(35, '', 'Apertura de cuenta', '2016-07-12', 10, 0, 0, '01-01-025'),
(36, '', 'Apertura de cuenta', '2016-07-12', 10, 0, 0, '01-01-026'),
(37, '', 'Apertura de cuenta', '2016-07-12', 10, 0, 0, '01-01-031'),
(38, '', 'Apertura de cuenta', '2016-07-12', 10, 0, 0, '01-01-027'),
(39, '', 'Apertura de cuenta', '2016-07-12', 10, 0, 0, '01-01-028'),
(40, '', 'Apertura de cuenta', '2016-07-12', 10, 0, 0, '01-01-029'),
(41, '', 'Apertura de cuenta', '2016-07-12', 10, 0, 0, '01-01-030'),
(42, '', 'Apertura de cuenta', '2016-07-12', 10, 0, 0, '01-01-032'),
(43, '', 'Apertura de cuenta', '2016-07-12', 10, 0, 0, '01-01-033'),
(44, '', 'Apertura de cuenta', '2016-07-12', 10, 0, 0, '01-01-034'),
(45, '', 'Apertura de cuenta', '2016-07-12', 10, 0, 0, '01-01-035'),
(46, '', 'Apertura de cuenta', '2016-07-12', 10, 0, 0, '01-01-036'),
(47, '', 'Apertura de cuenta', '2016-07-12', 10, 0, 0, '01-01-037'),
(48, '', 'Apertura de cuenta', '2016-07-12', 10, 0, 0, '01-01-038'),
(49, '', 'Apertura de cuenta', '2016-07-12', 10, 0, 0, '01-01-039'),
(50, '', 'Apertura de cuenta', '2016-07-12', 10, 0, 0, '01-01-040'),
(51, '', 'Apertura de cuenta', '2016-07-12', 10, 0, 0, '01-01-041'),
(52, '', 'Apertura de cuenta', '2016-07-12', 10, 0, 0, '01-01-042'),
(53, '', 'Apertura de cuenta', '2016-07-12', 10, 0, 0, '01-01-043'),
(54, '', 'Apertura de cuenta', '2016-07-12', 10, 0, 0, '01-01-044'),
(55, '', 'Apertura de cuenta', '2016-07-12', 10, 0, 0, '01-01-045'),
(56, '', 'Apertura de cuenta', '2016-12-21', 10, 0, 0, '01-01-046'),
(57, '', 'Apertura de cuenta', '2016-11-23', 10, 0, 0, '01-01-047'),
(58, '', 'Apertura de cuenta', '2016-11-23', 10, 0, 0, '01-01-048'),
(59, '', 'Apertura de cuenta', '2016-11-23', 10, 0, 0, '01-01-049'),
(60, '', 'Apertura de cuenta', '2016-11-23', 10, 0, 0, '01-01-050'),
(61, '', 'Apertura de cuenta', '2016-12-21', 10, 0, 0, '01-01-051'),
(62, '', 'Apertura de cuenta', '2016-12-21', 10, 0, 0, '01-01-052'),
(63, '', 'Apertura de cuenta', '2016-11-23', 10, 0, 0, '01-01-053'),
(64, '', 'Apertura de cuenta', '2016-11-23', 10, 0, 0, '01-01-054'),
(65, '', 'Apertura de cuenta', '2016-12-21', 10, 0, 0, '01-01-055'),
(66, '', 'Apertura de cuenta', '2016-12-21', 10, 0, 0, '01-01-056'),
(67, '', 'Apertura de cuenta', '2016-12-21', 10, 0, 0, '01-01-057'),
(68, '', 'Apertura de cuenta', '2016-12-21', 10, 0, 0, '01-01-058'),
(69, '', 'Apertura de cuenta', '2016-12-21', 10, 0, 0, '01-01-059'),
(70, '', 'Apertura de cuenta', '2016-12-21', 10, 0, 0, '01-01-060'),
(71, '', 'Apertura de cuenta', '2016-12-21', 10, 0, 0, '01-01-061'),
(72, '', 'Apertura de cuenta', '2016-12-21', 10, 0, 0, '01-01-062'),
(73, '', 'Apertura de cuenta', '2016-12-21', 10, 0, 0, '01-01-063'),
(74, '', 'Apertura de cuenta', '2016-12-21', 10, 0, 0, '01-01-064'),
(75, '', 'Apertura de cuenta', '2017-01-19', 10, 0, 0, '01-01-065'),
(76, '', 'Apertura de cuenta', '2017-01-19', 10, 0, 0, '01-01-066'),
(77, '', 'Apertura de cuenta', '2017-01-19', 10, 0, 0, '01-01-067'),
(78, '', 'Apertura de cuenta', '2017-01-19', 10, 0, 0, '01-01-068'),
(79, '', 'Apertura de cuenta', '2017-01-19', 10, 0, 0, '01-01-069'),
(80, '', 'Apertura de cuenta', '2017-01-19', 10, 0, 0, '01-01-070'),
(81, '', 'Apertura de cuenta', '2017-01-19', 10, 0, 0, '01-01-071'),
(82, '', 'Apertura de cuenta', '2017-01-19', 10, 0, 0, '01-01-072'),
(83, '', 'Apertura de cuenta', '2017-01-19', 10, 0, 0, '01-01-073'),
(84, '', 'Apertura de cuenta', '2017-01-19', 10, 0, 0, '01-01-074'),
(85, '', 'Apertura de cuenta', '2017-02-09', 10, 0, 0, '01-01-075'),
(86, '', 'Apertura de cuenta', '2017-02-09', 10, 0, 0, '01-01-076'),
(87, '', 'Apertura de cuenta', '2017-02-09', 10, 0, 0, '01-01-077'),
(88, '', 'Apertura de cuenta', '2017-02-09', 10, 0, 0, '01-01-078'),
(89, '', 'Apertura de cuenta', '2017-02-09', 10, 0, 0, '01-01-079'),
(90, '', 'Apertura de cuenta', '2017-02-27', 10, 0, 0, '01-01-080'),
(91, '', 'Apertura de cuenta', '2017-02-27', 10, 0, 0, '01-01-081'),
(92, '', 'Apertura de cuenta', '2017-02-27', 10, 0, 0, '01-01-082'),
(93, '', 'Apertura de cuenta', '2017-03-13', 10, 0, 0, '01-01-083'),
(94, '', 'Apertura de cuenta', '2017-03-13', 10, 0, 0, '01-01-084'),
(95, '', 'Apertura de cuenta', '2017-03-13', 10, 0, 0, '01-01-085'),
(96, '', 'Apertura de cuenta', '2017-03-13', 10, 0, 0, '01-01-086'),
(97, '', 'Apertura de cuenta', '2017-04-05', 10, 0, 0, '01-01-087'),
(98, '', 'Apertura de cuenta', '2017-11-05', 10, 0, 0, '01-01-088'),
(99, '', 'Apertura de cuenta', '2017-05-08', 10, 0, 0, '01-01-089'),
(101, '0001', '2016-07-01', '2016-07-12', 200, 0, 200, '01-01-031'),
(102, '0002', '2016-07-01', '2016-07-12', 200, 0, 200, '01-01-034'),
(103, '0003', '2016-07-01', '2016-07-12', 200, 0, 200, '01-01-023'),
(104, '0004', '2016-07-01', '2016-07-12', 200, 0, 200, '01-01-018'),
(105, '0005', '2016-07-01', '2016-07-12', 200, 0, 200, '01-01-027'),
(106, '0006', '2016-07-01', '2016-07-12', 200, 0, 200, '01-01-042'),
(107, '0007', '2016-07-01', '2016-07-12', 200, 0, 200, '01-01-009'),
(108, '0008', '2016-07-01', '2016-07-12', 200, 0, 200, '01-01-033'),
(109, '0009', '2016-07-01', '2016-07-12', 200, 0, 200, '01-01-011'),
(110, '0010', '2016-07-01', '2016-07-12', 200, 0, 200, '01-01-008'),
(111, '0011', '2016-07-01', '2016-07-12', 200, 0, 200, '01-01-013'),
(112, '0012', '2016-07-01', '2016-07-12', 200, 0, 200, '01-01-002'),
(113, '0013', '2016-07-01', '2016-07-12', 200, 0, 200, '01-01-007'),
(114, '0014', '2016-07-01', '2016-07-12', 200, 0, 200, '01-01-022'),
(115, '0015', '2016-07-01', '2016-07-12', 200, 0, 200, '01-01-003'),
(116, '0016', '2016-07-01', '2016-07-12', 200, 0, 200, '01-01-035'),
(117, '0017', '2016-07-01', '2016-07-12', 200, 0, 200, '01-01-005'),
(118, '0018', '2016-07-01', '2016-07-12', 200, 0, 200, '01-01-045'),
(119, '0019', '2016-07-01', '2016-07-12', 200, 0, 200, '01-01-043'),
(120, '0020', '2016-07-01', '2016-07-12', 200, 0, 200, '01-01-044'),
(121, '0021', '2016-07-01', '2016-07-12', 200, 0, 200, '01-01-040'),
(122, '0022', '2016-07-01', '2016-07-12', 200, 0, 200, '01-01-010'),
(123, '0023', '2016-07-01', '2016-07-12', 200, 0, 200, '01-01-001'),
(124, '0024', '2016-07-01', '2016-07-12', 200, 0, 200, '01-01-029'),
(125, '0025', '2016-07-01', '2016-07-12', 200, 0, 200, '01-01-019'),
(126, '0026', '2016-07-01', '2016-07-12', 200, 0, 200, '01-01-004'),
(127, '0027', '2016-07-01', '2016-07-12', 200, 0, 200, '01-01-017'),
(128, '0028', '2016-07-01', '2016-07-12', 200, 0, 200, '01-01-041'),
(129, '0029', '2016-07-01', '2016-07-12', 200, 0, 200, '01-01-038'),
(130, '0030', '2016-07-01', '2016-07-12', 200, 0, 200, '01-01-015'),
(131, '0031', '2016-07-01', '2016-07-12', 200, 0, 200, '01-01-020'),
(132, '0032', '2016-07-01', '2016-07-12', 200, 0, 200, '01-01-006'),
(133, '0033', '2016-07-01', '2016-07-12', 200, 0, 200, '01-01-028'),
(134, '0034', '2016-07-01', '2016-07-12', 200, 0, 200, '01-01-026'),
(135, '0035', '2016-07-01', '2016-07-12', 200, 0, 200, '01-01-030'),
(136, '0036', '2016-07-01', '2016-07-12', 200, 0, 200, '01-01-039'),
(137, '0037', '2016-07-01', '2016-07-12', 200, 0, 200, '01-01-014'),
(138, '0038', '2016-07-01', '2016-07-12', 200, 0, 200, '01-01-032'),
(139, '0041', '2016-07-01', '2016-07-12', 200, 0, 200, '01-01-016'),
(140, '0042', '2016-07-01', '2016-07-12', 200, 0, 200, '01-01-021'),
(141, '0043', '2016-07-01', '2016-07-12', 200, 0, 200, '01-01-012'),
(142, '0044', '2016-07-01', '2016-07-12', 200, 0, 200, '01-01-037'),
(143, '0045', '2016-07-01', '2016-07-12', 200, 0, 200, '01-01-036'),
(144, '0039', '2016-07-01', '2016-07-12', 200, 0, 200, '01-01-025'),
(145, '0040', '2016-07-01', '2016-07-12', 200, 0, 200, '01-01-024'),
(146, '0089', '2016-08-01', '2016-11-15', 5, 0, 205, '01-01-031'),
(147, '0089', '2016-09-01', '2016-11-15', 5, 0, 210, '01-01-031'),
(148, '0089', '2016-10-01', '2016-11-15', 5, 0, 215, '01-01-031'),
(149, '0090', '2016-08-01', '2016-11-15', 5, 0, 205, '01-01-034'),
(150, '0090', '2016-09-01', '2016-11-15', 5, 0, 210, '01-01-034'),
(151, '0090', '2016-10-01', '2016-11-15', 5, 0, 215, '01-01-034'),
(152, '0091', '2016-08-01', '2016-11-15', 5, 0, 205, '01-01-023'),
(153, '0091', '2016-09-01', '2016-11-15', 5, 0, 210, '01-01-023'),
(154, '0091', '2016-10-01', '2016-11-15', 5, 0, 215, '01-01-023'),
(155, '0092', '2016-08-01', '2016-11-15', 5, 0, 205, '01-01-018'),
(156, '0092', '2016-09-01', '2016-11-15', 5, 0, 210, '01-01-018'),
(157, '0092', '2016-10-01', '2016-11-15', 5, 0, 215, '01-01-018'),
(158, '0093', '2016-08-01', '2016-11-15', 5, 0, 205, '01-01-027'),
(159, '0093', '2016-09-01', '2016-11-15', 5, 0, 210, '01-01-027'),
(160, '0093', '2016-10-01', '2016-11-15', 5, 0, 215, '01-01-027'),
(161, '0094', '2016-08-01', '2016-11-15', 5, 0, 205, '01-01-042'),
(162, '0094', '2016-09-01', '2016-11-15', 5, 0, 210, '01-01-042'),
(163, '0094', '2016-10-01', '2016-11-15', 5, 0, 215, '01-01-042'),
(164, '0095', '2016-08-01', '2016-11-15', 5, 0, 205, '01-01-009'),
(165, '0095', '2016-09-01', '2016-11-15', 5, 0, 210, '01-01-009'),
(166, '0095', '2016-10-01', '2016-11-15', 5, 0, 215, '01-01-009'),
(167, '0096', '2016-08-01', '2016-11-15', 5, 0, 205, '01-01-033'),
(168, '0096', '2016-09-01', '2016-11-15', 5, 0, 210, '01-01-033'),
(169, '0096', '2016-10-01', '2016-11-15', 5, 0, 215, '01-01-033'),
(170, '0097', '2016-08-01', '2016-11-15', 5, 0, 205, '01-01-011'),
(171, '0097', '2016-09-01', '2016-11-15', 5, 0, 210, '01-01-011'),
(172, '0097', '2016-10-01', '2016-11-15', 5, 0, 215, '01-01-011'),
(173, '0098', '2016-08-01', '2016-11-15', 5, 0, 205, '01-01-008'),
(174, '0098', '2016-09-01', '2016-11-15', 5, 0, 210, '01-01-008'),
(175, '0098', '2016-10-01', '2016-11-15', 5, 0, 215, '01-01-008'),
(176, '0099', '2016-08-01', '2016-11-15', 5, 0, 205, '01-01-013'),
(177, '0099', '2016-09-01', '2016-11-15', 5, 0, 210, '01-01-013'),
(178, '0099', '2016-10-01', '2016-11-15', 5, 0, 215, '01-01-013'),
(179, '0100', '2016-08-01', '2016-11-15', 5, 0, 205, '01-01-002'),
(180, '0100', '2016-09-01', '2016-11-15', 5, 0, 210, '01-01-002'),
(181, '0100', '2016-10-01', '2016-11-15', 5, 0, 215, '01-01-002'),
(182, '0101', '2016-08-01', '2016-11-15', 5, 0, 205, '01-01-007'),
(183, '0101', '2016-09-01', '2016-11-15', 5, 0, 210, '01-01-007'),
(184, '0101', '2016-10-01', '2016-11-15', 5, 0, 215, '01-01-007'),
(185, '0102', '2016-08-01', '2016-11-15', 5, 0, 205, '01-01-022'),
(186, '0102', '2016-09-01', '2016-11-15', 5, 0, 210, '01-01-022'),
(187, '0102', '2016-10-01', '2016-11-15', 5, 0, 215, '01-01-022'),
(188, '0103', '2016-08-01', '2016-11-15', 5, 0, 205, '01-01-003'),
(189, '0103', '2016-09-01', '2016-11-15', 5, 0, 210, '01-01-003'),
(190, '0103', '2016-10-01', '2016-11-15', 5, 0, 215, '01-01-003'),
(191, '0104', '2016-08-01', '2016-11-15', 5, 0, 205, '01-01-035'),
(192, '0104', '2016-09-01', '2016-11-15', 5, 0, 210, '01-01-035'),
(193, '0104', '2016-10-01', '2016-11-15', 5, 0, 215, '01-01-035'),
(194, '0105', '2016-08-01', '2016-11-15', 5, 0, 205, '01-01-005'),
(195, '0105', '2016-09-01', '2016-11-15', 5, 0, 210, '01-01-005'),
(196, '0105', '2016-10-01', '2016-11-15', 5, 0, 215, '01-01-005'),
(197, '0106', '2016-08-01', '2016-11-15', 5, 0, 205, '01-01-045'),
(198, '0106', '2016-09-01', '2016-11-15', 5, 0, 210, '01-01-045'),
(199, '0106', '2016-10-01', '2016-11-15', 5, 0, 215, '01-01-045'),
(200, '0107', '2016-08-01', '2016-11-15', 5, 0, 205, '01-01-043'),
(201, '0107', '2016-09-01', '2016-11-15', 5, 0, 210, '01-01-043'),
(202, '0107', '2016-10-01', '2016-11-15', 5, 0, 215, '01-01-043'),
(203, '0108', '2016-08-01', '2016-11-15', 5, 0, 205, '01-01-044'),
(204, '0108', '2016-09-01', '2016-11-15', 5, 0, 210, '01-01-044'),
(205, '0108', '2016-10-01', '2016-11-15', 5, 0, 215, '01-01-044'),
(206, '0109', '2016-08-01', '2016-11-15', 5, 0, 205, '01-01-040'),
(207, '0109', '2016-09-01', '2016-11-15', 5, 0, 210, '01-01-040'),
(208, '0109', '2016-10-01', '2016-11-15', 5, 0, 215, '01-01-040'),
(209, '0110', '2016-08-01', '2016-11-15', 5, 0, 205, '01-01-010'),
(210, '0110', '2016-09-01', '2016-11-15', 5, 0, 210, '01-01-010'),
(211, '0110', '2016-10-01', '2016-11-15', 5, 0, 215, '01-01-010'),
(212, '0111', '2016-08-01', '2016-11-15', 5, 0, 205, '01-01-001'),
(213, '0111', '2016-09-01', '2016-11-15', 5, 0, 210, '01-01-001'),
(214, '0111', '2016-10-01', '2016-11-15', 5, 0, 215, '01-01-001'),
(215, '0112', '2016-08-01', '2016-11-15', 5, 0, 205, '01-01-029'),
(216, '0112', '2016-09-01', '2016-11-15', 5, 0, 210, '01-01-029'),
(217, '0112', '2016-10-01', '2016-11-15', 5, 0, 215, '01-01-029'),
(218, '0113', '2016-08-01', '2016-11-15', 5, 0, 205, '01-01-019'),
(219, '0113', '2016-09-01', '2016-11-15', 5, 0, 210, '01-01-019'),
(220, '0113', '2016-10-01', '2016-11-15', 5, 0, 215, '01-01-019'),
(221, '0114', '2016-08-01', '2016-11-15', 5, 0, 205, '01-01-004'),
(222, '0114', '2016-09-01', '2016-11-15', 5, 0, 210, '01-01-004'),
(223, '0114', '2016-10-01', '2016-11-15', 5, 0, 215, '01-01-004'),
(224, '0115', '2016-08-01', '2016-11-15', 5, 0, 205, '01-01-017'),
(225, '0115', '2016-09-01', '2016-11-15', 5, 0, 210, '01-01-017'),
(226, '0115', '2016-10-01', '2016-11-15', 5, 0, 215, '01-01-017'),
(227, '0116', '2016-08-01', '2016-11-15', 5, 0, 205, '01-01-041'),
(228, '0116', '2016-09-01', '2016-11-15', 5, 0, 210, '01-01-041'),
(229, '0116', '2016-10-01', '2016-11-15', 5, 0, 215, '01-01-041'),
(230, '0117', '2016-08-01', '2016-11-15', 5, 0, 205, '01-01-038'),
(231, '0117', '2016-09-01', '2016-11-15', 5, 0, 210, '01-01-038'),
(232, '0117', '2016-10-01', '2016-11-15', 5, 0, 215, '01-01-038'),
(233, '0118', '2016-08-01', '2016-11-15', 5, 0, 205, '01-01-015'),
(234, '0118', '2016-09-01', '2016-11-15', 5, 0, 210, '01-01-015'),
(235, '0118', '2016-10-01', '2016-11-15', 5, 0, 215, '01-01-015'),
(236, '0119', '2016-08-01', '2016-11-15', 5, 0, 205, '01-01-020'),
(237, '0119', '2016-09-01', '2016-11-15', 5, 0, 210, '01-01-020'),
(238, '0119', '2016-10-01', '2016-11-15', 5, 0, 215, '01-01-020'),
(239, '0120', '2016-08-01', '2016-11-15', 5, 0, 205, '01-01-006'),
(240, '0120', '2016-09-01', '2016-11-15', 5, 0, 210, '01-01-006'),
(241, '0120', '2016-10-01', '2016-11-15', 5, 0, 215, '01-01-006'),
(242, '0121', '2016-08-01', '2016-11-15', 5, 0, 205, '01-01-028'),
(243, '0121', '2016-09-01', '2016-11-15', 5, 0, 210, '01-01-028'),
(244, '0121', '2016-10-01', '2016-11-15', 5, 0, 215, '01-01-028'),
(245, '0122', '2016-08-01', '2016-11-15', 5, 0, 205, '01-01-026'),
(246, '0122', '2016-09-01', '2016-11-15', 5, 0, 210, '01-01-026'),
(247, '0122', '2016-10-01', '2016-11-15', 5, 0, 215, '01-01-026'),
(248, '0123', '2016-08-01', '2016-11-15', 5, 0, 205, '01-01-030'),
(249, '0123', '2016-09-01', '2016-11-15', 5, 0, 210, '01-01-030'),
(250, '0123', '2016-10-01', '2016-11-15', 5, 0, 215, '01-01-030'),
(251, '0124', '2016-08-01', '2016-11-15', 5, 0, 205, '01-01-039'),
(252, '0124', '2016-09-01', '2016-11-15', 5, 0, 210, '01-01-039'),
(253, '0124', '2016-10-01', '2016-11-15', 5, 0, 215, '01-01-039'),
(254, '0125', '2016-08-01', '2016-11-15', 5, 0, 205, '01-01-014'),
(255, '0125', '2016-09-01', '2016-11-15', 5, 0, 210, '01-01-014'),
(256, '0125', '2016-10-01', '2016-11-15', 5, 0, 215, '01-01-014'),
(257, '0126', '2016-08-01', '2016-11-15', 5, 0, 205, '01-01-032'),
(258, '0126', '2016-09-01', '2016-11-15', 5, 0, 210, '01-01-032'),
(259, '0126', '2016-10-01', '2016-11-15', 5, 0, 215, '01-01-032'),
(260, '0127', '2016-08-01', '2016-11-15', 5, 0, 205, '01-01-016'),
(261, '0127', '2016-09-01', '2016-11-15', 5, 0, 210, '01-01-016'),
(262, '0127', '2016-10-01', '2016-11-15', 5, 0, 215, '01-01-016'),
(263, '0128', '2016-08-01', '2016-11-15', 5, 0, 205, '01-01-021'),
(264, '0128', '2016-09-01', '2016-11-15', 5, 0, 210, '01-01-021'),
(265, '0128', '2016-10-01', '2016-11-15', 5, 0, 215, '01-01-021'),
(266, '0129', '2016-08-01', '2016-11-15', 5, 0, 205, '01-01-012'),
(267, '0129', '2016-09-01', '2016-11-15', 5, 0, 210, '01-01-012'),
(268, '0129', '2016-10-01', '2016-11-15', 5, 0, 215, '01-01-012'),
(269, '0130', '2016-08-01', '2016-11-15', 5, 0, 205, '01-01-037'),
(270, '0130', '2016-09-01', '2016-11-15', 5, 0, 210, '01-01-037'),
(271, '0130', '2016-10-01', '2016-11-15', 5, 0, 215, '01-01-037'),
(272, '0131', '2016-08-01', '2016-11-15', 5, 0, 205, '01-01-036'),
(273, '0131', '2016-09-01', '2016-11-15', 5, 0, 210, '01-01-036'),
(274, '0131', '2016-10-01', '2016-11-15', 5, 0, 215, '01-01-036'),
(275, '0132', '2016-11-01', '2016-12-20', 5, 0, 220, '01-01-031'),
(276, '0133', '2016-11-01', '2016-12-20', 5, 0, 220, '01-01-034'),
(277, '0134', '2016-11-01', '2016-12-20', 5, 0, 220, '01-01-023'),
(278, '0135', '2016-11-01', '2016-12-20', 5, 0, 220, '01-01-018'),
(279, '0136', '2016-11-01', '2016-12-20', 5, 0, 220, '01-01-027'),
(280, '0137', '2016-11-01', '2016-12-20', 5, 0, 220, '01-01-042'),
(281, '0138', '2016-11-01', '2016-12-20', 5, 0, 220, '01-01-009'),
(282, '0138', '2016-12-01', '2016-12-20', 5, 0, 225, '01-01-009'),
(283, '0139', '2016-11-01', '2016-12-20', 5, 0, 220, '01-01-033'),
(284, '0139', '2016-12-01', '2016-12-20', 5, 0, 225, '01-01-033'),
(285, '0140', '2016-11-01', '2016-12-20', 5, 0, 220, '01-01-011'),
(286, '0141', '2016-11-01', '2016-12-20', 5, 0, 220, '01-01-008'),
(287, '0142', '2016-11-01', '2016-12-20', 5, 0, 220, '01-01-013'),
(288, '0143', '2016-11-01', '2016-12-20', 5, 0, 220, '01-01-002'),
(289, '0144', '2016-11-01', '2016-12-20', 5, 0, 220, '01-01-007'),
(290, '0145', '2016-11-01', '2016-12-20', 5, 0, 220, '01-01-022'),
(291, '0146', '2016-11-01', '2016-12-20', 5, 0, 220, '01-01-003'),
(292, '0147', '2016-11-01', '2016-12-20', 5, 0, 220, '01-01-035'),
(293, '0148', '2016-11-01', '2016-12-20', 5, 0, 220, '01-01-005'),
(294, '0149', '2016-11-01', '2016-12-20', 5, 0, 220, '01-01-045'),
(295, '0150', '2016-11-01', '2016-12-20', 5, 0, 220, '01-01-043'),
(296, '0151', '2016-11-01', '2016-12-20', 5, 0, 220, '01-01-044'),
(297, '0151', '2016-12-01', '2016-12-20', 5, 0, 225, '01-01-044'),
(298, '0152', '2016-11-01', '2016-12-20', 5, 0, 220, '01-01-040'),
(299, '0153', '2016-11-01', '2016-12-20', 5, 0, 220, '01-01-010'),
(300, '0153', '2016-12-01', '2016-12-20', 5, 0, 225, '01-01-010'),
(301, '0154', '2016-11-01', '2016-12-20', 5, 0, 220, '01-01-001'),
(302, '0155', '2016-11-01', '2016-12-20', 5, 0, 220, '01-01-029'),
(303, '0156', '2016-11-01', '2016-12-20', 5, 0, 220, '01-01-019'),
(304, '0157', '2016-11-01', '2016-12-20', 5, 0, 220, '01-01-004'),
(305, '0157', '2016-12-01', '2016-12-20', 5, 0, 225, '01-01-004'),
(306, '0158', '2016-11-01', '2016-12-20', 5, 0, 220, '01-01-017'),
(307, '0159', '2016-11-01', '2016-12-20', 5, 0, 220, '01-01-041'),
(308, '0160', '2016-11-01', '2016-12-20', 5, 0, 220, '01-01-038'),
(309, '0161', '2016-11-01', '2016-12-20', 5, 0, 220, '01-01-015'),
(310, '0162', '2016-11-01', '2016-12-20', 5, 0, 220, '01-01-020'),
(311, '0163', '2016-11-01', '2016-12-20', 5, 0, 220, '01-01-006'),
(312, '0164', '2016-11-01', '2016-12-20', 5, 0, 220, '01-01-028'),
(313, '0165', '2016-11-01', '2016-12-20', 5, 0, 220, '01-01-026'),
(314, '0166', '2016-11-01', '2016-12-20', 5, 0, 220, '01-01-030'),
(315, '0167', '2016-11-01', '2016-12-20', 5, 0, 220, '01-01-039'),
(316, '0168', '2016-11-01', '2016-12-20', 5, 0, 220, '01-01-014'),
(317, '0169', '2016-11-01', '2016-12-20', 5, 0, 220, '01-01-032'),
(318, '0170', '2016-11-01', '2016-12-20', 5, 0, 220, '01-01-016'),
(319, '0171', '2016-11-01', '2016-12-20', 5, 0, 220, '01-01-021'),
(320, '0172', '2016-11-01', '2016-12-20', 5, 0, 220, '01-01-012'),
(321, '0173', '2016-11-01', '2016-12-20', 5, 0, 220, '01-01-037'),
(322, '0174', '2016-11-01', '2016-12-20', 5, 0, 220, '01-01-036'),
(323, '0175', '2016-12-01', '2016-12-20', 5, 0, 225, '01-01-022'),
(324, '0176', '2016-12-01', '2016-12-20', 5, 0, 225, '01-01-042'),
(325, '0177', '2016-12-01', '2016-12-20', 5, 0, 225, '01-01-029'),
(326, '0178', '2016-12-01', '2016-12-20', 5, 0, 225, '01-01-013'),
(327, '0179', '2016-12-01', '2016-12-20', 5, 0, 225, '01-01-007'),
(328, '0180', '2016-12-01', '2016-12-20', 5, 0, 225, '01-01-018'),
(329, '0181', '2016-12-01', '2016-12-20', 5, 0, 225, '01-01-016'),
(330, '0182', '2016-12-01', '2016-12-20', 5, 0, 5, '01-01-049'),
(331, '0183', '2016-12-01', '2016-12-20', 5, 0, 225, '01-01-027'),
(332, '0184', '2016-12-01', '2016-12-20', 5, 0, 225, '01-01-019'),
(333, '0185', '2016-12-01', '2016-12-20', 5, 0, 225, '01-01-037'),
(334, '0186', '2016-12-01', '2016-12-20', 5, 0, 225, '01-01-014'),
(335, '0187', '2016-12-01', '2016-12-20', 5, 0, 225, '01-01-011'),
(336, '0189', '2016-12-01', '2016-12-20', 5, 0, 225, '01-01-041'),
(337, '0190', '2016-12-01', '2016-12-20', 5, 0, 225, '01-01-008'),
(338, '0191', '2016-12-01', '2016-12-20', 5, 0, 225, '01-01-002'),
(339, '0193', '2016-12-01', '2016-12-20', 5, 0, 225, '01-01-017'),
(340, '0194', '2016-12-01', '2016-12-20', 5, 0, 225, '01-01-043'),
(341, '0195', '2016-12-01', '2016-12-20', 5, 0, 225, '01-01-032'),
(342, '0196', '2016-12-01', '2016-12-20', 5, 0, 225, '01-01-040'),
(343, '0197', '2016-12-01', '2016-12-20', 5, 0, 5, '01-01-047'),
(344, '0199', '2016-12-01', '2016-12-20', 5, 0, 5, '01-01-054'),
(345, '0200', '2016-12-01', '2016-12-20', 5, 0, 5, '01-01-053'),
(346, '0202', '2016-12-01', '2016-12-20', 5, 0, 225, '01-01-035'),
(347, '0203', '2016-12-01', '2016-12-20', 5, 0, 225, '01-01-030'),
(348, '0204', '2016-12-01', '2016-12-20', 5, 0, 5, '01-01-048'),
(349, '0205', '2016-12-01', '2016-12-20', 5, 0, 225, '01-01-015'),
(350, '0206', '2016-12-01', '2016-12-20', 5, 0, 225, '01-01-001'),
(351, '0210', '2016-12-01', '2016-12-20', 5, 0, 225, '01-01-031'),
(352, '0211', '2016-12-01', '2016-12-23', 5, 0, 225, '01-01-034'),
(353, '0214', '2016-12-01', '2016-12-23', 5, 0, 225, '01-01-003'),
(354, '0218', '2016-12-01', '2016-12-23', 5, 0, 225, '01-01-039'),
(355, '0219', '2016-12-01', '2016-12-23', 5, 0, 225, '01-01-021'),
(356, '0220', '2016-12-01', '2016-12-23', 5, 0, 225, '01-01-012'),
(357, '0221', '2016-12-01', '2016-12-23', 5, 0, 225, '01-01-036'),
(358, '0257', '2016-12-01', '2017-01-03', 5, 0, 225, '01-01-005'),
(359, '0257', '2017-01-01', '2017-01-03', 5, 0, 230, '01-01-005'),
(360, '0258', '2016-12-01', '2017-01-03', 5, 0, 225, '01-01-045'),
(361, '0259', '2016-12-01', '2017-01-03', 5, 0, 225, '01-01-038'),
(362, '0266', '2016-12-01', '2017-01-10', 5, 0, 225, '01-01-028'),
(363, '0267', '2016-12-01', '2017-01-11', 5, 0, 225, '01-01-026'),
(364, '0269', '2017-01-01', '2017-01-16', 200, 0, 200, '01-01-074'),
(365, '0270', '2017-01-01', '2017-01-18', 150, 0, 375, '01-01-015'),
(366, '0272', '2017-01-01', '2017-01-18', 5, 0, 230, '01-01-038'),
(367, '0273', '2017-01-01', '2017-01-26', 5, 0, 230, '01-01-044'),
(368, '0273', '2017-02-01', '2017-01-26', 5, 0, 235, '01-01-044'),
(369, '0274', '2017-01-01', '2017-01-26', 5, 0, 230, '01-01-033'),
(370, '0278', '2017-01-01', '2017-01-26', 5, 0, 225, '01-01-023'),
(371, '0280', '2017-01-01', '2017-01-26', 5, 0, 230, '01-01-022'),
(372, '0281', '2017-01-01', '2017-01-26', 5, 0, 230, '01-01-042'),
(373, '0282', '2017-01-01', '2017-01-26', 5, 0, 5, '01-01-073'),
(374, '0283', '2017-01-01', '2017-01-26', 5, 0, 5, '01-01-046'),
(375, '0284', '2017-01-01', '2017-01-26', 5, 0, 230, '01-01-039'),
(376, '0285', '2017-01-01', '2017-01-26', 5, 0, 5, '01-01-068'),
(377, '0286', '2017-01-01', '2017-01-26', 5, 0, 10, '01-01-049'),
(378, '0287', '2017-01-01', '2017-01-26', 5, 0, 230, '01-01-029'),
(379, '0288', '2017-01-01', '2017-01-26', 5, 0, 230, '01-01-013'),
(380, '0289', '2017-01-01', '2017-01-26', 5, 0, 230, '01-01-007'),
(381, '0290', '2017-01-01', '2017-01-26', 5, 0, 230, '01-01-018'),
(382, '0291', '2017-01-01', '2017-01-26', 5, 0, 230, '01-01-016'),
(383, '0292', '2017-01-01', '2017-01-26', 5, 0, 230, '01-01-027'),
(384, '0293', '2017-01-01', '2017-01-26', 5, 0, 5, '01-01-058'),
(385, '0294', '2017-01-01', '2017-01-26', 5, 0, 230, '01-01-019'),
(386, '0295', '2017-01-01', '2017-01-26', 5, 0, 230, '01-01-037'),
(387, '0296', '2017-01-01', '2017-01-26', 5, 0, 230, '01-01-014'),
(388, '0297', '2017-01-01', '2017-01-26', 5, 0, 230, '01-01-021'),
(389, '0298', '2017-01-01', '2017-01-26', 5, 0, 230, '01-01-011'),
(390, '0299', '2017-01-01', '2017-01-26', 5, 0, 230, '01-01-026'),
(391, '0300', '2017-01-01', '2017-01-26', 5, 0, 5, '01-01-071'),
(392, '0301', '2017-01-01', '2017-01-26', 5, 0, 5, '01-01-070'),
(393, '0302', '2017-01-01', '2017-01-26', 5, 0, 230, '01-01-041'),
(394, '0303', '2017-01-01', '2017-01-26', 5, 0, 230, '01-01-008'),
(395, '0304', '2017-01-01', '2017-01-26', 5, 0, 230, '01-01-002'),
(396, '0305', '2017-01-01', '2017-01-26', 5, 0, 5, '01-01-057'),
(397, '0307', '2017-01-01', '2017-01-26', 5, 0, 230, '01-01-017'),
(398, '0308', '2017-01-01', '2017-01-26', 5, 0, 5, '01-01-056'),
(399, '0309', '2017-01-01', '2017-01-26', 5, 0, 5, '01-01-060'),
(400, '0310', '2017-01-01', '2017-01-26', 5, 0, 5, '01-01-062'),
(401, '0311', '2017-01-01', '2017-01-26', 5, 0, 230, '01-01-043'),
(402, '0313', '2017-01-01', '2017-01-26', 5, 0, 230, '01-01-009'),
(403, '0314', '2017-01-01', '2017-01-26', 5, 0, 230, '01-01-032'),
(404, '0315', '2017-01-01', '2017-01-26', 5, 0, 5, '01-01-069'),
(405, '0316', '2017-01-01', '2017-01-26', 5, 0, 230, '01-01-040'),
(406, '0317', '2017-01-01', '2017-01-26', 5, 0, 5, '01-01-055'),
(407, '0318', '2017-01-01', '2017-01-26', 5, 0, 5, '01-01-061'),
(408, '0319', '2017-01-01', '2017-01-26', 5, 0, 5, '01-01-063'),
(409, '0320', '2017-01-01', '2017-01-26', 5, 0, 10, '01-01-047'),
(410, '0321', '2017-01-01', '2017-01-26', 5, 0, 10, '01-01-053'),
(411, '0322', '2017-01-01', '2017-01-26', 5, 0, 230, '01-01-030'),
(412, '0323', '2017-01-01', '2017-01-26', 5, 0, 225, '01-01-006'),
(413, '0324', '2017-01-01', '2017-01-26', 5, 0, 230, '01-01-035'),
(414, '0325', '2017-01-01', '2017-01-26', 5, 0, 5, '01-01-051'),
(415, '0326', '2017-01-01', '2017-01-26', 5, 0, 10, '01-01-048'),
(416, '0328', '2017-01-01', '2017-01-26', 5, 0, 230, '01-01-001'),
(417, '0329', '2017-01-01', '2017-01-26', 5, 0, 10, '01-01-054'),
(418, '0330', '2017-01-01', '2017-01-31', 5, 0, 230, '01-01-010'),
(419, '0330', '2017-02-01', '2017-01-31', 5, 0, 235, '01-01-010'),
(420, '0332', '2017-01-01', '2017-01-31', 5, 0, 230, '01-01-012'),
(421, '0333', '2017-01-01', '2017-01-31', 5, 0, 230, '01-01-034'),
(422, '0334', '2017-01-01', '2017-01-31', 5, 0, 230, '01-01-003'),
(423, '0336', '2017-01-01', '2017-01-31', 5, 0, 230, '01-01-045'),
(424, '0339', '2016-12-01', '2017-01-31', 5, 0, 225, '01-01-020'),
(425, '0340', '2017-01-01', '2017-01-31', 5, 0, 230, '01-01-020'),
(426, NULL, 'Apertura de cuenta', '2017-06-19', 25, 0, 25, '2-02-058'),
(427, '0000', '2016-11-01', '2017-06-19', 0, 0, 0, '01-01-050'),
(428, '0000', '2016-12-01', '2017-06-19', 0, 0, 0, '01-01-050'),
(429, '2324', '2017-01-01', '2017-06-19', 5, 0, 5, '01-01-050'),
(430, '3432', '2017-02-01', '2017-05-05', 5, 0, 235, '01-01-002'),
(431, '3432', '2017-03-01', '2017-05-05', 5, 0, 240, '01-01-002'),
(432, '3432', '2017-04-01', '2017-05-05', 5, 0, 245, '01-01-002'),
(433, '5555', 'Voluntaria', '2017-02-02', 100, 0, 345, '01-01-002'),
(434, NULL, 'Prueba', '2017-06-29', 23.56, 0, 48.56, '2-02-058'),
(435, NULL, 'Apertura de cuenta', '2017-07-04', 500, 0, 500, '01-02-002'),
(436, NULL, 'prueba de sistema', '2017-07-04', 100, 0, 600, '01-02-002');

-- --------------------------------------------------------

--
-- Estructura de tabla para la tabla `tab_institucion_salud`
--

CREATE TABLE `tab_institucion_salud` (
  `institucionsalud_id` int(11) NOT NULL,
  `institucionsalud_correlativo` varchar(10) NOT NULL,
  `institucionsalud_nombre` text NOT NULL,
  `institucionsalud_direccion` text NOT NULL
) ENGINE=InnoDB DEFAULT CHARSET=utf8;

--
-- Volcado de datos para la tabla `tab_institucion_salud`
--

INSERT INTO `tab_institucion_salud` (`institucionsalud_id`, `institucionsalud_correlativo`, `institucionsalud_nombre`, `institucionsalud_direccion`) VALUES
(2, '01', 'Hospital Nacional Nuestra Señora de Fátima', 'Carretera Panamericana Km. 33, Barrio El Calvario, Cojutepeque, Cuscatlán.'),
(3, '02', 'Regiòn de Salud Paracentral', 'San Vicente'),
(4, '03', 'Hospital Nacional de Zacatecoluca', 'Zacatecoluca');

-- --------------------------------------------------------

--
-- Estructura de tabla para la tabla `tab_solicitud_credito`
--

CREATE TABLE `tab_solicitud_credito` (
  `solicitudcredito_id` int(11) NOT NULL,
  `solicitudcredito_sexo` char(1) NOT NULL,
  `solicitudcredito_telefonofijo` varchar(10) NOT NULL,
  `solicitudcredito_telefonocelular` varchar(10) NOT NULL,
  `solicitudcredito_direcciontrabajo` text NOT NULL,
  `solicitudcredito_jefeinmediato` varchar(200) NOT NULL,
  `solicitudcredito_tiempotrabajo` varchar(20) NOT NULL,
  `solicitudcredito_puesto` text NOT NULL,
  `solicitudcredito_telefonotrabajo` varchar(10) NOT NULL,
  `solicitudcredito_nombreconyuge` varchar(200) NOT NULL,
  `solicitudcredito_sexoconyuge` char(1) NOT NULL,
  `solicitudcredito_duiconyuge` varchar(10) NOT NULL,
  `solicitudcredito_nitconyuge` varchar(20) NOT NULL,
  `solicitudcredito_fechanacimientoconyuge` date NOT NULL,
  `solicitudcredito_profesionoficioconyuge` text NOT NULL,
  `solicitudcredito_direccionconyuge` text NOT NULL,
  `solicitudcredito_estadocivilconyuge` varchar(15) NOT NULL,
  `solicitudcredito_telefonofijoconyuge` varchar(10) NOT NULL,
  `solicitudcredito_telefonocelularconyuge` varchar(10) NOT NULL,
  `solicitudcredito_lugartrabajoconyuge` text NOT NULL,
  `solicitudcredito_direcciontrabajoconyuge` text NOT NULL,
  `solicitudcredito_sueldomensual` float NOT NULL,
  `solicitudcredito_otrosingresos` float NOT NULL,
  `solicitudcredito_totalingresos` float NOT NULL,
  `solicitudcredito_gastovida` float NOT NULL,
  `solicitudcredito_pagodeudas` float NOT NULL,
  `solicitudcredito_otrosegresos` float NOT NULL,
  `solicitudcredito_totalegresos` float NOT NULL,
  `solicitudcredito_nombrereferencia` varchar(200) NOT NULL,
  `solicitudcredito_direccionreferencia` text NOT NULL,
  `solicitudcredito_telefonofijoreferencia` varchar(10) NOT NULL,
  `solicitudcredito_telefonocelularreferencia` varchar(10) NOT NULL,
  `solicitudcredito_lugartrabajoreferencia` text NOT NULL,
  `solicitudcredito_direcciontrabajoreferencia` text NOT NULL,
  `solicitudcredito_nombrereferencia_laboral` varchar(200) NOT NULL,
  `solicitudcredito_direccionreferencia_laboral` text NOT NULL,
  `solicitudcredito_telefonofijoreferencia_laboral` varchar(10) NOT NULL,
  `solicitudcredito_telefonocelularreferencia_laboral` varchar(10) NOT NULL,
  `solicitudcredito_lugartrabajoreferencia_laboral` text NOT NULL,
  `solicitudcredito_direcciontrabajoreferencia_laboral` text NOT NULL,
  `solicitudcredito_asociadoid` int(11) NOT NULL,
  `solicitudcredito_fechasesion` date NOT NULL,
  `solicitudcredito_numacta` int(11) NOT NULL,
  `solicitudcredito_numpunto` varchar(10) NOT NULL
) ENGINE=InnoDB DEFAULT CHARSET=utf8;

--
-- Volcado de datos para la tabla `tab_solicitud_credito`
--

INSERT INTO `tab_solicitud_credito` (`solicitudcredito_id`, `solicitudcredito_sexo`, `solicitudcredito_telefonofijo`, `solicitudcredito_telefonocelular`, `solicitudcredito_direcciontrabajo`, `solicitudcredito_jefeinmediato`, `solicitudcredito_tiempotrabajo`, `solicitudcredito_puesto`, `solicitudcredito_telefonotrabajo`, `solicitudcredito_nombreconyuge`, `solicitudcredito_sexoconyuge`, `solicitudcredito_duiconyuge`, `solicitudcredito_nitconyuge`, `solicitudcredito_fechanacimientoconyuge`, `solicitudcredito_profesionoficioconyuge`, `solicitudcredito_direccionconyuge`, `solicitudcredito_estadocivilconyuge`, `solicitudcredito_telefonofijoconyuge`, `solicitudcredito_telefonocelularconyuge`, `solicitudcredito_lugartrabajoconyuge`, `solicitudcredito_direcciontrabajoconyuge`, `solicitudcredito_sueldomensual`, `solicitudcredito_otrosingresos`, `solicitudcredito_totalingresos`, `solicitudcredito_gastovida`, `solicitudcredito_pagodeudas`, `solicitudcredito_otrosegresos`, `solicitudcredito_totalegresos`, `solicitudcredito_nombrereferencia`, `solicitudcredito_direccionreferencia`, `solicitudcredito_telefonofijoreferencia`, `solicitudcredito_telefonocelularreferencia`, `solicitudcredito_lugartrabajoreferencia`, `solicitudcredito_direcciontrabajoreferencia`, `solicitudcredito_nombrereferencia_laboral`, `solicitudcredito_direccionreferencia_laboral`, `solicitudcredito_telefonofijoreferencia_laboral`, `solicitudcredito_telefonocelularreferencia_laboral`, `solicitudcredito_lugartrabajoreferencia_laboral`, `solicitudcredito_direcciontrabajoreferencia_laboral`, `solicitudcredito_asociadoid`, `solicitudcredito_fechasesion`, `solicitudcredito_numacta`, `solicitudcredito_numpunto`) VALUES
(1, 'F', '2323-2323', '2323-2323', '', 'hghgjh', '3 meses', 'hkjhkkj', '2323-2323', 'asdasda', 'o', '12121212-1', '1212-121212-121-2', '1977-12-12', 'sdasda', 'sdsadad', 'Casado/a', '2312-3123', '1231-3212', 'dfsfdsfds', 'sdfsfs', 500, 200, 700, 100, 100, 0, 200, 'jklsajdlajsda', 'lkjsldalsdj', '1232-3232', '3232-3232', 'dvxdvs', 'asdasdsd', '', '', '', '', '', '', 15, '0000-00-00', 0, ''),
(2, 'F', '1212-3123', '1231-2312', '', '2hkbhgujh', '5 años', 'vjbnb', '2345-7890', 'asdada', 'o', '12121212-1', '2222-222222-222-2', '1888-12-12', 'nlknkjnlknk', 'ugjhkjnknk', 'Casado/a', '2345-6789', '4567-8909', 'nkkk', 'nkjnkjnkj', 456, 67, 523, 56, 77, 9, 142, 'cxcvbljb', 'hjbnmnbhjn', '4567-8987', '2345-6789', 'mnbhjb,mnnb', 'ncfgvb,bhjhb', '', '', '', '', '', '', 16, '0000-00-00', 0, '');

-- --------------------------------------------------------

--
-- Estructura de tabla para la tabla `tab_sucursal`
--

CREATE TABLE `tab_sucursal` (
  `sucursal_id` int(11) NOT NULL,
  `sucursal_nombre` varchar(200) NOT NULL,
  `sucursal_nit` varchar(20) NOT NULL,
  `sucursal_razonsocial` text NOT NULL,
  `sucursal_direccion` text NOT NULL,
  `sucursal_telefono` varchar(9) NOT NULL,
  `sucursal_mision` text NOT NULL,
  `sucursal_vision` text NOT NULL,
  `sucursal_valores` text NOT NULL,
  `sucursal_eslogan` text NOT NULL,
  `sucursal_logo` text NOT NULL
) ENGINE=InnoDB DEFAULT CHARSET=utf8;

--
-- Volcado de datos para la tabla `tab_sucursal`
--

INSERT INTO `tab_sucursal` (`sucursal_id`, `sucursal_nombre`, `sucursal_nit`, `sucursal_razonsocial`, `sucursal_direccion`, `sucursal_telefono`, `sucursal_mision`, `sucursal_vision`, `sucursal_valores`, `sucursal_eslogan`, `sucursal_logo`) VALUES
(1, 'CO-AGESALUD', '0702-120716-101-5', 'Cooperativa de ahorro y crédito', 'Carretera Panamericana Km. 33, Barrio El Calvario, Cojutepeque, Cuscatlán.', '2349-2150', 'Lorem ipsum dolor sit amet, consectetuer adipiscing elit. Aenean commodo ligula eget dolor. Aenean massa. Cum sociis natoque penatibus et magnis dis parturient montes, nascetur ridiculus mus. Donec quam felis, ', 'Lorem ipsum dolor sit amet, consectetuer adipiscing elit. Aenean commodo ligula eget dolor. Aenean massa. Cum sociis natoque penatibus et magnis dis parturient montes, nascetur ridiculus mus. Donec quam felis, ', 'Lorem ipsum dolor sit amet, consectetuer adipiscing elit. Aenean commodo ', 'Tus aportes de hoy serán tu éxito futuro', '../../img/logos/logo1.png');

-- --------------------------------------------------------

--
-- Estructura de tabla para la tabla `tab_tipo_credito`
--

CREATE TABLE `tab_tipo_credito` (
  `tipocredito_id` int(11) NOT NULL,
  `tipocredito_correlativo` varchar(3) NOT NULL,
  `tipocredito_nombre` varchar(200) NOT NULL,
  `tipocredito_interes` float NOT NULL,
  `tipocredito_interesxmora` float NOT NULL,
  `tipocredito_plazomaximo` smallint(6) NOT NULL,
  `tipocredito_montominimo` float NOT NULL,
  `tipocredito_montomaximo` float NOT NULL
) ENGINE=InnoDB DEFAULT CHARSET=utf8;

--
-- Volcado de datos para la tabla `tab_tipo_credito`
--

INSERT INTO `tab_tipo_credito` (`tipocredito_id`, `tipocredito_correlativo`, `tipocredito_nombre`, `tipocredito_interes`, `tipocredito_interesxmora`, `tipocredito_plazomaximo`, `tipocredito_montominimo`, `tipocredito_montomaximo`) VALUES
(1, '01', 'Consumo', 24, 6, 96, 200, 15000),
(2, '02', 'Consolidación de Deudas', 24, 6, 96, 200, 15000),
(3, '03', 'Prueba', 5, 5, 5, 5, 5),
(4, '04', 'Otra prueba', 3, 3, 3, 3, 3);

-- --------------------------------------------------------

--
-- Estructura de tabla para la tabla `tab_tipo_cuenta`
--

CREATE TABLE `tab_tipo_cuenta` (
  `tipocuenta_id` int(11) NOT NULL,
  `tipocuenta_correlativo` varchar(3) NOT NULL,
  `tipocuenta_nombre` varchar(200) NOT NULL,
  `tipocuenta_interes` float NOT NULL,
  `tipocuenta_montominimo` float NOT NULL,
  `tipocuenta_cobromontominimo` float NOT NULL,
  `tipocuenta_montoapertura` float NOT NULL
) ENGINE=InnoDB DEFAULT CHARSET=utf8;

--
-- Volcado de datos para la tabla `tab_tipo_cuenta`
--

INSERT INTO `tab_tipo_cuenta` (`tipocuenta_id`, `tipocuenta_correlativo`, `tipocuenta_nombre`, `tipocuenta_interes`, `tipocuenta_montominimo`, `tipocuenta_cobromontominimo`, `tipocuenta_montoapertura`) VALUES
(19, '01', 'APORTACIONES', 6, 10, 5, 10),
(20, '02', 'AHORRO NAVIDEÑO', 2.5, 10, 1, 5),
(21, '03', 'AHORRO A LA VISTA', 2.5, 10, 1, 5),
(22, '04', 'CO-AGESALITO', 2.5, 10, 1, 5);

--
-- Índices para tablas volcadas
--

--
-- Indices de la tabla `tab_asociado`
--
ALTER TABLE `tab_asociado`
  ADD PRIMARY KEY (`asociado_id`),
  ADD UNIQUE KEY `asociado_correlativo` (`asociado_correlativo`),
  ADD KEY `asociado_institucionsaludid` (`asociado_institucionsaludid`),
  ADD KEY `asociado_empresaid` (`asociado_sucursalid`);

--
-- Indices de la tabla `tab_beneficiario`
--
ALTER TABLE `tab_beneficiario`
  ADD KEY `beneficiario_asociadoid` (`beneficiario_asociadoid`);

--
-- Indices de la tabla `tab_calculo`
--
ALTER TABLE `tab_calculo`
  ADD PRIMARY KEY (`calculos_correla`);

--
-- Indices de la tabla `tab_capital`
--
ALTER TABLE `tab_capital`
  ADD PRIMARY KEY (`capital_id`),
  ADD KEY `capital_empresaid` (`capital_sucursalid`);

--
-- Indices de la tabla `tab_cotitular`
--
ALTER TABLE `tab_cotitular`
  ADD KEY `cotitular_asociadoid` (`cotitular_asociadoid`);

--
-- Indices de la tabla `tab_credito`
--
ALTER TABLE `tab_credito`
  ADD PRIMARY KEY (`credito_id`),
  ADD KEY `credito_solicitudcreditoid` (`credito_solicitudcreditoid`),
  ADD KEY `credito_tipocreditoid` (`credito_tipocreditoid`);

--
-- Indices de la tabla `tab_credito_movimiento`
--
ALTER TABLE `tab_credito_movimiento`
  ADD PRIMARY KEY (`creditomovimiento_id`),
  ADD KEY `creditomovimiento_creditoid` (`creditomovimiento_creditoid`);

--
-- Indices de la tabla `tab_cuenta`
--
ALTER TABLE `tab_cuenta`
  ADD PRIMARY KEY (`cuenta_id`),
  ADD KEY `cuenta_asociadoid` (`cuenta_asociadoid`),
  ADD KEY `cuenta_tipocuentaid` (`cuenta_tipocuentaid`) USING BTREE;

--
-- Indices de la tabla `tab_cuenta_autorizados`
--
ALTER TABLE `tab_cuenta_autorizados`
  ADD KEY `cuentaautorizados_cuentaid` (`cuentaautorizados_cuentaid`);

--
-- Indices de la tabla `tab_cuenta_movimiento`
--
ALTER TABLE `tab_cuenta_movimiento`
  ADD PRIMARY KEY (`cuentamovimiento_id`),
  ADD KEY `cuentamovimiento_cuentaid` (`cuentamovimiento_cuentaid`);

--
-- Indices de la tabla `tab_institucion_salud`
--
ALTER TABLE `tab_institucion_salud`
  ADD PRIMARY KEY (`institucionsalud_id`);

--
-- Indices de la tabla `tab_solicitud_credito`
--
ALTER TABLE `tab_solicitud_credito`
  ADD PRIMARY KEY (`solicitudcredito_id`),
  ADD KEY `solicitudcredito_asociadoid` (`solicitudcredito_asociadoid`);

--
-- Indices de la tabla `tab_sucursal`
--
ALTER TABLE `tab_sucursal`
  ADD PRIMARY KEY (`sucursal_id`);

--
-- Indices de la tabla `tab_tipo_credito`
--
ALTER TABLE `tab_tipo_credito`
  ADD PRIMARY KEY (`tipocredito_id`),
  ADD UNIQUE KEY `tipocredito_` (`tipocredito_correlativo`);

--
-- Indices de la tabla `tab_tipo_cuenta`
--
ALTER TABLE `tab_tipo_cuenta`
  ADD PRIMARY KEY (`tipocuenta_id`),
  ADD UNIQUE KEY `tipocuenta_correlativo` (`tipocuenta_correlativo`);

--
-- AUTO_INCREMENT de las tablas volcadas
--

--
-- AUTO_INCREMENT de la tabla `tab_asociado`
--
ALTER TABLE `tab_asociado`
  MODIFY `asociado_id` int(11) NOT NULL AUTO_INCREMENT, AUTO_INCREMENT=104;
--
-- AUTO_INCREMENT de la tabla `tab_calculo`
--
ALTER TABLE `tab_calculo`
  MODIFY `calculos_correla` int(11) NOT NULL AUTO_INCREMENT, AUTO_INCREMENT=1574;
--
-- AUTO_INCREMENT de la tabla `tab_capital`
--
ALTER TABLE `tab_capital`
  MODIFY `capital_id` int(11) NOT NULL AUTO_INCREMENT;
--
-- AUTO_INCREMENT de la tabla `tab_credito`
--
ALTER TABLE `tab_credito`
  MODIFY `credito_id` int(11) NOT NULL AUTO_INCREMENT, AUTO_INCREMENT=3;
--
-- AUTO_INCREMENT de la tabla `tab_credito_movimiento`
--
ALTER TABLE `tab_credito_movimiento`
  MODIFY `creditomovimiento_id` int(11) NOT NULL AUTO_INCREMENT;
--
-- AUTO_INCREMENT de la tabla `tab_cuenta_movimiento`
--
ALTER TABLE `tab_cuenta_movimiento`
  MODIFY `cuentamovimiento_id` int(11) NOT NULL AUTO_INCREMENT, AUTO_INCREMENT=437;
--
-- AUTO_INCREMENT de la tabla `tab_institucion_salud`
--
ALTER TABLE `tab_institucion_salud`
  MODIFY `institucionsalud_id` int(11) NOT NULL AUTO_INCREMENT, AUTO_INCREMENT=5;
--
-- AUTO_INCREMENT de la tabla `tab_solicitud_credito`
--
ALTER TABLE `tab_solicitud_credito`
  MODIFY `solicitudcredito_id` int(11) NOT NULL AUTO_INCREMENT, AUTO_INCREMENT=3;
--
-- AUTO_INCREMENT de la tabla `tab_sucursal`
--
ALTER TABLE `tab_sucursal`
  MODIFY `sucursal_id` int(11) NOT NULL AUTO_INCREMENT, AUTO_INCREMENT=2;
--
-- AUTO_INCREMENT de la tabla `tab_tipo_credito`
--
ALTER TABLE `tab_tipo_credito`
  MODIFY `tipocredito_id` int(11) NOT NULL AUTO_INCREMENT, AUTO_INCREMENT=5;
--
-- AUTO_INCREMENT de la tabla `tab_tipo_cuenta`
--
ALTER TABLE `tab_tipo_cuenta`
  MODIFY `tipocuenta_id` int(11) NOT NULL AUTO_INCREMENT, AUTO_INCREMENT=23;
--
-- Restricciones para tablas volcadas
--

--
-- Filtros para la tabla `tab_asociado`
--
ALTER TABLE `tab_asociado`
  ADD CONSTRAINT `tab_asociado_ibfk_1` FOREIGN KEY (`asociado_institucionsaludid`) REFERENCES `tab_institucion_salud` (`institucionsalud_id`) ON UPDATE CASCADE,
  ADD CONSTRAINT `tab_asociado_ibfk_2` FOREIGN KEY (`asociado_sucursalid`) REFERENCES `tab_sucursal` (`sucursal_id`) ON UPDATE CASCADE;

--
-- Filtros para la tabla `tab_beneficiario`
--
ALTER TABLE `tab_beneficiario`
  ADD CONSTRAINT `tab_beneficiario_ibfk_1` FOREIGN KEY (`beneficiario_asociadoid`) REFERENCES `tab_asociado` (`asociado_id`) ON DELETE CASCADE ON UPDATE CASCADE;

--
-- Filtros para la tabla `tab_capital`
--
ALTER TABLE `tab_capital`
  ADD CONSTRAINT `tab_capital_ibfk_1` FOREIGN KEY (`capital_sucursalid`) REFERENCES `tab_sucursal` (`sucursal_id`) ON UPDATE CASCADE;

--
-- Filtros para la tabla `tab_cotitular`
--
ALTER TABLE `tab_cotitular`
  ADD CONSTRAINT `tab_cotitular_ibfk_1` FOREIGN KEY (`cotitular_asociadoid`) REFERENCES `tab_asociado` (`asociado_id`);

--
-- Filtros para la tabla `tab_credito`
--
ALTER TABLE `tab_credito`
  ADD CONSTRAINT `tab_credito_ibfk_1` FOREIGN KEY (`credito_solicitudcreditoid`) REFERENCES `tab_solicitud_credito` (`solicitudcredito_id`) ON UPDATE CASCADE,
  ADD CONSTRAINT `tab_credito_ibfk_2` FOREIGN KEY (`credito_tipocreditoid`) REFERENCES `tab_tipo_credito` (`tipocredito_id`) ON UPDATE CASCADE;

--
-- Filtros para la tabla `tab_credito_movimiento`
--
ALTER TABLE `tab_credito_movimiento`
  ADD CONSTRAINT `tab_credito_movimiento_ibfk_1` FOREIGN KEY (`creditomovimiento_creditoid`) REFERENCES `tab_credito` (`credito_id`) ON UPDATE CASCADE;

--
-- Filtros para la tabla `tab_cuenta`
--
ALTER TABLE `tab_cuenta`
  ADD CONSTRAINT `tab_cuenta_ibfk_1` FOREIGN KEY (`cuenta_asociadoid`) REFERENCES `tab_asociado` (`asociado_id`) ON UPDATE CASCADE,
  ADD CONSTRAINT `tab_cuenta_ibfk_2` FOREIGN KEY (`cuenta_tipocuentaid`) REFERENCES `tab_tipo_cuenta` (`tipocuenta_id`) ON UPDATE CASCADE;

--
-- Filtros para la tabla `tab_cuenta_autorizados`
--
ALTER TABLE `tab_cuenta_autorizados`
  ADD CONSTRAINT `tab_cuenta_autorizados_ibfk_1` FOREIGN KEY (`cuentaautorizados_cuentaid`) REFERENCES `tab_cuenta` (`cuenta_id`) ON UPDATE CASCADE;

--
-- Filtros para la tabla `tab_cuenta_movimiento`
--
ALTER TABLE `tab_cuenta_movimiento`
  ADD CONSTRAINT `tab_cuenta_movimiento_ibfk_1` FOREIGN KEY (`cuentamovimiento_cuentaid`) REFERENCES `tab_cuenta` (`cuenta_id`) ON UPDATE CASCADE;

--
-- Filtros para la tabla `tab_solicitud_credito`
--
ALTER TABLE `tab_solicitud_credito`
  ADD CONSTRAINT `tab_solicitud_credito_ibfk_1` FOREIGN KEY (`solicitudcredito_asociadoid`) REFERENCES `tab_asociado` (`asociado_id`) ON UPDATE CASCADE;

/*!40101 SET CHARACTER_SET_CLIENT=@OLD_CHARACTER_SET_CLIENT */;
/*!40101 SET CHARACTER_SET_RESULTS=@OLD_CHARACTER_SET_RESULTS */;
/*!40101 SET COLLATION_CONNECTION=@OLD_COLLATION_CONNECTION */;
