-- phpMyAdmin SQL Dump
-- version 4.6.6
-- https://www.phpmyadmin.net/
--
-- Servidor: localhost
-- Tiempo de generación: 04-10-2017 a las 15:46:37
-- Versión del servidor: 5.7.17-log
-- Versión de PHP: 5.6.30

SET SQL_MODE = "NO_AUTO_VALUE_ON_ZERO";
SET time_zone = "+00:00";


/*!40101 SET @OLD_CHARACTER_SET_CLIENT=@@CHARACTER_SET_CLIENT */;
/*!40101 SET @OLD_CHARACTER_SET_RESULTS=@@CHARACTER_SET_RESULTS */;
/*!40101 SET @OLD_COLLATION_CONNECTION=@@COLLATION_CONNECTION */;
/*!40101 SET NAMES utf8mb4 */;

--
-- Base de datos: `coagesaludv3`
--
CREATE DATABASE IF NOT EXISTS `coagesaludv3` DEFAULT CHARACTER SET utf8 COLLATE utf8_general_ci;
USE `coagesaludv3`;

-- --------------------------------------------------------

--
-- Estructura de tabla para la tabla `tab_asociado`
--

CREATE TABLE `tab_asociado` (
  `asociado_id` int(11) NOT NULL,
  `asociado_correlativo` varchar(10) NOT NULL,
  `asociado_nombre` varchar(200) NOT NULL,
  `asociado_dui` varchar(10) NOT NULL,
  `asociado_nit` varchar(20) NOT NULL,
  `asociado_extendido` varchar(100) NOT NULL,
  `asociado_fechaextendido` date NOT NULL,
  `asociado_lugarnacimiento` varchar(100) NOT NULL,
  `asociado_fechanacimiento` date NOT NULL,
  `asociado_nacionalidad` varchar(100) NOT NULL,
  `asociado_estadocivil` varchar(100) NOT NULL,
  `asociado_departamento` varchar(100) NOT NULL,
  `asociado_municipio` varchar(200) NOT NULL,
  `asociado_direccion` text NOT NULL,
  `asociado_profesionoficio` varchar(200) NOT NULL,
  `asociado_ingresomes` float NOT NULL,
  `asociado_estado` varchar(100) NOT NULL,
  `asociado_institucionsaludid` int(11) NOT NULL,
  `asociado_sucursalid` int(11) NOT NULL,
  `asociado_fechasesion` date NOT NULL,
  `asociado_numacta` int(11) NOT NULL,
  `asociado_numpunto` varchar(10) NOT NULL
) ENGINE=InnoDB DEFAULT CHARSET=utf8;

--
-- Volcado de datos para la tabla `tab_asociado`
--

INSERT INTO `tab_asociado` (`asociado_id`, `asociado_correlativo`, `asociado_nombre`, `asociado_dui`, `asociado_nit`, `asociado_extendido`, `asociado_fechaextendido`, `asociado_lugarnacimiento`, `asociado_fechanacimiento`, `asociado_nacionalidad`, `asociado_estadocivil`, `asociado_departamento`, `asociado_municipio`, `asociado_direccion`, `asociado_profesionoficio`, `asociado_ingresomes`, `asociado_estado`, `asociado_institucionsaludid`, `asociado_sucursalid`, `asociado_fechasesion`, `asociado_numacta`, `asociado_numpunto`) VALUES
(15, '001', 'Milagro del Carmen Ventura Rivera', '015971826', '07020308701014', 'Cojutepeque', '2010-08-21', 'Cojutepeque', '1970-08-03', 'Savadoreño/a', 'Divorciado/a', 'Cuscatlán', 'Cojutepeque', 'Col. El Salvador, Calle Los Rivera No. 18 Cojutepeque', 'Empleada', 2, 'Activo', 2, 1, '2016-07-12', 1, ''),
(16, '002', 'Susana del Carmen Vàsquez de Peña', '011064708', '07050605731018', 'San Salvador', '2010-04-26', 'Monte San Juan', '1973-05-06', 'Savadoreño/a', 'Casado/a', 'Cuscatlán', 'Cojutepeque', 'Bo. San Juan Final Colonia San Francisco', 'Empleada', 1552.01, 'Activo', 2, 1, '2016-07-12', 1, ''),
(17, '003', 'Concepciòn Guadalupe Viera de Hernàndez', '008204593', '10090812721027', 'San Vicente', '2011-01-27', 'San Sebastiàn', '1972-12-08', 'Savadoreño/a', 'Casado/a', 'Cuscatlán', 'Cojutepeque', 'Col. Jardines de las Pavas, Pasaje No. 3 , casa No. 60 Cojutepeque', 'Empleada', 1036.01, 'Activo', 3, 1, '2016-07-12', 1, ''),
(18, '004', 'Marta Lidia Rosales Gonzàlez', '006867824', '07020804771030', 'San Salvador', '2016-08-26', 'Cojutepeque', '1977-04-08', 'Savadoreño/a', 'Soltero/a', 'Cuscatlán', 'Cojutepeque', 'Colonia Diaz Nuila Pasaje Iberia Cojutepeque', 'Contador', 1245.91, 'Activo', 2, 1, '2016-07-12', 1, ''),
(19, '005', 'Marta Ruth Argueta Berdugo', '02469736-6', '07022205831010', 'Cojutepeque', '2010-05-26', 'Cojutepeque', '1983-05-22', 'Savadoreño/a', 'Soltero/a', 'Cuscatlán', 'Cojutepeque', 'Barrio San Nicolas 3a.Av. Sur No. 21B Cojutepeque', 'Licda. en Psicologìa', 738.95, 'Activo', 2, 1, '2016-07-12', 1, ''),
(20, '006', 'JUAN JAIRO RECINOS REYES', '02637035-0', '06171212841014', 'SOYAPANGO', '2012-07-03', 'CUSCATANCINGO', '1984-12-12', 'Savadoreño/a', 'Casado/a', 'Cuscatlán', 'Cojutepeque', 'URB. SAN PABLO CALLE INTERNACIONAL No. 5C SOYAPANGO', 'ESTUDIANTE', 1, 'Activo', 2, 1, '2016-07-12', 1, ''),
(21, '007', 'JOSE VIRGILIO GUERRA SALES', '004933603', '06141303831198', 'SOYAPANGO', '2016-02-06', 'SAN SALVADOR', '1983-03-13', 'Savadoreño/a', 'Soltero/a', 'Cuscatlán', 'Cojutepeque', 'URB. LA PAZ PJE. SANTA MARIA BLOCK B No. 123 SOYAPANGO', 'TECNICO EN ENFERMERIA', 700, 'Activo', 2, 1, '2016-07-12', 1, ''),
(22, '008', 'HIBET LISETE ARELY SOSA DE AGUILAR', '005872193', '07101801691010', 'Cojutepeque', '2016-01-15', 'SAN PEDRO PERULAPAN', '1969-01-18', 'Savadoreño/a', 'Casado/a', 'Cuscatlán', 'Cojutepeque', 'Bo. EL CALVARIO AV. MORAZÀN No. 26 SAN PEDRO PERULAPAN', 'LIC. EN ANESTESIOLOGÌA E INHALOTERAPIA', 1, 'Activo', 2, 1, '2016-07-12', 1, ''),
(23, '009', 'MIRNA YOLANDA GUTIERREZ AVALOS', '011920564', '09010706731014', 'SAN SALVADOR', '2010-06-12', 'CINQUERA CABAÑAS', '1973-06-07', 'Savadoreño/a', 'Soltero/a', 'Cuscatlán', 'Cojutepeque', 'Bo. EL CALVARIO 2a. CALLE PTE. NO. 41 COJUTEPEQUE', 'DRA. EN MEDICINA', 2939.78, 'Activo', 2, 1, '2016-07-12', 1, ''),
(24, '010', 'SARA NOEMY VENTURA RIVERA', '00678250-3', '0702-120177-103-2', 'SAN SALVADOR', '2010-12-06', 'COJUTEPEQUE', '1977-01-12', 'Savadoreño/a', 'Soltero/a', 'Cuscatlán', 'Cojutepeque', 'COL. EL SALVADOR 2o. PASAJE CASA No. 12 COJUTEPEQUE', 'ODONTOLOGA', 2200, 'Activo', 3, 1, '2016-07-12', 1, ''),
(25, '011', 'GLORIA LETICIA QUEZADA ARDÒN', '01282979-5', '0705-260462-001-0', 'SAN SALVADOR', '2010-04-16', 'MONTE SAN JUAN', '1962-04-26', 'Savadoreño/a', 'Soltero/a', 'Cuscatlán', 'Cojutepeque', 'Bo. EL CENTRO MONTE SAN JUAN', 'LICDA. EN ENFERMERÌA', 2, 'Activo', 2, 1, '2016-07-12', 1, ''),
(26, '012', 'MIRNA ELIZABETH MEJIA MORALES', '02404374-5', '1010-281069-105-6', 'SAN VICENTE', '2010-10-22', 'SAN VICENTE', '1969-10-28', 'Savadoreño/a', 'Viudo/a', 'Cuscatlán', 'Cojutepeque', 'COL. QUEZADA AV. LA SABANA, CASA No. 3 COJUTEPEQUE', 'SECRETARIA', 1, 'Activo', 3, 1, '2016-07-12', 1, ''),
(27, '013', 'MARIA ADELA GONZALEZ ESPINOLA', '00465483-5', '0711-200281-102-0', 'COJUTEPEQUE', '2012-10-03', 'SAN RAFAEL CEDROS', '1981-02-20', 'Savadoreño/a', 'Soltero/a', 'Cuscatlán', 'Cojutepeque', 'CANTON EL ESPINAL, SAN RAFAEL CEDROS', 'ESTUDIANTE', 347, 'Activo', 2, 1, '2016-07-12', 1, ''),
(28, '014', 'MARIA GUADALUPE MEJIA DE JOVEL', '00052019-9', '0703-121263-101-7', 'SAN VICENTE', '2010-12-13', 'EL CARMEN CUSCATLÀN', '1963-12-12', 'Savadoreño/a', 'Casado/a', 'Cuscatlán', 'Cojutepeque', 'Bo. SAN ANTONIO, CALLE ANDRES MOLINS, CASA No. 37, SAN SEBASTIAN', 'LICDA. EN ENFERMERIA', 1, 'Activo', 2, 1, '2016-07-12', 1, ''),
(29, '015', 'LUIS ARTURO VENTURA CRUZ', '01368336-2', '0614-270774-101-6', 'SAN SALVADOR', '2010-09-17', 'SAN SALVADOR', '1974-07-27', 'Savadoreño/a', 'Casado/a', 'Cuscatlán', 'Cojutepeque', 'COL. VISTA HERMOSA, AV. VISTA HERMOSA, nO. 411', 'DR. EN MEDICIA', 1, 'Activo', 2, 1, '2016-07-12', 1, ''),
(30, '016', 'IVONNE ELIZABETH HENRIQUEZ AQUINO', '00130055-0', '0614-050180-135-4', 'SAN SALVADOR', '2016-06-02', 'SAN SALVADOR', '1980-01-05', 'Savadoreño/a', 'Soltero/a', 'Cuscatlán', 'Cojutepeque', 'COL. SANTA GERTRUDIS, AV. 14 DE AGOSTO, BLOCK B, CASA 14, MEJICANOS', 'DR. EN MEDICINA', 1, 'Activo', 2, 1, '2016-07-12', 1, ''),
(31, '017', 'ARACELY MARGARITA ARGUETA DE GARCIA', '03061538-0', '0614-240879-103-1', 'SAN SALVADOR', '2010-08-13', 'SAN SALVADOR', '1979-08-24', 'Savadoreño/a', 'Casado/a', 'Cuscatlán', 'Cojutepeque', 'URS NUEVA METROPOLIS 1, SENDA A, No. 14 MEJICANOS', 'DRA. EN MEDICINA', 1, 'Activo', 2, 1, '2016-07-12', 1, ''),
(32, '018', 'ANA MAVEL GUILLEN DE ALEMAN', '01454045-2', '0904-260771-101-9', 'SAN SALVADOR', '2010-07-08', 'JUTIAPA, CABAÑAS', '1971-07-26', 'Savadoreño/a', 'Casado/a', 'Cuscatlán', 'Cojutepeque', 'COL. DIAZ NUILA PASAJE 6, No.8 COJUTEPEQUE', 'ENFERMERA', 1, 'Activo', 2, 1, '2016-07-12', 1, ''),
(33, '019', 'MARIA IRENE MANZANARES OVIEDO', '00648585-0', '1002-050455-001-1', 'COJUTEPEQUE', '2016-12-05', 'GUADALUPE, SAN VICENTE', '1955-04-05', 'Savadoreño/a', 'Divorciado/a', 'Cuscatlán', 'Cojutepeque', 'Bo. SANTA LUCÌA, 3a. CALLE OTE, CASA No. 39 COJUTEPEQUE', 'LICDA. EN ENFERMERIA', 1, 'Activo', 2, 1, '2016-07-12', 1, ''),
(34, '020', 'MARIO PERFECTO HERNANDEZ MARTINEZ', '01609519-4', '0702-180458-001-9', 'COJUTEPEQUE', '2013-12-18', 'COJUTEPEQUE', '1958-04-18', 'Savadoreño/a', 'Divorciado/a', 'Cuscatlán', 'Cojutepeque', 'Bo. SAN JOSÈ CALLE A CANDELARIA, PASAJE HERNÀNDEZ, COJUTEPEQUE', 'EMPLEADO', 1, 'Activo', 2, 1, '2016-07-12', 1, ''),
(35, '021', 'ROSA MARIBEL OSORIO DE PEREZ', '00158091-4', '1001-211275-101-3', 'COJUTEPEQUE', '2011-03-09', 'APASTEPEQUE, SAN VICENTE', '1975-12-12', 'Savadoreño/a', 'Casado/a', 'Cuscatlán', 'Cojutepeque', 'COL. LAS BRUMAS, BLOCK C,  PASAJE 4, CASA nO. 14, COJUTEPEQUE', 'ESTUDIANTE', 966, 'Activo', 2, 1, '2016-07-12', 1, ''),
(36, '022', 'GABRIELA SARAI ALFARO DE PEREZ', '02554215-8', '0614-111184-117-3', 'SOYAPANGO', '2010-11-26', 'SAN SALVADOR', '1984-11-11', 'Savadoreño/a', 'Casado/a', 'Cuscatlán', 'Cojutepeque', 'KM 221/2 CARRETERA PANAMERICANA, CANTON LA LOMA, SAN PEDRO PERULAPAN', 'LICDA. EN ENFERMERIA', 943, 'Activo', 2, 1, '2016-07-12', 1, ''),
(37, '023', 'MAURICIO ANTONIO ABARCA RIVERA', '01945025-9', '0903-140965-001-3', 'COJUTEPEQUE', '2010-05-30', 'ILOBASCO', '1965-09-14', 'Savadoreño/a', 'Soltero/a', 'Cuscatlán', 'Cojutepeque', 'Bo. EL CALVARIO, AV. CARLOS BONILLA, ILOBASCO', 'DR. EN MEDICINA', 4, 'Activo', 2, 1, '2016-07-12', 1, ''),
(38, '024', 'IXCHELL MARIA MEDRANO CANTARELY', '03183175-1', '0614-140171-281-1', 'SAN SALVADOR', '2010-12-02', 'SAN SALVADOR', '1981-12-07', 'Savadoreño/a', 'Soltero/a', 'Cuscatlán', 'Cojutepeque', 'CALLE JOSE MATIAS DELGADO No. 26 COJUTEPEQUE', 'DRA. EN MEDICINA', 1, 'Activo', 2, 1, '2016-07-12', 1, ''),
(39, '025', 'RONY FERNANDO AZUCENA MOLINA', '03192555-0', '0702-091182-101-6', 'COJUTEPEQUE', '2010-12-02', 'COJUTEPEQUE', '1982-11-09', 'Savadoreño/a', 'Soltero/a', 'Cuscatlán', 'Cojutepeque', 'CALLE JOSE MATIAS DELGADO CASA NO. 26, COJUTEPEQUE', 'ESTUDIANTE', 1, 'Activo', 2, 1, '2016-07-12', 1, ''),
(40, '026', 'YANIRA DEL ROSARIO CONSTANZA ARGUETA', '01756831-0', '0702-120964-101-4', 'COJUTEPEQUE', '2010-09-18', 'COJUTEPEQUE', '1964-09-12', 'Savadoreño/a', 'Soltero/a', 'Cuscatlán', 'Cojutepeque', 'BO. SAN NICOLAS, 1a. CALLE PONIENTE CASA No. 11 COJUEPEQUE', 'DRA. EN MEDICINA', 2, 'Activo', 2, 1, '2016-07-12', 1, ''),
(41, '027', 'ROSAURA HIDALGO', '01581479-9', '0906-010857-002-9', 'COJUTEPEQUE', '2010-07-13', 'SENSUNTEPEQUE', '1957-08-01', 'Savadoreño/a', 'Soltero/a', 'Cuscatlán', 'Cojutepeque', 'COL. DELICIAS DEL NORTE , AV. MONTREAL, CASA No. 19, MEJICANOS', 'EMPLEADA', 1, 'Activo', 2, 1, '2016-07-12', 1, ''),
(42, '028', 'DAVID ERNESTO MOREIRA', '00943308-0', '0702-160580-101-6', 'COJUTEPEQUE', '2017-02-01', 'COJUTEPEQUE', '1980-05-16', 'Savadoreño/a', 'Casado/a', 'Cuscatlán', 'Cojutepeque', 'Bo. CONCEPCIÒN, AV. GENERAL BRIOSO CASA No. 4, COJUTEPEQUE', 'EMPLEADO', 945.3, 'Activo', 2, 1, '2016-07-12', 1, ''),
(43, '029', 'MARTA ISABEL GARCIA DE TORRES', '01183905-6', '0702-110563-001-0', 'COJUTEPEQUE', '2016-09-29', 'COJUTEPEQUE', '1963-05-11', 'Savadoreño/a', 'Casado/a', 'Cuscatlán', 'Cojutepeque', 'Bo. EL CALVARIO, 2a. CALLE PONIENTE, CASA No. 95, COJUTEPEQUE', 'ENFERMERA', 1, 'Activo', 2, 1, '2016-07-12', 1, ''),
(44, '030', 'OSCAR EDUARDO RODRIGUEZ PEREZ', '00486499-3', '0702-011081-109-4', 'SOYAPANGO', '2016-09-20', 'COJUTEPEQUE', '1981-10-01', 'Savadoreño/a', 'Soltero/a', 'Cuscatlán', 'Cojutepeque', 'Bo. CONCEPCIÒN AV. JOSE MARIA RIVAS NO.37, COJUTEPEQUE', 'ESTUDIANTE', 400, 'Activo', 2, 1, '2016-07-12', 1, ''),
(45, '031', 'ELSA DORIS MARTINEZ MALDONADO', '00788672-4', '0702-160357-101-3', 'COJUTEPEQUE', '2010-03-20', 'COJUTEPEQUE', '1957-03-16', 'Savadoreño/a', 'Divorciado/a', 'Cuscatlán', 'Cojutepeque', 'Bo. SANTA LUCIA, 3a. CALLE OTE. CASA No. 30 COJUTEPEQUE', 'SECRETARIA COMERCIAL', 1, 'Activo', 2, 1, '2016-07-12', 1, ''),
(46, '032', 'ELSA DEL CARMEN LOPEZ DE CERON', '00422235-3', '1012-211261-001-2', 'COJUTEPEQUE', '2010-02-27', 'TEPETITAN', '1961-02-21', 'Savadoreño/a', 'Casado/a', 'Cuscatlán', 'Cojutepeque', 'COL. SANTA LUCIA NO. 10-A, COJUTEPEQUE', 'EMPLEADA', 1026.33, 'Activo', 2, 1, '2016-07-12', 1, ''),
(47, '033', 'MARTHA MARIA CERON DE MARTINEZ', '01121037-5', '0702-250584-101-7', 'COJUTEPEQUE', '2010-05-22', 'COJUTEPEQUE', '1984-05-25', 'Savadoreño/a', 'Casado/a', 'Cuscatlán', 'Cojutepeque', 'COL. DIAZ NUILA PASAJE IBERIA CASA NO. 7-B COJUTEPEQUE', 'EMPLEADA', 416, 'Activo', 2, 1, '2016-07-12', 1, ''),
(48, '034', 'MERCEDES VIERA DE LÒPEZ', '01991943-6', '1009-260974-101-5', 'SAN SALVADOR', '2010-10-27', 'SAN SEBASTIAN', '1974-09-26', 'Savadoreño/a', 'Casado/a', 'Cuscatlán', 'Cojutepeque', 'COL. SANTA LUCIA, CALLE PRINCIPAL, BLOCK D, No. 33 COJUTEPEQUE', 'LICDA. EN ENFERMERIA', 1, 'Activo', 2, 1, '2016-07-12', 1, ''),
(49, '035', 'LUZ DE MARIA RIVAS NUÑEZ', '04242371-5', '0613-280190-102-1', 'SAN SALVADOR', '2013-04-06', 'SAN MARTIN, SS', '1990-01-28', 'Savadoreño/a', 'Soltero/a', 'Cuscatlán', 'Cojutepeque', 'COL. CIUDAD FUTURA 1, CALLE ICHANMICHEN, POL.23-D, No. 7 CUSCATANCINGO', 'ESTUDIANTE', 545.05, 'Activo', 2, 1, '2016-07-12', 1, ''),
(50, '036', 'BELKY JUDITH ESCOBAR DE MENJIVAR', '01101670-5', '1013-080573-101-9', 'COJUTEPEQUE', '2010-05-11', 'VERAPAZ SAN VICETE', '1973-05-08', 'Savadoreño/a', 'Casado/a', 'Cuscatlán', 'Cojutepeque', 'COL. DIAZ NUILA, PASAJE 2, CASA No. 4, COJUTEPEQUE', 'EMPLEADA', 1, 'Activo', 2, 1, '2016-07-12', 1, ''),
(51, '037', 'LORENA YANETH MARTINEZ MARTINEZ', '00989614-9', '0702-111168-103-4', 'COJUTEPEQUE', '2010-11-06', 'COJUTEPEQUE', '1968-11-11', 'Savadoreño/a', 'Divorciado/a', 'Cuscatlán', 'Cojutepeque', 'COL. SAN FRANCISCO, CALLE PRINCIPAL, No. 29 COJUTEPEQUE', 'SECRETARIA', 1, 'Activo', 2, 1, '2016-07-12', 1, ''),
(52, '038', 'MIGUEL ANGEL REYES BARRERA', '00841111-6', '0702-260482-103-6', 'COJUTEPEQUE', '2010-06-05', 'COJUTEPEQUE', '1982-04-26', 'Savadoreño/a', 'Soltero/a', 'Cuscatlán', 'Cojutepeque', 'Bo. SANTA LUCIA, 3a CALLE OTE., No. 38, COJUTEPEQUE', 'EMPLEADO', 481.9, 'Activo', 2, 1, '2016-07-12', 1, ''),
(53, '039', 'ROMMEL VLADIMIR ESCOBAR LOPEZ', '02211978-6', '0608-260771-101-0', 'COJUTEPEQUE', '2012-11-23', 'MEJICANOS', '1971-07-26', 'Savadoreño/a', 'Casado/a', 'Cuscatlán', 'Cojutepeque', 'CONDOMINIO MONTE MARIA, 1A. CALLE PTE. EDIFICIO D, APARTAMENTO3D, SAN SALVADOR', 'DR. EN MEDICINA', 772.66, 'Activo', 2, 1, '2016-07-12', 1, ''),
(54, '040', 'JORGE ALBERTO MELGAR MORAZÀN', '02136879-8', '0903-011066-101-0', 'ILOPANGO', '2010-10-28', 'ILOBASCO', '1966-10-01', 'Savadoreño/a', 'Casado/a', 'Cuscatlán', 'Cojutepeque', 'RESIDENCIAL BOSQUES DE LA PAZ, 4a. CALLE OTE. No. 2 ILOPANGO', 'DR. EN MEDICINA', 2, 'Activo', 2, 1, '2016-07-12', 1, ''),
(55, '041', 'ROSA EMILIA SANCHEZ DE CASTILLO', '02061729-1', '1121-020955-001-2', 'COJUTEPEQUE', '2010-12-23', 'SANTIAGO DE MARIA ', '1955-09-02', 'Savadoreño/a', 'Casado/a', 'Cuscatlán', 'Cojutepeque', 'COL. QUEZADA, CALLE LA SABANA, CASA No. 10 COJUTEPEQUE', 'ENFERMERA', 1, 'Activo', 2, 1, '2016-07-12', 1, ''),
(56, '042', 'BLANCA ROSA CAÑAS URQUILLA', '01315136-5', '1012-120662-001-1', 'ILOPANGO', '2010-08-11', 'TEPETITAN SAN VICENTE', '1962-06-12', 'Savadoreño/a', 'Soltero/a', 'Cuscatlán', 'Cojutepeque', 'RESIDENCIAL SANTA LUCIA NORTE, CALLE CIRCUNVALACIÒN, ILOPANGO', 'EMPLEADA', 1, 'Activo', 2, 1, '2016-07-12', 1, ''),
(57, '043', 'GERTRUDIS YAJAIRA GAVIDIA DE ESQUIVEL', '01822257-7', '0702-101073-101-4', 'COJUTEPEQUE', '2013-12-09', 'COJUTEPEQUE', '1973-10-10', 'Savadoreño/a', 'Casado/a', 'Cuscatlán', 'Cojutepeque', 'COL. BUENOS AIRES FINAL PJE. VISTA AL LAGO, COJUTEPEQUE', 'LICDA. EN ANETESIOLOGÌA E INHALOTERAPIA', 600, 'Activo', 2, 1, '2016-07-12', 1, ''),
(58, '044', 'BLANCA ESTELA PARADA PEREZ', '02881159-8', '0821-160774-103-4', 'ZACATECOLUCA', '2010-07-24', 'SAN SALVADOR', '1975-07-16', 'Savadoreño/a', 'Soltero/a', 'Cuscatlán', 'Cojutepeque', 'COL. JOSE SIMEON CAÑAS,  FINAL 1a. AV. SUR, ZACATECOLUCA', 'LICDA. EN ADMINISTRACIÒN DE EMPRESAS', 1, 'Activo', 3, 1, '2016-07-12', 1, ''),
(59, '045', 'MARTA ALICIA VASQUEZ', '01107293-9', '0702-190278-101-6', 'COJUTEPEQUE', '2015-04-28', 'COJUTEPEQUE', '1978-02-19', 'Savadoreño/a', 'Soltero/a', 'Cuscatlán', 'Cojutepeque', 'COL. EL SAVADOR, PAJE. 2, CASA No. 12, COJUTEPEQUE', 'PANIFICADOR', 721.45, 'Activo', 2, 1, '2016-07-12', 1, ''),
(60, '046', 'HILDA DINORA MARTINEZ DE GUZMÀN', '03227180-7', '0714-090384-101-1', 'SAN SALVADOR', '2012-01-09', 'SANTA CRUZ MICHAPA', '1984-03-09', 'Savadoreño/a', 'Casado/a', 'Cuscatlán', 'Cojutepeque', 'BO. EL CENTRO, 2A. CALLE PTE. No. 7 SANTA CRUZ MICHAPA', 'LICDA. EN ENFERMERIA', 300, 'Activo', 2, 1, '2016-12-21', 6, '7'),
(61, '047', 'EDEL VANESSA PANIAGUA DE ORELLANA', '00910181-1', '0711-060582-101-8', 'SAN SALVADOR', '2016-02-24', 'SAN RAFAEL CEDROS', '1982-05-03', 'Savadoreño/a', 'Casado/a', 'Cuscatlán', 'Cojutepeque', 'REPARTO SAN BARTOLO, POL.1, PJE. B , No. 172 ILOPANGO', 'CONTADOR', 459.14, 'Activo', 2, 1, '2016-11-23', 4, '6'),
(62, '048', 'LILIANA ARACELY VELASQUEZ MERINO', '03752780-5', '0702-010687-104-0', 'COJUTEPEQUE', '2010-10-30', 'COJUTEPEQUE', '1987-06-01', 'Savadoreño/a', 'Soltero/a', 'Cuscatlán', 'Cojutepeque', 'Bo. CONCEPCIÒN, 7a.CALLE PTE. COJUTEPEQUE', 'EMPLEADA', 478, 'Activo', 2, 1, '2016-11-23', 4, '6'),
(63, '049', 'AGUELIS DE JESUS HERNANDEZ DE POLANCO', '01168478-6', '0519-050674-101-9', 'COJUTEPEQUE', '2010-06-26', 'TALNIQUE', '1974-06-05', 'Savadoreño/a', 'Casado/a', 'Cuscatlán', 'Cojutepeque', 'COL. CAMPOS, PASAJE 3, CASA No. 5, COJUTEPEQUE', 'EMPLEADA', 800, 'Activo', 2, 1, '2016-11-23', 4, '6'),
(64, '050', 'ROSA ANGÈLICA RODRIGUEZ DE MELGAR', '02434304-8', '1006-020358-001-4', 'COJUTEPEQUE', '2015-05-12', 'SAN ESTEBAN CATARINA', '1958-03-02', 'Savadoreño/a', 'Casado/a', 'Cuscatlán', 'Cojutepeque', 'COL. SANTA LUCIA, CALLE PRINCIPAL, BLOCK E, CASA No. 14, COJUTEPEQUE', 'HIGIENISTA DENTAL', 1103, 'Activo', 2, 1, '2016-11-23', 4, '6'),
(65, '051', 'SAUL ERNESTO ROMÀN ASCENCIO', '02596015-2', '0614-080382-118-4', 'SAN SALVADOR', '2015-03-04', 'SAN SALVADOR', '1982-03-08', 'Savadoreño/a', 'Casado/a', 'Cuscatlán', 'Cojutepeque', 'RES. ATLANTA, CALLE AL VOLCAN, PJE. 7 BLOCK BB No. 11 MEJICANOS', 'ESTUDIANTE', 711.91, 'Activo', 2, 1, '2016-12-21', 6, '7'),
(66, '052', 'MARJERY YANETH ALFARO DE RAMOS', '00813866-1', '0702-170377-102-8', 'ILOPANGO', '2010-03-13', 'APASTEPEQUE', '1977-03-17', 'Savadoreño/a', 'Casado/a', 'Cuscatlán', 'Cojutepeque', 'CARRETERA PANAMERICANA KM. 36, COJUTEPEQUE', 'ENFERMERA', 1, 'Activo', 2, 1, '2016-12-21', 6, '7'),
(67, '053', 'MERCEDES DEL ROSARIO RAMÌREZ COSME', '01995836-7', '0702-300977-106-4', 'COJUTEPEQUE', '2010-10-08', 'COJUTEPEQUE', '1977-09-30', 'Savadoreño/a', 'Soltero/a', 'Cuscatlán', 'Cojutepeque', 'CASERÌO MADRECACAO, COJUTEPEQUE', 'TEC. EN ENFERMERÌA', 1, 'Activo', 2, 1, '2016-11-23', 4, '6'),
(68, '054', 'KARLA MARÌA POSADA MARTINEZ', '01065544-1', '0614-050483-132-7', 'SAN SALVADOR', '2010-04-17', 'SAN SALVADOR', '1983-04-05', 'Savadoreño/a', 'Soltero/a', 'Cuscatlán', 'Cojutepeque', 'RESIDENCIAL UNIVERSITARIA 1, BLOCK C, No. 9 SAN SALVADOR', 'DRA. EN MEDICINA', 1, 'Activo', 2, 1, '2016-11-23', 4, '6'),
(69, '055', 'JERONIMA ESPERANZA MIRANDA CUBÌAS', '02188576-6', '1008-041062-001-7', 'COJUTEPEQUE', '2010-09-30', 'SAN LORENZO', '1962-10-04', 'Savadoreño/a', 'Soltero/a', 'Cuscatlán', 'Cojutepeque', 'COL. JARDINES DE LA PAVAS, PJE. 3, CASA No. 66 COJUTEPEQUE', 'ENFERMERA', 1, 'Activo', 2, 1, '2016-12-21', 6, '7'),
(70, '056', 'ADRIANA MARGARITA AVILES CHAVEZ', '02055779-2', '0614-280984-172-4', 'CIUDAD DELGADO', '2010-09-22', 'SAN SALVADOR', '1984-09-28', 'Savadoreño/a', 'Soltero/a', 'Cuscatlán', 'Cojutepeque', 'RESIDENCIAL PALECA, SENDA VEHICULAR No. 12, CIUDAD DELGADO', 'DRA. EN MEDICINA', 1, 'Activo', 2, 1, '2016-12-21', 6, '7'),
(71, '057', 'SANDRA PATRICIA ALFARO DE LÒPEZ', '03490180-6', '1006-250484-101-8', 'SOYAPANGO', '2010-02-16', 'SAN ESTEBAN CATARINA', '1984-04-25', 'Savadoreño/a', 'Casado/a', 'Cuscatlán', 'Cojutepeque', 'COL. VILLA DE LOS ANGELES, PJE. 8 POL. L, No. 2-A, SOYAPANGO\nRES. CUMBRES DE SAN BARTOLO, POL. 6A, No. 22 TONACATEPEQUE', 'ESTUDIANTE', 676.2, 'Activo', 2, 1, '2016-12-21', 6, '7'),
(72, '058', 'MARITZA DEL CARMEN LOPEZ MEJIA', '01954670-4', '0702-111177-101-7', 'COJUTEPEQUE', '2010-11-26', 'COJUTEPEQUE', '1977-11-11', 'Savadoreño/a', 'Soltero/a', 'Cuscatlán', 'Cojutepeque', 'SAN SEBASTIAN', 'ENFERMERA AUXILIAR', 1, 'Activo', 2, 1, '2016-12-21', 6, '7'),
(73, '059', 'MARCO ANTONIO BURGOS CASTILLO', '00731897-5', '1009-250454-002-7', 'COJUTEPEQUE', '2010-04-10', 'SAN SEBASTIAN', '1954-04-25', 'Savadoreño/a', 'Casado/a', 'Cuscatlán', 'Cojutepeque', 'REPARTO RESIDENCIAL No. 2, PJE. 2 No. 20 COJUTEPEQUE', 'EMPLEADO', 1, 'Activo', 3, 1, '2016-12-21', 6, '7'),
(74, '060', 'THANIA GUADALUPE BENAVIDES DE LEON', '03519607-2', '1210-180386-101-0', 'SAN MIGUEL', '2015-06-08', 'NUEVA GUADALUPE', '1986-03-18', 'Savadoreño/a', 'Casado/a', 'Cuscatlán', 'Cojutepeque', 'Bo. SAN LUIS FINAL 1A. CALLE PTE. NUEVA GUADALUPE', 'LICDA. EN PSICOLOGÌA', 335.4, 'Activo', 2, 1, '2016-12-21', 6, '7'),
(75, '061', 'ARACELY ESMERALDA MONTOYA LOPEZ', '02384644-1', '0614-021084-153-7', 'SAN SALVADOR', '2010-10-08', 'SAN SALVADOR', '1984-10-02', 'Savadoreño/a', 'Soltero/a', 'Cuscatlán', 'Cojutepeque', 'C/ SAN PABLO SAN RAMON', 'TEC. EN ENFERMERIA', 500, 'Activo', 2, 1, '2016-12-21', 6, '7'),
(76, '062', 'BERTA MARIA CATIVO SERRANO', '03088311-1', '0614-190480-123-7', 'COJUTEPEQUE', '2015-11-30', 'SAN SALVADOR', '1980-04-19', 'Savadoreño/a', 'Soltero/a', 'Cuscatlán', 'Cojutepeque', 'BO SAN JUAN CL A SAN RAMON KM 2 CASA N. 10', 'AMA DE CASA', 300, 'Activo', 2, 1, '2016-12-21', 6, '7'),
(77, '063', 'WALTER ENMANUEL ORELLANA REYES', '01840041-8', '0614-150978-137-5', 'COJUTEPEQUE', '2016-09-28', 'SAN SALVADOR', '1978-09-15', 'Savadoreño/a', 'Casado/a', 'Cuscatlán', 'Cojutepeque', 'REPARTO SAN BARTOLO TICSA, POL. PASAJE B CASA NO. 172 ILOPANGO', 'DOCTOR EN MEDICINA', 1851.56, 'Activo', 2, 1, '2016-12-21', 6, '7'),
(78, '064', 'LESVIA IVENIA HERNANDEZ ROSALES', '01755270-9', '0702-110973-102-4', 'COJUTEPEQUE', '2010-10-01', 'COJUTEPEQUE', '1973-09-11', 'Savadoreño/a', 'Soltero/a', 'Cuscatlán', 'Cojutepeque', 'COL. CAMPOS PASAJE 1 CASA 18, COJUTEPEQUE', 'ENFERMERA', 1139.63, 'Activo', 2, 1, '2016-12-21', 6, '7'),
(79, '065', 'KELWIN ENZO LOPEZ VENTURA', '02714336-6', '0703-310185-101-0', 'COJUTEPEQUE', '2015-09-07', 'EL CARMEN CUSCATLAN', '1985-01-31', 'Savadoreño/a', 'Soltero/a', 'Cuscatlán', 'Cojutepeque', 'COL. SANTA LUCIA PASAJE 3 BLOC D CALLE PRINCIPAL  CASA 22 B, COJUTEPEQUE', 'DR EN MEDICINA', 1010, 'Activo', 2, 1, '2017-01-19', 7, '6'),
(80, '066', 'MARCO ANTONIO GRANILLO', '02557689-8', '0614-241276-109-0', 'SAN SALVADOR', '2015-09-05', 'SAN SALVADOR', '1976-12-24', 'Savadoreño/a', 'Casado/a', 'Cuscatlán', 'Cojutepeque', 'URB. SAN ERNESTO POL. F PASAJE E FINAL 5 CALLE ORIENTE 2 SANTA A', 'DR. EN MEDICINA', 969.15, 'Activo', 2, 1, '2017-01-19', 7, '6'),
(81, '067', 'JULISA ESTELA HERNANDEZ  DE HERNANDEZ', '00221824-3', '0702-160173-101-3', 'COJUTEPEQUE', '2015-02-11', 'COJUTEPEQUE', '1973-01-16', 'Savadoreño/a', 'Casado/a', 'Cuscatlán', 'Cojutepeque', 'COL. FUENTES 2 CALLE PPAL. No. 17 COJUTEPEQUE', 'TEC. EN ENFERMERIA', 728.97, 'Activo', 2, 1, '2017-01-19', 7, '6'),
(82, '068', 'MARIA CECILIA FLORES DE MORALES', '00322663-9', '1007-180272-101-6', 'COJUTEPEQUE', '2010-02-09', 'SAL ILDEFONSO SAN VICENTE', '1972-02-18', 'Savadoreño/a', 'Casado/a', 'Cuscatlán', 'Cojutepeque', 'COL. EL SALVADOR, AV. OJO DE AGUA, CAS No. 5B, COJUTEPEQUE', 'LIC. EN TRABAJO SOCIAL', 914.41, 'Activo', 2, 1, '2017-01-19', 7, '6'),
(83, '069', 'GILMA ISABEL LOPEZ DE LIMA', '03542893-2', '0703-170586-102-0', 'COJUTEPEQUE', '2015-07-14', 'EL CARMEN CUSCATLÀN', '1986-05-17', 'Savadoreño/a', 'Casado/a', 'Cuscatlán', 'Cojutepeque', 'MONTES DE SAN BARTOLO 4, PJE. 35, CASA No. 36, SOYAPANGO', 'LIC. EN ADMINISTRACIÒN DE EMPRESAS', 635, 'Activo', 2, 1, '2017-01-19', 7, '6'),
(84, '070', 'SARBELIO ROGEL SIGUI', '00302910-0', '0614-110252-102-6', 'COJUTEPEQUE', '2015-05-09', 'SAN SALVADOR', '1952-02-11', 'Savadoreño/a', 'Casado/a', 'Cuscatlán', 'Cojutepeque', 'REP. LOMA LINDA CALLE PANAMERICANA KM 211/2 PJE. 1 BLOCK C CASA NO. 44 SAN PEDRO PERULAPAN', 'EMPLEADO', 916, 'Activo', 2, 1, '2017-01-19', 7, '6'),
(85, '071', 'MARIA ALICIA RIVAS MUÑOZ', '02051646-1', '0711-230974-101-1', 'COJUTEPEQUE', '2010-09-08', 'SAN RAFAEL CEDROS', '1974-09-23', 'Savadoreño/a', 'Soltero/a', 'Cuscatlán', 'Cojutepeque', 'CARRETERA PANAMERICANA KM.34, CASA 23, COJUTEPEQUE', 'ENFERMERA', 1, 'Activo', 2, 1, '2017-01-19', 7, '6'),
(86, '072', 'CONCEPCION DE MARIA GOMEZ', '01578213-8', '1001-011280-106-9', 'SAN VICENTE', '2010-12-23', 'APASTEPEQUE', '1980-12-01', 'Savadoreño/a', 'Soltero/a', 'Cuscatlán', 'Cojutepeque', 'COL. LOS ANGELES, 3a. AV. NORTE , CASA No. 2B, APASTEPEQUE', 'ESTUDIANTE', 754.52, 'Activo', 2, 1, '2017-01-19', 7, '6'),
(87, '073', 'MARIA CRISTINA CRESPIN', '03915643-0', '0903-110488-102-0', 'SOYAPANGO', '2016-04-26', 'ILOBASCO', '1988-04-11', 'Savadoreño/a', 'Soltero/a', 'Cuscatlán', 'Cojutepeque', 'COL. EL PORVENIR CALLE A MENJIVAR, CASA 60 ILOBASCO', 'TEC. EN ENFERMERIA', 657.25, 'Activo', 2, 1, '2017-01-19', 7, '6'),
(88, '074', 'DARIO EDAN GONZALEZ BENITEZ', '01063580-7', '1205-210580-102-0', 'SAN SALVADOR', '2010-08-04', 'CHINAMECA', '1980-05-21', 'Savadoreño/a', 'Casado/a', 'Cuscatlán', 'Cojutepeque', 'COL. EL ENCANTO, 37 CALLE OTE. SAN SALVADOR', 'ODONTOLOGO', 1, 'Activo', 2, 1, '2017-01-19', 7, '6'),
(89, '075', 'SILVIA ARACELY MARTINEZ TORRES', '00850857-3', '0702-160583-103-9', 'COJUTEPEQUE', '2012-12-03', 'COJUTEPEQUE', '1983-05-16', 'Savadoreño/a', 'Casado/a', 'Cuscatlán', 'Cojutepeque', 'KM 51/2, CALLE A TONACATEPEQUE, CANTON LA UNION', 'EMPLEADA', 716, 'Activo', 2, 1, '2017-02-09', 8, '6'),
(90, '076', 'NORA ABIGAÌL MARTINEZ ARTIGA', '01102487-1', '0702-110582-104-5', 'SOYAPANGO', '2010-05-11', 'COJUTEPEQUE', '1982-05-11', 'Savadoreño/a', 'Soltero/a', 'Cuscatlán', 'Cojutepeque', 'COL. SANTA LUCIA BLOCK C COJUTEPEQUE', 'ESTUDIANTE', 715, 'Activo', 2, 1, '2017-02-09', 8, '6'),
(91, '077', 'ALVARO JAVIER REYES GALDAMEZ', '01880245-8', '0816-120271-101-7', 'COJUTEPEQUE', '2016-11-16', 'SAN PEDRO NONUALCO', '1971-02-12', 'Savadoreño/a', 'Casado/a', 'Cuscatlán', 'Cojutepeque', 'COL. DIAZ NUILA PJE. 2 CASA No. 10 COJUTEPEQUE', 'CONTADOR', 486.27, 'Activo', 2, 1, '2017-02-09', 8, '6'),
(92, '078', 'LUIS ALBERTO IRAHETA PEREZ', '00148388-7', '0702-160179-102-4', 'COJUTEPEQUE', '2010-01-21', 'COJUTEPEQUE', '1979-01-16', 'Savadoreño/a', 'Casado/a', 'Cuscatlán', 'Cojutepeque', 'COL. EL PROGRESO CALLE AL CARRIZAL, CASA No. 16, COJUTEPEQUE', 'EMPLEADO', 670.79, 'Activo', 2, 1, '2017-02-09', 8, '6'),
(93, '079', 'OSMIN BARAHONA FLORES', '01063737-0', '1001-200569-101-6', 'SAN VICENTE', '2016-10-01', 'APASTEPEQUE', '1969-05-20', 'Savadoreño/a', 'Casado/a', 'Cuscatlán', 'Cojutepeque', 'COL. ESPIGA DE ORO 5o. PASAJE CASA 3-A, SAN VICENTE', 'TECNOLOGO EN ANESTESIOLOGÌA', 1, 'Activo', 2, 1, '2017-02-09', 8, '6'),
(94, '080', 'MARIA EVELYN MARTINEZ DE MUÑOZ', '01581739-9', '0702-050881-105-1', 'COJUTEPEQUE', '2014-08-01', 'COJUTEPEQUE', '1981-08-05', 'Savadoreño/a', 'Casado/a', 'Cuscatlán', 'Cojutepeque', 'REPTO. LA ALAMEDAS, PJE. 5 POL. 2 CASA 1 COJUTEPEQUE', 'EMPLEADA', 704, 'Activo', 2, 1, '2017-02-27', 9, '5'),
(95, '081', 'JUAN JOSE MUÑOZ', '02198858-0', '0716-251074-101-9', 'COJUTEPEQUE', '2015-08-07', 'TENANCINGO', '1974-10-25', 'Savadoreño/a', 'Casado/a', 'Cuscatlán', 'Cojutepeque', 'REPTO. LAS ALAMEDAS, LOT. LAS MORENITAS, PJE. 5, POL. 2, CASA 1 COJUTEPEQUE', 'EMPLEADO', 744.66, 'Activo', 2, 1, '2017-02-27', 9, '5'),
(96, '082', 'MARTA ODILIA FUENTES DURAN', '02939247-4', '0702-200259-002-6', 'COJUTEPEQUE', '2017-01-06', 'COJUTEPEQUE', '1999-02-20', 'Savadoreño/a', 'Divorciado/a', 'Cuscatlán', 'Cojutepeque', 'COL. VISTA HERMOSA 1 BLOCK B CASA N. 6 COJUTEPEQUE', 'AUX- DE ENFERMERIA', 1527.72, 'Activo', 2, 1, '2017-02-27', 9, '5'),
(97, '083', 'KARINA LEONOR MARTINEZ SALAZAR', '01763280-0', '0705-050981-101-9', 'COJUTEPEQUE', '2016-01-01', 'MONTE SAN JUAN', '1959-09-05', 'Savadoreño/a', 'Divorciado/a', 'Cuscatlán', 'Cojutepeque', 'COL. DIAZ SAN PERA PJE. 1 CASA 9 COJUTEPEQUE', 'EMPLEADA', 730.33, 'Activo', 2, 1, '2017-03-13', 10, '5'),
(98, '084', 'ANA DEYSI  ROSALES DE SANCHEZ', '00429553-4', '0702-040265-101-2', 'COJUTEPEQUE', '2017-03-22', 'COJUTEPEQUE', '1981-02-04', 'Savadoreño/a', 'Casado/a', 'Cuscatlán', 'Cojutepeque', 'URB. CIMAS DE SAN BARTOLO 2 PJE. 44 GRUPO 66 CASA NO. 7 TONACATEPEQUE\n', 'TECNICO EN ENFERMERIA', 1043, 'Activo', 2, 1, '2017-03-13', 10, '5'),
(99, '085', 'RONALD ALBERTO GUARDADO OLIVA', '04765202-6', '0702-010991-104-2', 'COJUTEPEQUE', '2010-10-26', 'COJUTEPEQUE', '1965-09-01', 'Savadoreño/a', 'Soltero/a', 'Cuscatlán', 'Cojutepeque', 'COL. SANTA LUCIA, CALLEPRINCIPAL BLOCK D CASA 17 COJUTEPEQUE', 'EMPLEADO', 330.75, 'Activo', 2, 1, '2017-03-13', 10, '5'),
(100, '086', 'JUAN HERNANDEZ VIDES', '02394709-3', '0705-271264-001-1', 'COJUTEPEQUE', '2016-10-22', 'MONTE SAN JUAN', '1991-12-27', 'Savadoreño/a', 'Casado/a', 'Cuscatlán', 'Cojutepeque', 'CANTO CORAL VIEJO ARRIBA TENANCINGO', 'EMPLEADO', 930, 'Activo', 2, 1, '2017-03-13', 10, '5'),
(101, '087', 'YUDITH GUADALUPE TORRES DE NIETO', '01091582-5', '0618-090181-101-6', 'SOYAPANGO', '2015-11-26', 'TONACATEPEQUE', '1981-01-09', 'Savadoreño/a', 'Casado/a', 'Cuscatlán', 'Cojutepeque', 'C/ LA LOMA KM 21 SAN PEDRO PERULAPAN', 'EMPLEADA', 347.29, 'Activo', 2, 1, '2017-04-05', 11, '5'),
(102, '088', 'ADALINDA RIVERA MEDINA', '00093997-4', '0903-291275-101-7', 'SENSUNTEPEQUE', '2010-12-22', 'ILOBASCO ', '1975-12-29', 'Savadoreño/a', 'Casado/a', 'Cuscatlán', 'Cojutepeque', 'BO. EL CALVARIO, KM 29 SAN ISIDRO CABAÑAS', 'AUX. DE ENFERMERIA', 767.72, 'Activo', 2, 1, '2017-05-05', 11, '5'),
(103, '089', 'MARIA ELENA CORNEJO FLORES', '02531060-8', '0702-170175-101-1', 'COJUTEPEQUE', '2013-09-24', 'COJUTEPEQUE', '1975-01-17', 'Savadoreño/a', 'Divorciado/a', 'Cuscatlán', 'Cojutepeque', 'BO. SAN JOSE AV. RAUL CONTRERAS, CASANo. 28, COJUTEPEQUE', 'SECRETARIA', 416, 'Activo', 2, 1, '2017-05-08', 12, '5'),
(104, '090', 'CONCEPCION DE LOS ANGELES ROQUE DE GUEVARA', '02441058-6', '1011-250372-101-6', 'ZACATECOLUCA', '2010-04-30', 'TECOLUCA', '1972-03-25', 'Savadoreño/a', 'Casado/a', 'San Vicente', 'Tecoluca', 'BO.EL CENTRO CALLE PRINCIPAL TECOLUCA', 'ENFERMERA', 2106, 'Activo', 4, 1, '2017-05-30', 13, '9'),
(105, '091', 'MARIO SIGFREDO ALVARADO RAMOS', '00540731-2', '0614-051177-101-1', 'ANTIGUO CUSCATLÀN', '2010-11-20', 'SAN SALVADOR', '1977-11-05', 'Savadoreño/a', 'Casado/a', 'San Salvador', 'San Salvador', 'COL. PANAMA CALLE CENTRAL No. 117 SAN SALVADOR', 'DR. EN MEDICINA', 2000, 'Activo', 4, 1, '2017-05-30', 13, '9'),
(106, '092', 'TERESA DE JESUS ROMERO DE PINEDA', '02403478-8', '1011-141062-101-5', 'ZACATECOLUCA', '2017-04-07', 'TECOLUCA', '1962-10-14', 'Savadoreño/a', 'Casado/a', 'La Paz', 'Zacatecoluca', 'COL. 27 DE SEPTIEMBRE PJE. 1, CASA No. 20 ZACATECOLUCA', 'LICDA. EN ADMINISTRACIÒN DE EMPRESAS', 2011.19, 'Activo', 4, 1, '2017-05-30', 13, '9'),
(107, '093', 'YANICELY PORTILLO DE GUARDADO', '01829458-2', '1115-141173-101-4', 'ZACATECOLUCA', '2010-11-15', 'SAN AGUSTIN USULUTAN', '1973-11-14', 'Savadoreño/a', 'Casado/a', 'La Paz', 'Zacatecoluca', 'BO. SANTA LUCIA 8A. CALLE OTE. Y 3 AV. NORTE CASA No. 34, ZACATECOLUCA', 'SECRETARIA', 537.41, 'Activo', 4, 1, '2017-06-14', 14, '6'),
(108, '094', 'LISBETH ANGELICA PEREZ CARDENAS', '00721126-2', '0615-180479-101-9', 'SAN SALVADOR', '2010-04-29', 'SANTIAGO TEXACUANGOS', '1979-04-18', 'Savadoreño/a', 'Soltero/a', 'San Salvador', 'Santiago Texacuangos', 'BO. EL CALVARIO CALLE MEXICO NO. 7A SANTIAGO TEXACUANGOS', 'TECNOLOGO EN ENFERMERÌA', 832.07, 'Activo', 2, 1, '2017-06-14', 14, '6'),
(109, '095', 'BERTA LIDIA ORANTES', '00888885-0', '0307-150570-101-7', 'SONSONATE', '2015-09-18', 'JUAYÙA', '1970-05-15', 'Savadoreño/a', 'Divorciado/a', 'Sonsonate', 'San Antonio del Monte', 'BO. EL CALVARIO AV. FINAL AGROPECUARIA No. 5 SAN ANTONIO DEL MONTE', 'ENFERMERA AUXILIAR', 1228.65, 'Activo', 2, 1, '2017-06-14', 14, '6'),
(110, '096', 'ENA DOMENICA BARRIENTOS CASERES', '01308502-7', '0903-140677-101-1', 'COJUTEPEQUE', '2010-11-23', 'ILOBASCO', '1977-06-14', 'Savadoreño/a', 'Soltero/a', 'Cuscatlán', 'San Rafael Cedros', 'COL. LAS MERCEDES PJE. A CASA NO. 7 SAN RAFAEL CEDROS', 'EMPLEADA', 1074.37, 'Activo', 2, 1, '2017-06-14', 14, '6'),
(111, '097', 'MARIA DE LOS ANGELES LARA', '02701569-4', '1013-291081-102-0', 'COJUTEPEQUE', '2010-10-07', 'VERAPAZ', '1981-10-29', 'Savadoreño/a', 'Soltero/a', 'San Vicente', 'Verapaz', 'CANTON EL CARMEN, VERAPAZ', 'EMPLEADO', 696.74, 'Activo', 2, 1, '2017-06-14', 14, '6'),
(112, '098', 'FLOR DE MARIA PALMA', '01731745-0', '0702-010865-105-5', 'COJUTEPEQUE', '2010-08-14', 'COJUTEPEQUE', '1965-08-01', 'Savadoreño/a', 'Soltero/a', 'Cuscatlán', 'Cojutepeque', 'BO. SANTA LUCIA 9A. AV. NORTE CASA NO. 8 COJUTEPEQUE', 'DOCTOR EN MEDICINA', 2491.33, 'Activo', 2, 1, '2017-06-28', 15, '6'),
(113, '099', 'MARTA LETICIA WOLMERS SALES', '01034735-7', '0702-080176-101-8', 'COJUTEPEQUE', '2016-07-13', 'COJUTEPEQUE', '1976-01-08', 'Savadoreño/a', 'Soltero/a', 'Cuscatlán', 'Cojutepeque', 'COL. LAS BRUMAS PJE. C, CASA No. 2 COJUTEPEQUE', 'EMPLEADA', 866.94, 'Activo', 2, 1, '2017-06-28', 15, '6'),
(114, '100', 'ANDREA GUADALUPE GOMEZ CRUZ', '04861446-1', '0702-080293-105-7', 'COJUTEPEQUE', '2011-08-24', 'COJUTEPEQUE', '1993-02-08', 'Savadoreño/a', 'Soltero/a', 'Cuscatlán', 'Cojutepeque', 'BO. SANTA LUCIA 3a. CALLE ORIENTE CASA NO. 10A COJUTEPEQUE', 'ESTUDIANTE', 300, 'Activo', 2, 1, '2017-06-28', 15, '6'),
(115, '101', 'MARIBEL FUNES DE BARRERA', '00573420-6', '1219-010372-101-5', 'ANTIGUO CUSCATLAN', '2010-04-13', 'SESORI ', '1972-03-01', 'Savadoreño/a', 'Casado/a', 'La Paz', 'Zacatecoluca', 'URB. EL ESPINO POL.B No. 14 ZACATECOLUCA', 'ENFERMERA', 1700, 'Activo', 4, 1, '2017-06-28', 15, '6'),
(116, '102', 'CLAUDIA LORENA RAMIREZ', '00565977-3', '0000-000000-000-0', '', '0000-00-00', 'SAN SALVADOR', '1979-08-26', 'Savadoreño/a', 'Soltero/a', 'La Libertad', 'Antiguo Cuscatlán', 'COL. CUMBRES DE SAN FRANCISCO BLOCK K No. 3 ANTIGUO CUSCATLAN', 'DOCTOR EN MEDICINA', 605, 'Activo', 4, 1, '2017-06-28', 15, '6'),
(117, '103', 'GLADYS MARICELA VIDES ', '00604902-8', '0608-240367-103-5', 'SAN SALVADOR', '0000-00-00', '', '1967-03-24', 'Savadoreño/a', 'Casado/a', 'San Salvador', 'Cuscatancingo', 'COL.VERACRUZ URB.MONTE MARIA CASA No. 29 CUSCATANCINGO', 'NUTRICIONISTA', 1277, 'Activo', 2, 1, '2017-06-28', 15, '6'),
(118, '104', 'JESUS ELIZABETH PALOMO DE NAVARRETE', '01834131-3', '0702-030971-103-0', 'COJUTEPEQUE', '2010-08-14', 'COJUTEPEQUE', '1971-09-03', 'Savadoreño/a', 'Casado/a', 'Cuscatlán', 'Cojutepeque', 'Bo. SAN JOSE CALLE LA CRUZ CASA No. 3B COJUTEPEQUE', 'FISIOTERAPISTA', 1186.23, 'Activo', 2, 1, '2017-06-28', 15, '6'),
(119, '105', 'CARMEN DEL ROSARIO LEMUS DE MEJIA', '02277187-1', '0702-191061-002-4', 'COJUTEPEQUE', '2010-10-26', 'COJUTEPEQUE', '1961-10-19', 'Savadoreño/a', 'Casado/a', 'Cuscatlán', 'Cojutepeque', 'COL. CUSCATLÀN CALLE TAZUMAL, CASA No. 30 COJUTEPEQUE', 'TRABAJADORA SOCIAL', 997.65, 'Activo', 2, 1, '2017-06-28', 15, '6'),
(120, '106', 'KARLA MARGARITA MUÑOZ', '01942218-8', '0702-260978-104-0', 'SAN SALVADOR', '2016-10-22', 'COJUTEPEQUE', '1978-09-26', 'Savadoreño/a', 'Divorciado/a', 'Cuscatlán', 'Cojutepeque', 'Bo. SAN NICOLAS, 6a. CALLE PTE.CASA No. 35B COJUTEPEQUE', 'LICENCIADA EN ENFERMERIA', 735.24, 'Activo', 2, 1, '2017-06-28', 15, '6'),
(121, '107', 'SANDRA ELIZABETH ESCOTO DE HERNANDEZ', '02296552-7', '0614-021069-101-2', 'SAN SALVADOR', '2010-10-22', 'SAN SALVADOR', '1969-10-02', 'Savadoreño/a', 'Casado/a', 'La Libertad', 'Nueva San Salvador', 'RESIDENCIAL PINARES DE SANTA MONICA, SENDA ALBAR No. 16-E SANTA TECLA', 'EMPLEADA', 1830, 'Activo', 2, 1, '2017-06-28', 15, '6'),
(122, '108', 'LORENA DEL CARMEN ROMERO ALVARADO', '01559433-1', '0000-000000-000-0', '', '0000-00-00', 'SANTA CLARA SAN VICENTE', '0000-00-00', 'Savadoreño/a', 'Acompañado/a', 'Cuscatlán', 'San Rafael Cedros', 'CASERIO EL CALLEJON, KM44 CALLE A ILOBASCO, SAN RAFAEL CEDROS', 'ENFERMERA', 1105, 'Activo', 2, 1, '2017-06-28', 15, '6'),
(123, '109', 'NICOLASA SIGÛENZA DE JAVIER', '00582654-0', '0716-241060-001-7', 'COJUTEPEQUE', '2014-06-06', 'TENANCINGO', '1960-10-24', 'Savadoreño/a', 'Casado/a', 'San Salvador', 'San Martín', 'COL. SANTA MARIA 1 PJE. 15 No. 30 SAN MARTIN', 'EMPLEADA', 728.3, 'Activo', 2, 1, '2017-06-28', 15, '6'),
(124, '110', 'DELIA HORTENCIA URRUTIA', '01659577-0', '0512-060861-101-4', 'COJUTEPEQUE', '2010-08-19', 'QUEZALTEPEQUE', '1961-08-06', 'Savadoreño/a', 'Soltero/a', 'Cuscatlán', 'Cojutepeque', 'Bo. SAN JOSE, CALLE LA CRUZ, No. 3B COJUTEPEQUE', 'FISIOTERAPISTA', 919.56, 'Activo', 2, 1, '2017-07-28', 16, '6'),
(125, '111', 'MAURA VICTORIA GARCÌA', '00538577-2', '0808-201272-101-4', 'SOYAPANGO', '2010-10-05', 'SAN EMIGDIO', '1972-12-20', 'Savadoreño/a', 'Casado/a', 'Cuscatlán', 'Cojutepeque', 'COL. LA ESPERANZA II ETAPA, PJE. 3 LOTE 3 CALLE AL OJO DE AGUA COJUTEPEQUE', 'TEC. ENFERMERIA', 977.18, 'Activo', 2, 1, '2017-07-28', 16, '6'),
(126, '112', 'ROXANA MARGARITA MORALES ALVARENGA', '00215632-8', '0614-170112-113-0', 'SOYAPANGO', '2011-07-05', 'SAN SALVADOR', '1972-01-17', 'Savadoreño/a', 'Soltero/a', 'San Salvador', 'Soyapango', 'URB. LA CORUÑA 2 POL. B PJE. 2 CASA No. 1 SOYAPANGO', 'TEC. EN ING. BIOMEDICA', 892, 'Activo', 2, 1, '2017-07-28', 16, '6'),
(127, '113', 'VILMA AZUCENA GUZMAN DE ARIAS', '00273304-9', '1009-031266-101-0', 'COJUTEPEQUE', '2015-01-13', 'SAN SEBASTIAN', '1966-12-03', 'Savadoreño/a', 'Casado/a', 'Cuscatlán', 'Cojutepeque', 'Bo. SAN JOSE 8A CALLE OTE.CASA No. 18 COJUTEPEQUE', 'ENFERMERA', 1614.01, 'Activo', 2, 1, '2017-07-28', 16, '6'),
(128, '114', 'SULMAN SIRIAN LARIN TORRES', '01169287-8', '0712-140681-101-5', 'COJUTEPEQUE', '2010-06-18', 'SAN RAMON', '1981-06-14', 'Savadoreño/a', 'Soltero/a', 'Cuscatlán', 'San Ramón', 'COL. NUEVA JERUSALEN CALLE A SAN RAMON SANTA ISABEL', 'ENFERMERA', 695.37, 'Activo', 2, 1, '2017-07-28', 16, '6'),
(129, '115', 'SARA YANEZ DE RAMIREZ', '01039973-6', '1415-040575-101-6', 'COJUTEPRQUE', '2010-05-06', 'SAN JOSE LAS FUENTES LA UNION', '1975-05-04', 'Savadoreño/a', 'Casado/a', 'Cuscatlán', 'Cojutepeque', 'Bo. SAN NICOLAS, 6a. CALLE PTE. No. 10 COJUTEPEQUE', 'ENFERMERA', 1074.72, 'Activo', 2, 1, '2017-08-24', 17, '6'),
(130, '116', 'GLORIA LUDMILA HENRIQUEZ CHULO', '01170714-4', '0702-190664-001-7', 'COJUTEPEQUE', '2014-07-01', 'COJUTEPEQUE', '1964-06-19', 'Savadoreño/a', 'Soltero/a', 'Cuscatlán', 'Cojutepeque', 'Bo. EL CALVARIO, 2a. CALLE PTE., CASA No. 134, COJUTEPEQUE', 'ENFERMERA', 1, 'Activo', 2, 1, '2017-08-24', 17, '6'),
(131, '117', 'DAVID ERNESTO MEJIA MORENO', '00940722-5', '0702-140373-102-4', 'SAN SALVADOR', '2014-07-23', 'COJUTEPEQUE', '1973-03-14', 'Savadoreño/a', 'Casado/a', 'Cuscatlán', 'Cojutepeque', 'COL. ZACAMIL, EDIF. 53 APTO. 36, MEJICANOS', 'DOCTOR EN MEDICINA', 1, 'Activo', 2, 1, '2017-08-24', 17, '6');

-- --------------------------------------------------------

--
-- Estructura de tabla para la tabla `tab_beneficiario`
--

CREATE TABLE `tab_beneficiario` (
  `beneficiario_nombre` varchar(200) NOT NULL,
  `beneficiario_direccion` text NOT NULL,
  `beneficiario_parentezco` varchar(100) NOT NULL,
  `beneficiario_porcentaje` float NOT NULL,
  `beneficiario_asociadoid` int(11) NOT NULL
) ENGINE=InnoDB DEFAULT CHARSET=utf8;

--
-- Volcado de datos para la tabla `tab_beneficiario`
--

INSERT INTO `tab_beneficiario` (`beneficiario_nombre`, `beneficiario_direccion`, `beneficiario_parentezco`, `beneficiario_porcentaje`, `beneficiario_asociadoid`) VALUES
('RAFAEL ANTONIO PALACIOS MARTINEZ', 'LA MISMA', 'HIJO', 50, 45),
('GERSON ELI PALACIOS', 'LA MISMA', 'NIETO', 50, 45),
('MANUEL EDGARDO LOPEZ PARADA', 'LA MISMA', 'ESPOSO', 30, 48),
('STHEPPANY MERCEDES LOPEZ VIERA', 'LA MISMA', 'HIJA', 35, 48),
('MANUEL EDGARDO LOPEZ VIERA', 'LA MISMA', 'HIJO', 35, 48),
('DINORA SOFIA ABARCA', 'LA MISMA', 'HIJA', 40, 37),
('JULIO MAURICIO ABARCA', 'LA MISMA', 'HIJO', 30, 37),
('JOSE DANIEL ABARCA', 'LA MISMA', 'HIJO', 30, 37),
('ANDREA CAROLINA ALEMÀN GUILLEN', 'LA MISMA', 'HIJA', 100, 32),
('GRISELDA HIDALGO CABRERA', 'LA MISMA', 'SOBRINA', 100, 41),
('KEVIN ALFREDO HENRIQUEZ', 'LA MISMA', 'HIJO', 25, 56),
('ASTRID HENRIQUEZ', 'LA MISMA', 'HIJA', 25, 56),
('SOFIA PEREZ HENRIQUEZ', 'LA MISMA', 'NIETA', 25, 56),
('CARLOS HENRIQUEZ', 'LA MISMA', 'HIJO', 25, 56),
('DILCIA CAROLINA GUTIERREZ', '', 'Hermana', 50, 23),
('MARIA YOLANDA GUTIERREZ', 'LA MISMA', 'MADRE', 50, 23),
('JOSE NAVIDAD MARTINEZ JUAREZ', 'LA MISMA', 'ESPOSO', 100, 47),
('CRISTIAN JOEL MEJIA QUEZADA', '', 'SOBRINO', 100, 25),
('RENE ALEXANDER AGUILAR RIVAS', '', 'Esposo', 100, 22),
('BLANCA AZUCENA ESPINOLA', 'LA MISMA', 'MADRE', 50, 27),
('BRYSEYDA BERENICE DE LEON', 'LA MISMA', 'HIJA', 50, 27),
('Marìa Cristina Vàsquez', 'La misma', 'Madre', 35, 16),
('Karla Susana Peña Vàsquez', 'La misma', 'Hija', 35, 16),
('Felipe Peña Hernàndez', 'La misma', 'Esposo', 30, 16),
('INGRID IDALIA MEJIA CAMPOS', 'LA MISMA', 'COMPAÑERA DE VIDA', 50, 21),
('CARMEN SALES', 'LA MISMA', 'MADRE', 50, 21),
('FERNANDA SOPHIA PEREZ', 'LA MISMA', 'HIJA', 35, 36),
('DANIEL ALESSANDRO PEREZ', 'LA MISMA', 'HIJO', 35, 36),
('DANIEL ALESSANDRO PEREZ', 'LA MISMA', 'ESPOSO', 30, 36),
('Alvaro Henriquez  Hernàndez', 'la misma', 'Esposo', 30, 17),
('Alvaro Enrique Hernàndez Viera', 'la misma', 'Hijo', 35, 17),
('Joselyn Eunice Hernàndez Viera', 'la misma', 'Hija', 35, 17),
('BEATRIZ DEL CARMEN NUÑEZ', 'COL. SANTA FE, POL.F No.19, SAN MARTIN', 'MADRE', 100, 49),
('Sonia Yamilet Argueta', 'La misma', 'Hermana', 100, 19),
('ARMINDA MARISEL PACHECHO', 'COLONIA DANILO SAN MARCOS', 'AMIGA', 100, 59),
('VICTOR MANUEL ESQUIVEL', 'LA MISMA', 'ESPOSO', 20, 57),
('NANCY YAJAIRA ESQUIVEL', 'LA MISMA', 'HIJA', 40, 57),
('FATIMA VICTORIA ESQUIVEL', 'LA MISMA', 'HIJA', 40, 57),
('SILVIA VICTORIA PARADA PEREZ', 'LA MISMA', 'HERMANA', 100, 58),
('BLANCA IDALIA DE MELGAR', 'LA MISMA', 'ESPOSA', 50, 54),
('HAYDEE MELGAR VASQUEZ', 'LA MISMA', 'HIJA', 50, 54),
('ANA ISABEL VENTURA RIVERA', 'RESIDENCIAL SANTA TERESA SANTA TECLA', 'HERMANA', 100, 24),
('Baltazar Ismael Màrmol Ventura', '', 'Hijo', 50, 15),
('Alexander Ernesto Màrmol Ventura', 'La misma', 'Hijo', 50, 15),
('ROCIO LISSETH HERNANDEZ', 'LA MISMA', 'HIJA', 50, 43),
('KARLA MARIA TORRES GARCÌA', 'LA MISMA', 'HIJA', 50, 43),
('FATIMA GRISELDA ORTIZ MANZANARES', 'LA MISMA', 'HIJA', 50, 33),
('ROBERTO ANTONIO ORTIZ', 'LA MISMA', 'HIJO', 50, 33),
('Iris Yaneth Moreno de Duràn', 'Colonia Dìaz Nuila Cojutepeque', 'Prima', 100, 18),
('MIRIAM ALICIA ARGUETA DE RIVERA', 'AV. SAN LORENZO Y AV. SAN JOSE CASA E-4, COL EL REFUGIO S.S.', 'HERMANA', 100, 31),
('ESTHER E. DE PLEITEZ', 'LA MISMA', 'HIJA', 50, 55),
('JOSE ADELIO CASTILLO', 'LA MISMA', 'ESPOSO', 50, 55),
('AYUMY CHARLOTTE REYES ', 'LA MISMA', 'HIJA', 100, 52),
('BRENDA LIZETTE RECINOS DE VENTURA', 'LA MISMA', 'ESPOSA', 100, 29),
('MARIA JULIA MARTINEZ', 'LA MISMA', 'MADRE', 100, 34),
('MAYRA MORENA REYES DE RECINOS', 'LA MISMA', 'MADRE', 100, 20),
('MARIA LUCIA SIBRIAN', 'LA MISMA', 'ESPOSA', 100, 42),
('JOSE FRANCISCO CONSTANZA', 'LA MISMA', 'HERMANO', 50, 40),
('MARIA ARGUETA VDA. DE CONSTANZA', 'LA MISMA', 'MADRE', 50, 40),
('BRENDA MARCELA NUILA', 'LA MISMA', 'COMPAÑERA DE VIDA', 50, 44),
('VALERIA FERNANDA RODRIGUEZ NUILA', 'LA MISMA', 'HIJA', 50, 44),
('CONSUELO ESCOBAR', 'LA MISMA', 'HIJA', 34, 53),
('EDGARD ADOLFO ESCOBAR', 'LA MISMA', 'HIJO', 33, 53),
('AIDA MARIA FLORES', 'LA MISMA', 'ESPOSA', 33, 53),
('CESAR ALEJANDRO ROMERO ', 'LA MISMA', 'HIJO', 30, 28),
('MIRELY GUADALUPE JOVEL MEJIA', 'LAMISMA', 'HIJA', 35, 28),
('CARLOS ENRIQUE JOVEL MEJIA', 'LA MISMA', 'HIJO', 35, 28),
('MARTHA MARIA CERON DE MARTINEZ', 'COL. DIAZ NUILA COJUTEPEQUE', 'HIJA', 34, 46),
('JOSE CARLOS CERON LOPEZ', 'LA MISMA', 'HIJO', 33, 46),
('JUAN ALIRIO CERON LOPEZ', 'LA MISMA', 'HIJO', 33, 46),
('FRANCISCO HENRIQUEZ', 'LA MISMA', 'PADRE', 50, 30),
('MARIA ADELA DE HENRIQUEZ', 'LA MISMA', 'MADRE', 50, 30),
('FATIMA ALESSANDRA PEREZ OSORIO', 'LA MISMA', 'HIJA', 35, 35),
('ARIADNE ZULEYBI PEREZ OSORIO', 'LA MISMA', 'HIJA', 35, 35),
('ELMER VALDIMIR PEREZ BELTRAN', 'LA MISMA', 'ESPOSO', 30, 35),
('CARLOS ARMANDO DOMINGUEZ', 'LA MISMA', 'HIJO', 50, 26),
('CARLOS RENE DOMINGUEZ', 'LA MISMA', 'HIJO', 50, 26),
('ALEJANDRA YANETH ALFARO MARTINEZ', 'LA MISMA', 'HIJA', 50, 51),
('NULIA LORENA ALFARO MARTINEZ', 'LA MISMA', 'HIJA', 50, 51),
('GRACIA MARIA MENJIVAR ESCOBAR', 'LA MISMA', 'HIJA', 100, 50),
('MARIA TERESA DE POSADA', 'LA MISMA', 'MADRE', 100, 68),
('WALTER EMMANUEL ORELLANA', 'LA MISMA', 'ESPOSO', 50, 61),
('XIMENA VALENTINA ORELLANA', 'LA MISMA', 'HIJA', 50, 61),
('FERNANDO ALFREDO NOLASCO', 'LA MISMA', 'HIJO', 50, 63),
('ANDREA NICOLE POLANCO', 'LA MISMA', 'HIJA', 50, 63),
('MARTIN DAGOBERTO MELGAR', 'LA MISMA', 'ESPOSO', 50, 64),
('ANA CAROLINA MELGAR', 'LA MISMA', 'HIJA', 25, 64),
('FERNANDO DAGOBERTO MELGAR', 'LA MISMA', 'HIJO', 25, 64),
('MIRIAM LILY ASCENCIO', 'ALTOS DE SAN RAMON', 'MADRE', 100, 65),
('TERESA ELIZABETH HERNANDEZ ', 'LA MISMA', 'PRIMA', 50, 62),
('FABIOLA MICHELLE AYALA', 'LA MISMA', 'SOBRINA', 50, 62),
('LINDSAY ROCIO RAMOS ALFARO', 'LA MISMA', 'HIJA', 45, 66),
('MARJERY JHOSSYNED RAMOS ALFARO', 'LA MISMA', 'HIJA', 45, 66),
('ANGEL OTONIEL RAMOS ZÙNIGA', 'LA MISMA', 'ESPOSO', 10, 66),
('BRAYAN WALDIR MUÑOZ RAMIREZ', 'LA MISMA', 'HIJO', 40, 67),
('NANCY NAHOMY MUÑOZ RAMIREZ', 'LA MISMA', 'HIJA', 40, 67),
('SANTOS CECILIO MUÑOZ', 'LA MISMA', 'COMPAÑERO DE VIDA', 20, 67),
('RICARDO ANTONIO MARTINEZ', 'LA MISMA', 'PADRE', 34, 60),
('MARGOTH FERNANDEZ DE MARTINEZ', 'LA MISMA', 'MADRE', 33, 60),
('DAVID ERNESTO GUZMAN', 'LA MISMA', 'ESPOSO', 33, 60),
('EZEQUIEL ALEXANDER LOPEZ', 'LA MISMA', 'HIJO', 50, 71),
('DAVID DE JESUS LOPEZ', 'LA MISMA', 'ESPOSO', 50, 71),
('JORGE FAUSTINO MEJIA ESPINOZA', 'LA MISMA', 'COMPAÑERO DE VIDA', 30, 72),
('GABRIELA ALEXANDRA MEJIA LOPEZ', 'LA MISMA', 'HIJA', 35, 72),
('PAMELA ABIGAÌL MEJIA LOPEZ', 'LA MISMA', 'HIJA', 35, 72),
('YEYMY ESPERANZA GÒMEZ MIRANDA CUBÌAS', 'COL. DIAZ NUILA, PJE. 5 CASA No. 4 COJUTEPEQUE', 'HIJA', 100, 69),
('ANGELA CHAVEZ DE HIDALGO', 'LA MISMA', 'MAMA', 50, 70),
('ADRIAN AVILES HIDALGO', 'LA MISMA', 'PAPA', 30, 70),
('SOFIA AVILES CHAVEZ', 'LA MISMA', 'HERMANA', 20, 70),
('KARLA MARICELA BURGOS', 'LA MISMA', 'HIJA', 50, 73),
('DORIS MARTINEZ', 'LA MISMA', 'CONYUGE', 50, 73),
('OSIEL ANTONIO BENAVIDES GARCÌA', 'NUEVA GUADALUPE', 'HERMANO', 20, 74),
('ARTURO ELIAS LEON PAIZ', 'NUEVA GUADALUPE', 'ESPOSO', 20, 74),
('CALEB BENJAMIN LEON BENAVIDES', 'NUEVA GUADALUPE', 'HIJO', 60, 74),
('EDEL VANESA PANIAGUA DE ORELLANA', 'LA MISMA', 'ESPOSA', 100, 77),
('SINDY MIRELLA ROSALES HERNANDEZ', 'LA MISMA', 'HERMANA', 50, 78),
('JENNIFER CAROLINA SIERRA HERNANDEZ', 'LA MISMA', 'SOBRINA', 50, 78),
('RAUL ALFREDO MEDRANO', 'LA MISMA', 'COMPAÑERO DE VIDA', 50, 76),
('LUNETH ROSALIA RODRIGUEZ ', 'LA MISMA', 'HIJA', 50, 76),
('SALVADOR LIMA SOLIS', 'LA MISMA', 'ESPOSO', 100, 83),
('ANA EVELYN AVILA MARROQUIN', 'LA MISMA', 'ESPOSA', 100, 80),
('ADOLFO ANTONIO HERNANDEZ ', 'C/ SAN PABLO SAN RAMON', 'COMPAÑERO DE VIDA', 50, 75),
('USIEL STEHEEV MONTOYA LOPEZ', 'LA MISMA', 'HIJO', 50, 75),
('KENIA IBETH LOPEZ VENTURA', 'LA MISMA', 'HERNAMA', 25, 79),
('XIOMARA MAGDALENA LOPEZ VENTURA', 'LA MISMA', 'HERMANA', 25, 79),
('MAXIMO JOSUE LOPEZ VENTURA', 'LA MISMA', 'HERMANA', 50, 79),
('KIMBERLY VANESSA IRAHETA', 'LA MISMA', 'HIJA', 25, 92),
('JAQUELINE LISETH IRAHETA', 'LA MISMA', 'HIJA', 25, 92),
('LUIS STEVEN IRAHETA', 'LA MISMA', 'HIJO', 25, 92),
('KEVIN ALBERTO IRAHETA', 'LA MISMA', 'HIJO', 25, 92),
('ANA DEYSI ALFARO', 'LA MISMA', 'ESPOSA', 50, 93),
('DARLYN JULISSA BARAHONA', 'LA MISMA', 'HIJA', 50, 93),
('MARIO NELSON MARROQUIN', '', 'HIJO', 100, 96),
('RONY FERNANDO AZUCENA ', 'LA MISMA', 'COMPAÑERO DE VIDA', 100, 38),
('IXCHELL MARIA MEDRANO CANTARELY', 'LA MISMA', 'COMPAÑERA DE VIDA', 100, 39),
('FLOR DEL CARMEN BERMUDEZ', 'LA MISMA', 'ESPOSA', 40, 91),
('JESSICA ALEJANDRA REYES', 'LA MISMA', 'HIJA', 30, 91),
('KATHERINE ELIZABETH REYES', 'LA MISMA', 'HIJA', 30, 91),
('MARTA LOLINDA MORALES', '1A. CALLE OTE. BARRIO SANTA LUCIA COJUTEPEQUE', 'MADRE', 50, 89),
('LUIS ALONSO TORRES', 'LA MISMA', 'ESPOSO', 50, 89),
('NORA IDALIA ARTIGA ', 'LA MISMA', 'MAMA', 50, 90),
('REINALDO MARTINEZ', 'LA MISMA', 'PAPA', 50, 90),
('CARMEN CELIA OSORIO DE GONZALEZ', 'LA MISMA', 'ESPOSA', 100, 88),
('JUANA GONZALEZ', 'LA MISMA', 'MAMA', 50, 87),
('VALERIA SOFIA CRESPIN GONZALEZ', 'LA MISMA', 'HIJA', 50, 87),
('JUAN PABLO MORALES', 'LA MISMA', 'ESPOSO', 30, 82),
('ELIDA PAOLA MORALES', 'LA MISMA', 'HIJA', 35, 82),
('PERLA MARIA MORALES', 'LA MISMA', 'HIJA', 35, 82),
('JAVIER BENJAMÌN HERNANDEZ', 'LA MISMA', 'ESPOSO', 20, 85),
('BRAYAN RIVAS', 'LA MISMA', 'HIJO', 20, 85),
('CARLOS RIVAS', 'LA MISMA', 'HIJO', 20, 85),
('ALEJANDRO HERNANDEZ', 'LA MISMA', 'HIJO', 20, 85),
('MARIO ERNESTO ALEMAN', 'LA MISMA', 'HIJO', 75, 86),
('MARIA SUSANA GOMEZ', 'LA MISMA', 'MAMA', 25, 86),
('JULISSA GUADALUPE HERNANDEZ', 'LA MISMA', 'HIJA', 50, 81),
('ADRIANA MELISSA HERNANDEZ', 'LA MISMA', 'HIJA', 50, 81),
('TERESA MELIDA RAMIREZ DE ROGEL', 'LA MISMA', 'ESPOSA', 100, 84),
('JUAN JOSE MUÑOZ', 'LA MISMA', 'ESPOSO', 50, 94),
('MARTA LUZ MUÑOZ', 'LA MISMA', 'SUEGRA', 50, 94),
('MARTA LUZ MUÑOZ', 'LA MISMA', 'MADRE', 25, 95),
('MARIA EVELYN MARTINEZ', 'LA MISMA', 'ESPOSA', 25, 95),
('GENESIS ANNELISS MUÑOZ', 'LA MISMA', 'HIJA', 25, 95),
('JOSE ISAAC MUÑOZ', 'LA MISMA', 'HIJO', 25, 95),
('SANDRA ELIZABETH AYALA', 'B. EL CALVARIO CALLE A LA LAGUNA COJUTEPEQUE', 'CUÑADA', 100, 98),
('ANA MIRIAM OLIVA', 'LA MISMA', 'MADRE', 50, 99),
('JULIO ALBERTO GUARDADO RAMOS', 'LA MISMA', 'PADRE', 50, 99),
('MISAEL DE JESUS HERNANDEZ IRAHETA', 'LA MISMA', 'HIJO', 25, 100),
('NELSON DAVID HERNANDEZ IRAHETA', 'LA MISMA', 'HIJO', 25, 100),
('ELMER ADAN HERNANDEZ IRAHETA', '', 'HIJO', 25, 100),
('NUVIA ESTELA IRAHETA DE HERNANDEZ', 'LA MISMA', 'ESPOSA', 25, 100),
('JHOSELIN ABIGAIL CHAVEZ MARTINEZ', '', 'HIJA', 100, 97),
('ROSA A. MARROQUIN DE TORRES', 'C/ LAS DELICIAS SAN MARTIN', 'MADRE', 25, 101),
('MIGUEL ANGEL NIETO AGUILLON', 'C/ LA LOMA SAN PEDRO PERULAPAN KM 21', 'ESPOSO', 25, 101),
('ADRIANA GUADALUPE NIETO TORRES', 'LA MISMA', 'HIJA', 25, 101),
('LUIS ANGEL NIETO TORRES', 'LA MISMA', 'HIJO', 25, 101),
('MARIA DEL ROSARIO FLORES', 'LA MISMA', 'MADRE', 50, 103),
('MARIE BERENICE ALFARO', 'LA MISMA', 'HIJA', 50, 103),
('JUAN RAMON PINEDA COTO', 'LA MISMA', 'ESPOSO', 100, 106),
('PABLO ENRIQUE ALVARADO', 'LA MISMA', 'HIJO', 25, 105),
('SURIS MORENA CHACON', 'LA MISMA', 'ESPOSA', 50, 105),
('MIRIAM MILAGRO RAMOS', '', 'MADRE', 25, 105),
('KEVIN GUEVARA ROQUE', 'LA MISMA', 'HIJO', 30, 104),
('SHEYLA LARIZA GUEVARA', 'LA MISMA', 'HIJA', 40, 104),
('KATEHRIN IVETH GUEVARA', 'LA MISMA', 'HIJA', 40, 104),
('ALEJANDRA JOSE GUARDADO', 'LA MISMA', 'HIJA', 40, 107),
('MONICA YANICELY GUARDADO', '', 'HIJA', 60, 107),
('LORENA DE RAMIREZ', 'LA MISMA', 'MADRE', 100, 116),
('KATHERINE MARISOL GONZALES', 'LA MISMA', 'HIJO', 33, 122),
('MELANYE SELENE GONZALES', 'LA MISMA', 'HIJA', 33, 122),
('RODRIGO ISAIAS GONZALES', 'LA MISMA', 'HIJO', 34, 122),
('DANIELA DAMARIS DEL CID ALVARENGA', 'LAMISMA', 'SOBRINA', 50, 126),
('LAURA SOFIA DEL CID ALVARENGA', 'LA MISMA', 'SOBRINA', 50, 126),
('MARTA BARRIENTOS RAMOS', 'LA MISMA', 'MADRE', 100, 110),
('ANDREA LARA', 'CANTON EL CARMEN VERAPAZ', 'MADRE', 50, 111),
('ISAI LARA', 'LA MISMA', 'HIJO', 40, 111),
('JOSE LUIS RODRIGUEZ', 'LA MISMA', 'PADRE', 10, 111),
('JOSUE DANIEL PEREZ CARDENAS', 'LA MISMA', 'HIJO', 50, 108),
('BERTA ANGELICA CARDENAS', 'LA MISMA', 'MADRE', 50, 108),
('NANCY FABIOLA HERRERA', 'COL. ESMERALDITA HERNANDEZ JUAYUA', 'HIJA', 50, 109),
('ELSA MARCIANA ORANTES VDA. DE MOREIRA', 'COL. ESMERALDITA HERNANDEZ, JUAYUA', 'MADRE', 50, 109),
('MARIA ISABEL DE PALOMO', 'LA MISMA', 'MADRE', 50, 118),
('ENRIQUE NAVARRETE', 'LA MISMA', 'ESPOSO', 50, 118),
('CLARA PATRICIA PALMA', 'LA MISMA', 'HERMANA', 100, 112),
('CARLOS ISRAEL MEJIA LEMUS', 'LA MISMA', 'HIJO', 25, 119),
('KEVIN FERNANDO MEJIA LEMUS', 'LA MISMA', 'HIJO', 25, 119),
('GEOVANY VLADIMIR MEJIA LEMUS', 'LA MISMA', 'HIJO', 25, 119),
('ISRAEL ANTONIO MEJIA MORENO', 'LA MISMA', 'ESPOSO', 25, 119),
('CARMEN DE AYALA', 'LA MISMA', 'AMIGA', 50, 114),
('ROMEO AYALA', 'LA MISMA', 'AMIGO', 50, 114),
('FELICITA EVA HERNANDEZ VIDES', 'LA MISMA', 'MAMA', 50, 117),
('DOUGLAS RENE VIDES MEZQUITA', 'MEJICANOS', 'SOBRINO', 50, 117),
('MARTA CATALINA SALES DE WOLMERS', 'LA MISMA', 'MADRE', 40, 113),
('RICARDO ARMANDO WOLMERS MIRANDA', 'LA MISMA', 'PADRE', 30, 113),
('RICARDO ARMANDO WOLMERS SALES', 'LA MISMA', 'HERMANO', 30, 113),
('RICARDO LISSANDRO HENRIQUEZ', 'LA MISMA', 'HIJO', 40, 120),
('MADELINE NICOLE HENRIQUEZ', 'LA MISMA', 'HIJA', 40, 120),
('ELENA BEATRIZ VIDES', '', 'HERMANA', 20, 120),
('MARIO FREDY HERNANDEZ ', 'LA MISMA', 'ESPOSO', 50, 121),
('ANDREA MARIA HERNANDEZ ESCOTO', 'LA MISMA', 'HIJA', 50, 121),
('YULIANA NICOLE GARCIA', 'LA MISMA', 'HIJA', 50, 125),
('ALEXANDRA SARI GARCIA', 'LA MISMA', 'HIJA', 50, 125),
('ERIKA YANETH SIGÛENZA AREVALO', 'LA MISMA', 'HIJA', 50, 123),
('EBER MAGDIEL JAVIER SIGÛENZA', 'LA MISMA', 'HIJO', 50, 123),
('RAFAEL ARISTIDES URRUTIA', 'LA MISMA', 'HERMANO', 50, 124),
('ARNULFO URRUTIA', 'LA MISMA', 'HERMANO', 50, 124),
('JENNIFER GABRIELA ARIAS GUZMAN', 'LA MISMA', 'HIJA', 50, 127),
('KEVIN CRISTIAN ARIAS GUZMAN', 'LA MISMA', 'HIJO', 50, 127),
('SALVADOR VIDES GABRIEL', 'LA MISMA', 'COMPAÑERO DE VIDA', 50, 128),
('MARIA ELVIRA TORRES DE LARIN', 'LA MISMA', 'MAMA', 50, 128),
('NOE CARLOS MEDINA RIVERA', 'LA MISMA', 'HIJO', 50, 102),
('DILAN MATEO MEDINA RIVERA', 'LA MISMA', 'HIJO', 50, 102),
('ALEXANDRA BARRERA FUNES', 'LA MISMA', 'HIJA', 50, 115),
('STEPHANY VANESSA BARRERA FUNES', 'LA MISMA', 'HIJA', 50, 115),
('EDUARDO GEOVANY LOPEZ HENRIQUEZ', 'LA MISMA', 'HIJO', 50, 130),
('CARLOS HUMBERTO LOPEZ HENRIQUEZ', 'LA MISMA', 'HIJO', 50, 130),
('ANA CECILIA RIVERA DE MEJIA', 'LA MISMA', 'ESPOSA', 50, 131),
('ALEJANDRA PAOLA MEJIA RIVERA', 'LA MISMA', 'HIJA', 50, 131),
('AIMEE SARAI RAMIREZ YANEZ', 'LA MISMA', 'HIJA', 50, 129),
('JEFFERSON ISAAC RAMIREZ YANEZ', 'LA MISMA', 'HIJO', 50, 129);

-- --------------------------------------------------------

--
-- Estructura de tabla para la tabla `tab_calculo`
--

CREATE TABLE `tab_calculo` (
  `calculos_correla` int(11) NOT NULL,
  `calculos_id` varchar(50) NOT NULL,
  `calculos_cuota` double NOT NULL,
  `calculos_amortizacion` float NOT NULL,
  `calculos_intereses` float NOT NULL,
  `calculos_monto` float NOT NULL
) ENGINE=InnoDB DEFAULT CHARSET=utf8;

--
-- Volcado de datos para la tabla `tab_calculo`
--

INSERT INTO `tab_calculo` (`calculos_correla`, `calculos_id`, `calculos_cuota`, `calculos_amortizacion`, `calculos_intereses`, `calculos_monto`) VALUES
(5278, '01/Nov/2017 || Cuota #1', 10.57, 6.57, 4, 193.43),
(5279, '01/Dic/2017 || Cuota #2', 10.57, 6.7, 3.87, 186.73),
(5280, '01/Ene/2018 || Cuota #3', 10.57, 6.84, 3.73, 179.89),
(5281, '01/Feb/2018 || Cuota #4', 10.57, 6.97, 3.6, 172.92),
(5282, '01/Mar/2018 || Cuota #5', 10.57, 7.11, 3.46, 165.81),
(5283, '01/Abr/2018 || Cuota #6', 10.57, 7.25, 3.32, 158.56),
(5284, '01/May/2018 || Cuota #7', 10.57, 7.4, 3.17, 151.16),
(5285, '01/Jun/2018 || Cuota #8', 10.57, 7.55, 3.02, 143.61),
(5286, '01/Jul/2018 || Cuota #9', 10.57, 7.7, 2.87, 135.91),
(5287, '01/Ago/2018 || Cuota #10', 10.57, 7.85, 2.72, 128.06),
(5288, '01/Sep/2018 || Cuota #11', 10.57, 8.01, 2.56, 120.05),
(5289, '01/Oct/2018 || Cuota #12', 10.57, 8.17, 2.4, 111.88),
(5290, '01/Nov/2018 || Cuota #13', 10.57, 8.33, 2.24, 103.55),
(5291, '01/Dic/2018 || Cuota #14', 10.57, 8.5, 2.07, 95.05),
(5292, '01/Ene/2019 || Cuota #15', 10.57, 8.67, 1.9, 86.38),
(5293, '01/Feb/2019 || Cuota #16', 10.57, 8.84, 1.73, 77.54),
(5294, '01/Mar/2019 || Cuota #17', 10.57, 9.02, 1.55, 68.52),
(5295, '01/Abr/2019 || Cuota #18', 10.57, 9.2, 1.37, 59.32),
(5296, '01/May/2019 || Cuota #19', 10.57, 9.38, 1.19, 49.94),
(5297, '01/Jun/2019 || Cuota #20', 10.57, 9.57, 1, 40.37),
(5298, '01/Jul/2019 || Cuota #21', 10.57, 9.76, 0.81, 30.61),
(5299, '01/Ago/2019 || Cuota #22', 10.57, 9.96, 0.61, 20.65),
(5300, '01/Sep/2019 || Cuota #23', 10.57, 10.16, 0.41, 10.49),
(5301, '01/Oct/2019 || Cuota #24', 10.7, 10.49, 0.21, 0),
(5302, 'Totales', 253.81, 200, 53.81, 253.81);

-- --------------------------------------------------------

--
-- Estructura de tabla para la tabla `tab_capital`
--

CREATE TABLE `tab_capital` (
  `capital_id` int(11) NOT NULL,
  `capital_anio` smallint(6) NOT NULL,
  `capital_fecha` date NOT NULL,
  `capital_concepto` text NOT NULL,
  `capital_deposito` float NOT NULL,
  `capital_retiro` float NOT NULL,
  `capital_saldo` float NOT NULL,
  `capital_sucursalid` int(11) NOT NULL
) ENGINE=InnoDB DEFAULT CHARSET=utf8;

-- --------------------------------------------------------

--
-- Estructura de tabla para la tabla `tab_codeudor`
--

CREATE TABLE `tab_codeudor` (
  `codeudor_id` int(11) NOT NULL,
  `codeudor_nombre` varchar(200) NOT NULL,
  `codeudor_dui` varchar(11) NOT NULL,
  `codeudor_nit` varchar(20) NOT NULL,
  `codeudor_edad` int(11) NOT NULL,
  `codeudor_profesionuoficio` text NOT NULL,
  `codeudor_direccion` text NOT NULL,
  `codeudor_estadocivil` text NOT NULL,
  `codeudor_telefono` varchar(9) NOT NULL,
  `codeudor_celular` varchar(9) NOT NULL,
  `codeudor_no` text NOT NULL,
  `codeudor_jefeinmediato` varchar(200) NOT NULL,
  `codeudor_tiempotrabajo` text NOT NULL,
  `codeudor_puesto` text NOT NULL,
  `codeudor_salario` float NOT NULL,
  `codeudor_telefonotrabajo` varchar(9) NOT NULL,
  `codeudor_email` text NOT NULL,
  `codeudor_otrosingresos` float NOT NULL,
  `codeudor_gastovida` float NOT NULL,
  `codeudor_pagodeudas` float NOT NULL,
  `codeudor_otrosegresos` float NOT NULL,
  `codeudor_nombreref1` varchar(200) NOT NULL,
  `codeudor_direccionref1` text NOT NULL,
  `codeudor_telefonoref1` varchar(9) NOT NULL,
  `codeudor_celularref1` varchar(9) NOT NULL,
  `codeudor_lugartrabajoref1` text NOT NULL,
  `codeudor_nombreref2` varchar(200) NOT NULL,
  `codeudor_direccionref2` text NOT NULL,
  `codeudor_telefonoref2` varchar(9) NOT NULL,
  `codeudor_celularref2` varchar(9) NOT NULL,
  `codeudor_lugartrabajoref2` text NOT NULL
) ENGINE=InnoDB DEFAULT CHARSET=utf8;

-- --------------------------------------------------------

--
-- Estructura de tabla para la tabla `tab_cotitular`
--

CREATE TABLE `tab_cotitular` (
  `cotitular_nombre` varchar(200) NOT NULL,
  `cotitular_dui` varchar(10) NOT NULL,
  `cotitular_nit` varchar(20) NOT NULL,
  `cotitular_asociadoid` int(11) NOT NULL
) ENGINE=InnoDB DEFAULT CHARSET=utf8;

-- --------------------------------------------------------

--
-- Estructura de tabla para la tabla `tab_credito`
--

CREATE TABLE `tab_credito` (
  `credito_id` int(11) NOT NULL,
  `credito_monto` float NOT NULL,
  `credito_cuota` float NOT NULL,
  `credito_fechacontrato` date NOT NULL,
  `credito_fechapago` date NOT NULL,
  `credito_plazo` smallint(6) NOT NULL,
  `credito_fechafin` date NOT NULL,
  `credito_estado` varchar(50) NOT NULL,
  `credito_solicitudcreditoid` int(11) NOT NULL,
  `credito_tipocreditoid` int(11) NOT NULL
) ENGINE=InnoDB DEFAULT CHARSET=utf8;

--
-- Volcado de datos para la tabla `tab_credito`
--

INSERT INTO `tab_credito` (`credito_id`, `credito_monto`, `credito_cuota`, `credito_fechacontrato`, `credito_fechapago`, `credito_plazo`, `credito_fechafin`, `credito_estado`, `credito_solicitudcreditoid`, `credito_tipocreditoid`) VALUES
(1, 200, 0, '0000-00-00', '2016-11-11', 12, '0000-00-00', 'Aprobado', 1, 1),
(2, 500, 0, '0000-00-00', '2016-11-18', 24, '0000-00-00', 'Aprobado', 2, 1),
(3, 600, 0, '0000-00-00', '2016-11-29', 12, '0000-00-00', 'Aprobado', 3, 1),
(4, 2000, 0, '0000-00-00', '2016-12-02', 36, '0000-00-00', 'Aprobado', 4, 1),
(5, 2000, 0, '0000-00-00', '2016-12-19', 36, '0000-00-00', 'Aprobado', 5, 1),
(6, 400, 37.82, '2017-02-14', '2017-03-14', 12, '2018-02-14', 'Activo', 6, 1),
(7, 400, 37.82, '2017-02-14', '2017-03-14', 12, '2018-02-14', 'Activo', 7, 1),
(8, 0, 0, '0000-00-00', '0000-00-00', 0, '0000-00-00', 'Incompleto', 8, 1),
(9, 0, 0, '0000-00-00', '0000-00-00', 0, '0000-00-00', 'Incompleto', 9, 1),
(10, 400, 37.82, '2017-02-17', '2017-02-17', 12, '2018-02-17', 'Activo', 10, 1);

-- --------------------------------------------------------

--
-- Estructura de tabla para la tabla `tab_credito_movimiento`
--

CREATE TABLE `tab_credito_movimiento` (
  `creditomovimiento_id` int(11) NOT NULL,
  `creditomovimiento_concepto` varchar(200) NOT NULL,
  `creditomovimiento_fecha` date NOT NULL,
  `creditomovimiento_deposito` float NOT NULL,
  `creditomovimiento_retiro` float NOT NULL,
  `creditomovimiento_interes` float NOT NULL,
  `creditomovimiento_capital` float NOT NULL,
  `creditomovimiento_saldo` float NOT NULL,
  `creditomovimiento_creditoid` int(11) NOT NULL
) ENGINE=InnoDB DEFAULT CHARSET=utf8;

-- --------------------------------------------------------

--
-- Estructura de tabla para la tabla `tab_cuenta`
--

CREATE TABLE `tab_cuenta` (
  `cuenta_id` varchar(11) NOT NULL,
  `cuenta_fechaapertura` date NOT NULL,
  `cuenta_estado` varchar(50) NOT NULL,
  `cuenta_asociadoid` int(11) NOT NULL,
  `cuenta_tipocuentaid` int(11) NOT NULL
) ENGINE=InnoDB DEFAULT CHARSET=utf8;

--
-- Volcado de datos para la tabla `tab_cuenta`
--

INSERT INTO `tab_cuenta` (`cuenta_id`, `cuenta_fechaapertura`, `cuenta_estado`, `cuenta_asociadoid`, `cuenta_tipocuentaid`) VALUES
('01-01-001', '2016-07-12', 'Activada', 15, 19),
('01-01-002', '2016-07-12', 'Activada', 16, 19),
('01-01-003', '2016-07-12', 'Activada', 17, 19),
('01-01-004', '2016-07-12', 'Activada', 18, 19),
('01-01-005', '2016-07-12', 'Activada', 19, 19),
('01-01-006', '2016-07-12', 'Activada', 20, 19),
('01-01-007', '2016-07-12', 'Activada', 21, 19),
('01-01-008', '2016-07-12', 'Activada', 22, 19),
('01-01-009', '2016-07-12', 'Activada', 23, 19),
('01-01-010', '2016-07-12', 'Activada', 24, 19),
('01-01-011', '2016-07-12', 'Activada', 25, 19),
('01-01-012', '2016-07-12', 'Activada', 26, 19),
('01-01-013', '2016-07-12', 'Activada', 27, 19),
('01-01-014', '2016-07-12', 'Activada', 28, 19),
('01-01-015', '2016-07-12', 'Activada', 29, 19),
('01-01-016', '2016-07-12', 'Activada', 30, 19),
('01-01-017', '2016-07-12', 'Activada', 31, 19),
('01-01-018', '2016-07-12', 'Activada', 32, 19),
('01-01-019', '2016-07-12', 'Activada', 33, 19),
('01-01-020', '2016-07-12', 'Activada', 34, 19),
('01-01-021', '2016-07-12', 'Activada', 35, 19),
('01-01-022', '2016-07-12', 'Activada', 36, 19),
('01-01-023', '2016-07-12', 'Activada', 37, 19),
('01-01-024', '2016-07-12', 'Activada', 38, 19),
('01-01-025', '2016-07-12', 'Activada', 39, 19),
('01-01-026', '2016-07-12', 'Activada', 40, 19),
('01-01-027', '2016-07-12', 'Activada', 41, 19),
('01-01-028', '2016-07-12', 'Activada', 42, 19),
('01-01-029', '2016-07-12', 'Activada', 43, 19),
('01-01-030', '2016-07-12', 'Activada', 44, 19),
('01-01-031', '2016-07-12', 'Activada', 45, 19),
('01-01-032', '2016-07-12', 'Activada', 46, 19),
('01-01-033', '2016-07-12', 'Activada', 47, 19),
('01-01-034', '2016-07-12', 'Activada', 48, 19),
('01-01-035', '2016-07-12', 'Activada', 49, 19),
('01-01-036', '2016-07-12', 'Activada', 50, 19),
('01-01-037', '2016-07-12', 'Activada', 51, 19),
('01-01-038', '2016-07-12', 'Activada', 52, 19),
('01-01-039', '2016-07-12', 'Activada', 53, 19),
('01-01-040', '2016-07-12', 'Activada', 54, 19),
('01-01-041', '2016-07-12', 'Activada', 55, 19),
('01-01-042', '2016-07-12', 'Activada', 56, 19),
('01-01-043', '2016-07-12', 'Activada', 57, 19),
('01-01-044', '2016-07-12', 'Activada', 58, 19),
('01-01-045', '2016-07-12', 'Activada', 59, 19),
('01-01-046', '2016-12-21', 'Activada', 60, 19),
('01-01-047', '2016-11-23', 'Activada', 61, 19),
('01-01-048', '2016-11-23', 'Activada', 62, 19),
('01-01-049', '2016-11-23', 'Activada', 63, 19),
('01-01-050', '2016-11-23', 'Activada', 64, 19),
('01-01-051', '2016-12-21', 'Activada', 65, 19),
('01-01-052', '2016-12-21', 'Activada', 66, 19),
('01-01-053', '2016-11-23', 'Activada', 67, 19),
('01-01-054', '2016-11-23', 'Activada', 68, 19),
('01-01-055', '2016-12-21', 'Activada', 69, 19),
('01-01-056', '2016-12-21', 'Activada', 70, 19),
('01-01-057', '2016-12-21', 'Activada', 71, 19),
('01-01-058', '2016-12-21', 'Activada', 72, 19),
('01-01-059', '2016-12-21', 'Activada', 73, 19),
('01-01-060', '2016-12-21', 'Activada', 74, 19),
('01-01-061', '2016-12-21', 'Activada', 75, 19),
('01-01-062', '2016-12-21', 'Activada', 76, 19),
('01-01-063', '2016-12-21', 'Activada', 77, 19),
('01-01-064', '2016-12-21', 'Activada', 78, 19),
('01-01-065', '2017-01-19', 'Activada', 79, 19),
('01-01-066', '2017-01-19', 'Activada', 80, 19),
('01-01-067', '2017-01-19', 'Activada', 81, 19),
('01-01-068', '2017-01-19', 'Activada', 82, 19),
('01-01-069', '2017-01-19', 'Activada', 83, 19),
('01-01-070', '2017-01-19', 'Activada', 84, 19),
('01-01-071', '2017-01-19', 'Activada', 85, 19),
('01-01-072', '2017-01-19', 'Activada', 86, 19),
('01-01-073', '2017-01-19', 'Activada', 87, 19),
('01-01-074', '2017-01-19', 'Activada', 88, 19),
('01-01-075', '2017-02-09', 'Activada', 89, 19),
('01-01-076', '2017-02-09', 'Activada', 90, 19),
('01-01-077', '2017-02-09', 'Activada', 91, 19),
('01-01-078', '2017-02-09', 'Activada', 92, 19),
('01-01-079', '2017-02-09', 'Activada', 93, 19),
('01-01-080', '2017-02-27', 'Activada', 94, 19),
('01-01-081', '2017-02-27', 'Activada', 95, 19),
('01-01-082', '2017-02-27', 'Activada', 96, 19),
('01-01-083', '2017-03-13', 'Activada', 97, 19),
('01-01-084', '2017-03-13', 'Activada', 98, 19),
('01-01-085', '2017-03-13', 'Activada', 99, 19),
('01-01-086', '2017-03-13', 'Activada', 100, 19),
('01-01-087', '2017-04-05', 'Activada', 101, 19),
('01-01-088', '2017-11-05', 'Activada', 102, 19),
('01-01-089', '2017-05-08', 'Activada', 103, 19),
('01-01-090', '2017-08-08', 'Activada', 104, 19),
('01-01-091', '2017-08-08', 'Activada', 105, 19),
('01-01-092', '2017-05-30', 'Activada', 106, 19),
('01-01-093', '2017-05-30', 'Activada', 107, 19),
('01-01-094', '2017-08-08', 'Activada', 108, 19),
('01-01-095', '2017-06-14', 'Activada', 109, 19),
('01-01-096', '2017-06-14', 'Activada', 110, 19),
('01-01-097', '2017-06-14', 'Activada', 111, 19),
('01-01-098', '2017-06-28', 'Activada', 112, 19),
('01-01-099', '2017-06-28', 'Activada', 113, 19),
('01-01-100', '2017-06-28', 'Activada', 114, 19),
('01-01-101', '2017-06-28', 'Activada', 115, 19),
('01-01-102', '2017-06-28', 'Activada', 116, 19),
('01-01-103', '2017-06-28', 'Activada', 117, 19),
('01-01-104', '2017-06-28', 'Activada', 118, 19),
('01-01-105', '2017-06-28', 'Activada', 119, 19),
('01-01-106', '2017-06-28', 'Activada', 120, 19),
('01-01-107', '2017-06-28', 'Activada', 121, 19),
('01-01-108', '2017-06-28', 'Activada', 122, 19),
('01-01-109', '2017-06-28', 'Activada', 123, 19),
('01-01-110', '2017-07-28', 'Activada', 124, 19),
('01-01-111', '2017-07-28', 'Activada', 125, 19),
('01-01-112', '2017-07-28', 'Activada', 126, 19),
('01-01-113', '2017-07-28', 'Activada', 127, 19),
('01-01-114', '2017-07-28', 'Activada', 128, 19),
('01-01-115', '2017-08-24', 'Activada', 129, 19),
('01-01-116', '2017-08-24', 'Activada', 130, 19),
('01-01-117', '2017-08-24', 'Activada', 131, 19),
('01-02-015', '2017-03-23', 'Activada', 29, 20),
('01-02-017', '2017-03-23', 'Activada', 31, 20),
('01-02-041', '2017-07-04', 'Activada', 55, 20),
('01-02-044', '2017-03-17', 'Activada', 58, 20),
('01-02-045', '2017-03-23', 'Activada', 59, 20),
('01-02-048', '2017-03-24', 'Activada', 62, 20),
('01-02-051', '2017-03-30', 'Activada', 65, 20),
('01-02-065', '2017-02-23', 'Activada', 79, 20),
('01-02-067', '2017-02-23', 'Activada', 81, 20),
('01-02-072', '2017-02-23', 'Activada', 86, 20),
('01-02-075', '2017-02-24', 'Activada', 89, 20),
('01-02-076', '2017-03-07', 'Activada', 90, 20),
('01-02-077', '2017-03-23', 'Activada', 91, 20),
('01-02-080', '2017-03-23', 'Activada', 94, 20),
('01-02-081', '2017-03-23', 'Activada', 95, 20),
('01-02-082', '2017-03-23', 'Activada', 96, 20),
('01-02-083', '2017-04-27', 'Activada', 97, 20),
('01-02-084', '2017-04-27', 'Activada', 98, 20),
('01-02-085', '2017-04-27', 'Activada', 99, 20),
('01-02-087', '2017-05-23', 'Activada', 101, 20),
('01-02-093', '2017-07-31', 'Activada', 107, 20),
('01-02-094', '2017-07-21', 'Activada', 108, 20),
('01-02-095', '2017-07-21', 'Activada', 109, 20),
('01-02-101', '2017-07-31', 'Activada', 115, 20),
('01-02-104', '2017-07-21', 'Activada', 118, 20),
('01-02-106', '2017-08-23', 'Activada', 120, 20),
('01-02-108', '2017-08-23', 'Activada', 122, 20),
('01-03-008', '2017-07-21', 'Activada', 22, 21),
('01-03-067', '2017-02-23', 'Activada', 81, 21),
('01-03-079', '2017-03-23', 'Activada', 93, 21),
('01-03-082', '2017-03-23', 'Activada', 96, 21),
('01-03-088', '2017-05-23', 'Activada', 102, 21),
('01-03-098', '2017-07-21', 'Activada', 112, 21),
('01-03-099', '2017-07-21', 'Activada', 113, 21),
('01-03-100', '2017-07-21', 'Activada', 114, 21),
('01-03-105', '2017-08-23', 'Activada', 119, 21),
('01-03-111', '2017-07-21', 'Activada', 125, 21),
('01-03-114', '2017-08-23', 'Activada', 128, 21),
('01-04-082', '2017-03-23', 'Activada', 96, 22),
('01-06-002', '2017-06-28', 'Activada', 16, 24),
('2-02-001', '2016-12-20', 'Activada', 15, 20),
('2-02-002', '2016-12-20', 'Activada', 16, 20),
('2-02-004', '2017-01-31', 'Activada', 18, 20),
('2-02-006', '2016-12-20', 'Activada', 20, 20),
('2-02-009', '2017-01-26', 'Activada', 23, 20),
('2-02-011', '2016-12-20', 'Activada', 25, 20),
('2-02-026', '2017-01-26', 'Activada', 40, 20),
('2-02-029', '2017-02-23', 'Activada', 43, 20),
('2-02-032', '2017-01-26', 'Activada', 46, 20),
('2-02-033', '2017-01-26', 'Activada', 47, 20),
('2-02-036', '2017-01-31', 'Activada', 50, 20),
('2-02-039', '2017-01-26', 'Activada', 53, 20),
('2-02-042', '2017-02-23', 'Activada', 56, 20),
('2-02-046', '2017-01-26', 'Activada', 60, 20),
('2-02-047', '2016-12-20', 'Activada', 61, 20),
('2-02-049', '2016-12-20', 'Activada', 63, 20),
('2-02-050', '2017-01-26', 'Activada', 64, 20),
('2-02-052', '2017-01-26', 'Activada', 66, 20),
('2-02-055', '2017-01-26', 'Activada', 69, 20),
('2-02-056', '2017-01-26', 'Activada', 70, 20),
('2-02-057', '2017-01-26', 'Activada', 71, 20),
('2-02-058', '2017-01-26', 'Activada', 72, 20),
('2-02-060', '2017-01-26', 'Activada', 74, 20),
('2-02-061', '2017-01-26', 'Activada', 75, 20),
('2-02-062', '2017-01-26', 'Activada', 76, 20),
('2-02-064', '2017-01-31', 'Activada', 78, 20),
('2-02-068', '2017-01-26', 'Activada', 82, 20),
('2-02-071', '2017-01-26', 'Activada', 85, 20),
('2-02-073', '2017-01-26', 'Activada', 87, 20),
('2-03-005', '2017-01-31', 'Activada', 19, 21),
('2-03-046', '2017-01-26', 'Activada', 60, 21),
('2-03-050', '2017-01-26', 'Activada', 64, 21),
('2-03-055', '2017-01-26', 'Activada', 69, 21),
('2-03-056', '2017-01-26', 'Activada', 70, 21),
('2-03-057', '2017-01-26', 'Activada', 71, 21),
('2-03-060', '2017-01-26', 'Activada', 74, 21),
('2-03-062', '2017-01-26', 'Activada', 76, 21),
('2-03-063', '2017-01-26', 'Activada', 77, 21),
('2-03-069', '2017-01-26', 'Activada', 83, 21),
('2-04-002', '2016-12-20', 'Activada', 16, 22),
('2-04-042', '2017-02-23', 'Activada', 56, 22),
('2-04-057', '2017-01-26', 'Activada', 71, 22),
('2-04-060', '2017-01-26', 'Activada', 74, 22),
('2-04-062', '2017-01-26', 'Activada', 76, 22);

-- --------------------------------------------------------

--
-- Estructura de tabla para la tabla `tab_cuenta_autorizados`
--

CREATE TABLE `tab_cuenta_autorizados` (
  `cuentaautorizados_cuentaid` varchar(11) NOT NULL,
  `cuentaautorizados_nombre` varchar(200) NOT NULL,
  `cuentaautorizados_dui` varchar(10) NOT NULL,
  `cuentaautorizados_nit` varchar(20) NOT NULL
) ENGINE=InnoDB DEFAULT CHARSET=utf8;

--
-- Volcado de datos para la tabla `tab_cuenta_autorizados`
--

INSERT INTO `tab_cuenta_autorizados` (`cuentaautorizados_cuentaid`, `cuentaautorizados_nombre`, `cuentaautorizados_dui`, `cuentaautorizados_nit`) VALUES
('2-02-006', 'MAYRA MORENA REYES DE RECINOS', '', ''),
('2-02-001', 'ALEXANDER ERNESTO MARMOL VENTURA', '', ''),
('2-02-001', 'BALTAZAR ISMAEL MARMOL VENTURA', '', ''),
('2-02-049', 'FERNANDO ALFREDO NOLASCO', '', ''),
('2-02-049', 'ANDREA NICOLE POLANCO', '', ''),
('2-02-011', 'CRISTIAN JOEL MEJIA QUEZADA', '', ''),
('2-02-002', 'KARLA SUSANA PEÑA VASQUEZ', '', ''),
('2-02-002', 'FELIPE PEÑA HERNANDEZ', '', ''),
('2-02-002', 'MARIA CRISTINA VASQUEZ', '', ''),
('2-04-002', 'KARLA SUSANA PEÑA VASQUEZ', '', ''),
('2-02-033', 'JOSE NAVIDAD MARTINEZ JUAREZ', '', ''),
('2-02-032', 'MARTHA MARIA CERON DE MARTINEZ', '', ''),
('2-02-032', 'JOSE CARLOS CERON LOPEZ', '', ''),
('2-02-032', 'JUAN ALIRIO CERON LOPEZ', '', ''),
('2-02-050', 'MARTIN DAGOBERTO MELGAR', '', ''),
('2-02-050', 'ANA CAROLINA MELGAR', '', ''),
('2-02-050', 'FERNANDO DAGOBERTO MELGAR', '', ''),
('2-03-050', 'MARTIN DAGOBERTO MELGAR', '', ''),
('2-03-050', 'ANA CAROLINA MELGAR', '', ''),
('2-03-050', 'FERNANDO DAGOBERTO MELGAR', '', ''),
('2-02-073', 'JUANA LARA GONZALEZ', '', ''),
('2-02-073', 'VALERIA SOFIA CRESPIN', '', ''),
('2-03-046', 'RICARDO ANTONIO MARTINEZ', '', ''),
('2-03-046', 'MARGOTH FERNANDEZ DE MARTINEZ', '', ''),
('2-03-046', 'DAVID ERNESTO GUZMAN', '', ''),
('2-02-046', 'RICARDO ANTONIO MARTINEZ', '', ''),
('2-02-046', 'MARGOTH FERNANDEZ DE MARTINEZ', '', ''),
('2-02-046', 'DAVID ERNESTO GUZMAN', '', ''),
('2-02-039', 'CELIA CONSUELO ESCOBAR FLORES', '', ''),
('2-02-039', 'EDGARD ADOLFO ESCOBAR FLORES', '', ''),
('2-02-039', 'AIDA MARIA FLORES DE ESCOBAR', '', ''),
('2-02-068', 'ELIDA PAOLA MORALES FLORES', '', ''),
('2-02-068', 'PERLA MARIA MORALES FLORES', '', ''),
('2-02-068', 'JUAN PUALO MORALES MONTANO', '', ''),
('2-02-026', 'JOSE FRANCISCO CONSTANZA', '', ''),
('2-02-026', 'MARIA MARTINA ARGUETA VDA. DE CONSTANZA', '', ''),
('2-02-071', 'JAVIER BENJAMIN HERNANDEZ', '', ''),
('2-02-071', 'BRAYAN JOSUE RIVAS', '', ''),
('2-02-071', 'CARLOS JAVIER RIVAS', '', ''),
('2-03-057', 'PAMELA ABIGAIL MEJIA LOPEZ', '', ''),
('2-03-057', 'GABRIELA ALEXANDRA MEJIA LOPEZ', '', ''),
('2-03-057', 'JORGE FAUSTINO MEJIA', '', ''),
('2-04-057', 'JORGE FAUSTINO MEJIA', '', ''),
('2-04-057', 'GABRIELA ALEXANDRA MEJIA LOPEZ', '', ''),
('2-04-057', 'PAMELA ABIGAIL MEJIA LOPEZ', '', ''),
('2-02-057', 'JORGE FAUSTINO MEJIA', '', ''),
('2-02-057', 'GABRIELA ALEXANDRA MEJIA LOPEZ', '', ''),
('2-02-057', 'PAMELA ABIGAIL MEJIA LOPEZ', '', ''),
('2-02-052', 'LINDSAY ROCIO RAMOS ALFARO', '', ''),
('2-02-052', 'MARJERY JHOSSYNED RAMOS ALFARO', '', ''),
('2-02-052', 'ANGEL OTONIEL RAMOS ZUNIGA', '', ''),
('2-02-056', 'ANGELA CHAVEZ DE HIDALGO', '', ''),
('2-02-056', 'ADRIAN AVILES HIDALGO', '', ''),
('2-02-056', 'SOFIA BEATRIZ AVILES CHAVEZ', '', ''),
('2-03-056', 'ANGELA CHAVEZ DE HIDALGO', '', ''),
('2-03-056', 'ADRIAN AVILES HIDALGO', '', ''),
('2-03-056', 'SOFIA BEATRIZ AVILES CHAVEZ', '', ''),
('2-02-060', 'OSIEL ENTONIO BENAVIDES ', '', ''),
('2-02-060', 'ARTURO ELIAS LEON', '', ''),
('2-02-060', 'CALET BENJAMIN LEON', '', ''),
('2-03-060', 'OSIEL ANTONIO BENAVIDES', '', ''),
('2-03-060', 'ARTURO ELIAS LEON', '', ''),
('2-03-060', 'CALET BENJAMIN LEON', '', ''),
('2-04-060', 'OSIEL ANTONIO BENAVIDES', '', ''),
('2-04-060', 'ARTURO ELIAS LEON', '', ''),
('2-04-060', 'CALET BENJAMIN LEON', '', ''),
('2-02-062', 'RAUL ALFREDO MEDRANO', '', ''),
('2-02-062', 'LYNETH ROSALIA RODRIGUEZ', '', ''),
('2-03-062', 'RAUL ALFREDO MEDRANO', '', ''),
('2-03-062', 'LYNETH ROSALIA RODRIGUEZ', '', ''),
('2-04-062', 'RAUL ALFREDO MEDRANO', '', ''),
('2-04-062', 'LYNETH ROSALIA RODRIGUEZ', '', ''),
('2-03-069', 'SALVADOR LIMA SOLIS', '', ''),
('2-02-055', 'YEYMY ESPERANZA GOMEZ MIRANDA', '', ''),
('2-03-055', 'YEYMY ESPERANZA GOMEZ MIRANDA', '', ''),
('2-02-061', 'ADOLFO ANTONIO HERNANDEZ', '', ''),
('2-02-061', 'USIEL STHEEV MONTOYA', '', ''),
('2-03-063', 'EDEL VANESSA PANIAGUA', '', ''),
('2-02-047', 'WALTER EMMANUEL ORELLANA ', '', ''),
('2-02-047', 'XIMENA VALENTINA ORELLANA', '', ''),
('2-03-005', 'SONIA YAMILET ARGUETA', '', ''),
('2-02-036', 'GRACIA MARIA MENJIVAR DE ESCOBAR', '', ''),
('2-02-004', 'IRIS YANETH MORENO DE DURAN', '', ''),
('2-02-064', 'SINDY MIRELLA ROSALES HERNANDEZ', '', ''),
('2-02-064', 'JENNIFER CAROLINA SIERRA HERNANDEZ', '', ''),
('2-04-042', 'KEVIN ALFREDO HENRIQUEZ', '', ''),
('2-04-042', 'ASTRID HENRIQUEZ', '', ''),
('2-04-042', 'SIFIA PEREZ HENRIQUEZ', '', ''),
('2-02-029', 'ROCIO LISSETH HENRIQUEZ', '', ''),
('2-02-029', 'KARLA MARIA TORRES GARCIA', '', ''),
('2-02-042', 'KEVIN ALFREDO HENRIQUEZ', '', ''),
('2-02-042', 'ASTRID HENRIQUEZ', '', ''),
('2-02-042', 'SOFIA PEREZ HENRIQUEZ', '', ''),
('2-02-058', 'JORGE FAUSTINO MEJIA ', '', ''),
('2-02-058', 'GABRIELA ALEJANDRA MEJIA', '', ''),
('2-02-058', 'PAMELA ABIGAIL MEJIA', '', ''),
('2-02-009', 'DILCIA CAROLINA GUTIERREZ', '', ''),
('2-02-009', 'MARIA YOLANDA GUTIERREZ', '', ''),
('01-02-072', 'MARIO ERNESTO ALEMAN', 'HIJO', 'LA MISMA'),
('01-02-072', 'MARIA SUSANA GOMEZ', 'MAMA', 'LA MISMA'),
('01-02-067', 'JULISSA GUADALUPE HERNANDEZ', 'HIJA', 'LA MISMA'),
('01-02-067', 'ADRIANA MELISSA HERNANDEZ', 'HIJA', 'LA MISMA'),
('01-03-067', 'JULISSA GUADALUPE HERNANDEZ', 'HIJA', 'LA MISMA'),
('01-03-067', 'ADRIANA MELISSA HERNANDEZ', 'HIJA', 'LA MISMA'),
('01-02-065', 'KENIA IBETH LOPEZ VENTURA', 'HERNAMA', 'LA MISMA'),
('01-02-065', 'XIOMARA MAGDALENA LOPEZ VENTURA', 'HERMANA', 'LA MISMA'),
('01-02-065', 'MAXIMO JOSUE LOPEZ VENTURA', 'HERMANA', 'LA MISMA'),
('01-02-075', 'MARTA LOLINDA MORALES', 'MADRE', '1A. CALLE OTE. BARRI'),
('01-02-075', 'LUIS ALONSO TORRES', 'ESPOSO', 'LA MISMA'),
('01-02-076', 'NORA IDALIA ARTIGA ', 'MAMA', 'LA MISMA'),
('01-02-076', 'REINALDO MARTINEZ', 'PAPA', 'LA MISMA'),
('01-02-015', 'BRENDA LIZETTE RECINOS DE VENTURA', 'ESPOSA', 'LA MISMA'),
('01-02-077', 'FLOR DEL CARMEN BERMUDEZ', 'ESPOSA', 'LA MISMA'),
('01-02-077', 'JESSICA ALEJANDRA REYES', 'HIJA', 'LA MISMA'),
('01-02-077', 'KATHERINE ELIZABETH REYES', 'HIJA', 'LA MISMA'),
('01-02-017', 'MIRIAM ALICIA ARGUETA DE RIVERA', 'HERMANA', 'AV. SAN LORENZO Y AV'),
('01-02-045', 'ARMINDA MARISEL PACHECHO', 'AMIGA', 'COLONIA DANILO SAN M'),
('01-04-082', 'MARIO NELSON MARROQUIN', 'HIJO', ''),
('01-02-082', 'MARIO NELSON MARROQUIN', 'HIJO', ''),
('01-02-081', 'MARTA LUZ MUÑOZ', 'MADRE', 'LA MISMA'),
('01-02-081', 'MARIA EVELYN MARTINEZ', 'ESPOSA', 'LA MISMA'),
('01-02-081', 'GENESIS ANNELISS MUÑOZ', 'HIJA', 'LA MISMA'),
('01-03-079', 'ANA DEYSI ALFARO', 'ESPOSA', 'LA MISMA'),
('01-03-079', 'DARLYN JULISSA BARAHONA', 'HIJA', 'LA MISMA'),
('01-03-082', 'MARIO NELSON MARROQUIN', 'HIJO', ''),
('01-02-080', 'JUAN JOSE MUÑOZ', 'ESPOSO', 'LA MISMA'),
('01-02-080', 'MARTA LUZ MUÑOZ', 'SUEGRA', 'LA MISMA'),
('01-02-044', 'SILVIA VICTORIA PARADA PEREZ', 'HERMANA', 'LA MISMA'),
('01-02-048', 'TERESA ELIZABETH HERNANDEZ ', 'PRIMA', 'LA MISMA'),
('01-02-048', 'FABIOLA MICHELLE AYALA', 'SOBRINA', 'LA MISMA'),
('01-02-051', 'MIRIAM LILY ASCENCIO', 'MADRE', 'ALTOS DE SAN RAMON'),
('01-02-085', 'ANA MIRIAM OLIVA', 'MADRE', 'LA MISMA'),
('01-02-085', 'JULIO ALBERTO GUARDADO RAMOS', 'PADRE', 'LA MISMA'),
('01-02-083', 'JHOSELIN ABIGAIL CHAVEZ MARTINEZ', 'HIJA', ''),
('01-02-084', 'SANDRA ELIZABETH AYALA', 'CUÑADA', 'B. EL CALVARIO CALLE'),
('01-02-087', 'ROSA A. MARROQUIN DE TORRES', 'MADRE', 'C/ LAS DELICIAS SAN '),
('01-02-087', 'MIGUEL ANGEL NIETO AGUILLON', 'ESPOSO', 'C/ LA LOMA SAN PEDRO'),
('01-02-087', 'ADRIANA GUADALUPE NIETO TORRES', 'HIJA', 'LA MISMA'),
('01-03-088', 'NOE CARLOS MEDINA RIVERA', 'HIJO', 'LA MISMA'),
('01-03-088', 'DILAN MATEO MEDINA RIVERA', 'HIJO', 'LA MISMA'),
('01-02-041', 'ESTHER E. DE PLEITEZ', 'HIJA', 'LA MISMA'),
('01-02-041', 'JOSE ADELIO CASTILLO', 'ESPOSO', 'LA MISMA'),
('01-06-002', 'Marìa Cristina Vàsquez', 'Madre', 'La misma'),
('01-06-002', 'Karla Susana Peña Vàsquez', 'Hija', 'La misma'),
('01-06-002', 'Felipe Peña Hernàndez', 'Esposo', 'La misma'),
('01-02-104', 'MARIA ISABEL DE PALOMO', 'MADRE', 'LA MISMA'),
('01-02-104', 'ENRIQUE NAVARRETE', 'ESPOSO', 'LA MISMA'),
('01-02-094', 'JOSUE DANIEL PEREZ CARDENAS', 'HIJO', 'LA MISMA'),
('01-02-094', 'BERTA ANGELICA CARDENAS', 'MADRE', 'LA MISMA'),
('01-03-111', 'YULIANA NICOLE GARCIA', 'HIJA', 'LA MISMA'),
('01-03-111', 'ALEXANDRA SARI GARCIA', 'HIJA', 'LA MISMA'),
('01-03-100', 'CARMEN DE AYALA', 'AMIGA', 'LA MISMA'),
('01-03-100', 'ROMEO AYALA', 'AMIGO', 'LA MISMA'),
('01-03-098', 'CLARA PATRICIA PALMA', 'HERMANA', 'LA MISMA'),
('01-03-008', 'RENE ALEXANDER AGUILAR RIVAS', 'Esposo', ''),
('01-03-099', 'MARTA CATALINA SALES DE WOLMERS', 'MADRE', 'LA MISMA'),
('01-03-099', 'RICARDO ARMANDO WOLMERS MIRANDA', 'PADRE', 'LA MISMA'),
('01-03-099', 'RICARDO ARMANDO WOLMERS SALES', 'HERMANO', 'LA MISMA'),
('01-02-095', 'NANCY FABIOLA HERRERA', 'HIJA', 'COL. ESMERALDITA HER'),
('01-02-095', 'ELSA MARCIANA ORANTES VDA. DE MOREIRA', 'MADRE', 'COL. ESMERALDITA HER'),
('01-02-093', 'ALEJANDRA JOSE GUARDADO', 'HIJA', 'LA MISMA'),
('01-02-093', 'MONICA YANICELY GUARDADO', 'HIJA', ''),
('01-02-101', 'ALEXANDRA BARRERA FUNES', 'HIJA', 'LA MISMA'),
('01-02-101', 'STEPHANY VANESSA BARRERA FUNES', 'HIJA', 'LA MISMA'),
('01-03-114', 'SALVADOR VIDES GABRIEL', 'COMPAÑERO ', 'LA MISMA'),
('01-03-114', 'MARIA ELVIRA TORRES DE LARIN', 'MAMA', 'LA MISMA'),
('01-03-105', 'CARLOS ISRAEL MEJIA LEMUS', 'HIJO', 'LA MISMA'),
('01-03-105', 'KEVIN FERNANDO MEJIA LEMUS', 'HIJO', 'LA MISMA'),
('01-03-105', 'GEOVANY VLADIMIR MEJIA LEMUS', 'HIJO', 'LA MISMA'),
('01-02-108', 'KATHERINE MARISOL GONZALES', 'HIJO', 'LA MISMA'),
('01-02-108', 'MELANYE SELENE GONZALES', 'HIJA', 'LA MISMA'),
('01-02-108', 'RODRIGO ISAIAS GONZALES', 'HIJO', 'LA MISMA'),
('01-02-106', 'RICARDO LISSANDRO HENRIQUEZ', 'HIJO', 'LA MISMA'),
('01-02-106', 'MADELINE NICOLE HENRIQUEZ', 'HIJA', 'LA MISMA'),
('01-02-106', 'ELENA BEATRIZ VIDES', 'HERMANA', '');

-- --------------------------------------------------------

--
-- Estructura de tabla para la tabla `tab_cuenta_movimiento`
--

CREATE TABLE `tab_cuenta_movimiento` (
  `cuentamovimiento_id` int(11) NOT NULL,
  `cuentamovimiento_comprobante` varchar(20) DEFAULT NULL,
  `cuentamovimiento_concepto` text NOT NULL,
  `cuentamovimiento_fecha` date NOT NULL,
  `cuentamovimiento_deposito` float NOT NULL,
  `cuentamovimiento_retiro` float NOT NULL,
  `cuentamovimiento_saldo` float NOT NULL,
  `cuentamovimiento_cuentaid` varchar(11) NOT NULL,
  `cuentamovimiento_impreso` tinyint(4) NOT NULL DEFAULT '0' COMMENT '0 es No impreso, 1 es Impreso'
) ENGINE=InnoDB DEFAULT CHARSET=utf8;

--
-- Volcado de datos para la tabla `tab_cuenta_movimiento`
--

INSERT INTO `tab_cuenta_movimiento` (`cuentamovimiento_id`, `cuentamovimiento_comprobante`, `cuentamovimiento_concepto`, `cuentamovimiento_fecha`, `cuentamovimiento_deposito`, `cuentamovimiento_retiro`, `cuentamovimiento_saldo`, `cuentamovimiento_cuentaid`, `cuentamovimiento_impreso`) VALUES
(11, '68', 'Apertura de cuenta', '2016-07-12', 10, 0, 0, '01-01-001', 0),
(12, '57', 'Apertura de cuenta', '2016-07-12', 10, 0, 0, '01-01-002', 0),
(13, '60', 'Apertura de cuenta', '2016-07-12', 10, 0, 0, '01-01-003', 0),
(14, '71', 'Apertura de cuenta', '2016-07-12', 10, 0, 0, '01-01-004', 0),
(15, '62', 'Apertura de cuenta', '2016-07-12', 10, 0, 0, '01-01-005', 0),
(16, '77', 'Apertura de cuenta', '2016-07-12', 10, 0, 0, '01-01-006', 0),
(17, '58', 'Apertura de cuenta', '2016-07-12', 10, 0, 0, '01-01-007', 0),
(18, '55', 'Apertura de cuenta', '2016-07-12', 10, 0, 0, '01-01-008', 0),
(19, '52', 'Apertura de cuenta', '2016-07-12', 10, 0, 0, '01-01-009', 0),
(20, '67', 'Apertura de cuenta', '2016-07-12', 10, 0, 0, '01-01-010', 0),
(21, '54', 'Apertura de cuenta', '2016-07-12', 10, 0, 0, '01-01-011', 0),
(22, '86', 'Apertura de cuenta', '2016-07-12', 10, 0, 0, '01-01-012', 0),
(23, '56', 'Apertura de cuenta', '2016-07-12', 10, 0, 0, '01-01-013', 0),
(24, '82', 'Apertura de cuenta', '2016-07-12', 10, 0, 0, '01-01-014', 0),
(25, '75', 'Apertura de cuenta', '2016-07-12', 10, 0, 0, '01-01-015', 0),
(26, '84', 'Apertura de cuenta', '2016-07-12', 10, 0, 0, '01-01-016', 0),
(27, '72', 'Apertura de cuenta', '2016-07-12', 10, 0, 0, '01-01-017', 0),
(28, '49', 'Apertura de cuenta', '2016-07-12', 10, 0, 0, '01-01-018', 0),
(29, '70', 'Apertura de cuenta', '2016-07-12', 10, 0, 0, '01-01-019', 0),
(30, '76', 'Apertura de cuenta', '2016-07-12', 10, 0, 0, '01-01-020', 0),
(31, '85', 'Apertura de cuenta', '2016-07-12', 10, 0, 0, '01-01-021', 0),
(32, '59', 'Apertura de cuenta', '2016-07-12', 10, 0, 0, '01-01-022', 0),
(33, '48', 'Apertura de cuenta', '2016-07-12', 10, 0, 0, '01-01-023', 0),
(34, '349', 'Apertura de cuenta', '2016-07-12', 10, 0, 0, '01-01-024', 0),
(35, '348', 'Apertura de cuenta', '2016-07-12', 10, 0, 0, '01-01-025', 0),
(36, '79', 'Apertura de cuenta', '2016-07-12', 10, 0, 0, '01-01-026', 0),
(37, '0046', 'Apertura de cuenta', '2016-07-12', 10, 0, 0, '01-01-031', 0),
(38, '50', 'Apertura de cuenta', '2016-07-12', 10, 0, 0, '01-01-027', 0),
(39, '78', 'Apertura de cuenta', '2016-07-12', 10, 0, 0, '01-01-028', 0),
(40, '69', 'Apertura de cuenta', '2016-07-12', 10, 0, 0, '01-01-029', 0),
(41, '80', 'Apertura de cuenta', '2016-07-12', 10, 0, 0, '01-01-030', 0),
(42, '83', 'Apertura de cuenta', '2016-07-12', 10, 0, 0, '01-01-032', 0),
(43, '53', 'Apertura de cuenta', '2016-07-12', 10, 0, 0, '01-01-033', 0),
(44, '0047', 'Apertura de cuenta', '2016-07-12', 10, 0, 0, '01-01-034', 0),
(45, '61', 'Apertura de cuenta', '2016-07-12', 10, 0, 0, '01-01-035', 0),
(46, '88', 'Apertura de cuenta', '2016-07-12', 10, 0, 0, '01-01-036', 0),
(47, '87', 'Apertura de cuenta', '2016-07-12', 10, 0, 0, '01-01-037', 0),
(48, '74', 'Apertura de cuenta', '2016-07-12', 10, 0, 0, '01-01-038', 0),
(49, '81', 'Apertura de cuenta', '2016-07-12', 10, 0, 0, '01-01-039', 0),
(50, '66', 'Apertura de cuenta', '2016-07-12', 10, 0, 0, '01-01-040', 0),
(51, '73', 'Apertura de cuenta', '2016-07-12', 10, 0, 0, '01-01-041', 0),
(52, '51', 'Apertura de cuenta', '2016-07-12', 10, 0, 0, '01-01-042', 0),
(53, '64', 'Apertura de cuenta', '2016-07-12', 10, 0, 0, '01-01-043', 0),
(54, '65', 'Apertura de cuenta', '2016-07-12', 10, 0, 0, '01-01-044', 0),
(55, '63', 'Apertura de cuenta', '2016-07-12', 10, 0, 0, '01-01-045', 0),
(56, '230', 'Apertura de cuenta', '2016-12-21', 10, 0, 0, '01-01-046', 0),
(57, '223', 'Apertura de cuenta', '2016-11-23', 10, 0, 0, '01-01-047', 0),
(58, '227', 'Apertura de cuenta', '2016-11-23', 10, 0, 0, '01-01-048', 0),
(59, '224', 'Apertura de cuenta', '2016-11-23', 10, 0, 0, '01-01-049', 0),
(60, '225', 'Apertura de cuenta', '2016-11-23', 10, 0, 0, '01-01-050', 0),
(61, '226', 'Apertura de cuenta', '2016-12-21', 10, 0, 0, '01-01-051', 0),
(62, '228', 'Apertura de cuenta', '2016-12-21', 10, 0, 0, '01-01-052', 0),
(63, '229', 'Apertura de cuenta', '2016-11-23', 10, 0, 0, '01-01-053', 0),
(64, '222', 'Apertura de cuenta', '2016-11-23', 10, 0, 0, '01-01-054', 0),
(65, '233', 'Apertura de cuenta', '2016-12-21', 10, 0, 0, '01-01-055', 0),
(66, '234', 'Apertura de cuenta', '2016-12-21', 10, 0, 0, '01-01-056', 0),
(67, '231', 'Apertura de cuenta', '2016-12-21', 10, 0, 0, '01-01-057', 0),
(68, '232', 'Apertura de cuenta', '2016-12-21', 10, 0, 0, '01-01-058', 0),
(69, '235', 'Apertura de cuenta', '2016-12-21', 10, 0, 0, '01-01-059', 0),
(70, '236', 'Apertura de cuenta', '2016-12-21', 10, 0, 0, '01-01-060', 0),
(71, '242', 'Apertura de cuenta', '2016-12-21', 10, 0, 0, '01-01-061', 0),
(72, '239', 'Apertura de cuenta', '2016-12-21', 10, 0, 0, '01-01-062', 0),
(73, '237', 'Apertura de cuenta', '2016-12-21', 10, 0, 0, '01-01-063', 0),
(74, '238', 'Apertura de cuenta', '2016-12-21', 10, 0, 0, '01-01-064', 0),
(75, '243', 'Apertura de cuenta', '2017-01-19', 10, 0, 0, '01-01-065', 0),
(76, '241', 'Apertura de cuenta', '2017-01-19', 10, 0, 0, '01-01-066', 0),
(77, '261', 'Apertura de cuenta', '2017-01-19', 10, 0, 0, '01-01-067', 0),
(78, '264', 'Apertura de cuenta', '2017-01-19', 10, 0, 0, '01-01-068', 0),
(79, '240', 'Apertura de cuenta', '2017-01-19', 10, 0, 0, '01-01-069', 0),
(80, '260', 'Apertura de cuenta', '2017-01-19', 10, 0, 0, '01-01-070', 0),
(81, '263', 'Apertura de cuenta', '2017-01-19', 10, 0, 0, '01-01-071', 0),
(82, '262', 'Apertura de cuenta', '2017-01-19', 10, 0, 0, '01-01-072', 0),
(83, '265', 'Apertura de cuenta', '2017-01-19', 10, 0, 0, '01-01-073', 0),
(84, '268', 'Apertura de cuenta', '2017-01-19', 10, 0, 0, '01-01-074', 0),
(85, '277', 'Apertura de cuenta', '2017-02-09', 10, 0, 0, '01-01-075', 0),
(86, '276', 'Apertura de cuenta', '2017-02-09', 10, 0, 0, '01-01-076', 0),
(87, '337', 'Apertura de cuenta', '2017-02-09', 10, 0, 0, '01-01-077', 0),
(88, '358', 'Apertura de cuenta', '2017-02-09', 10, 0, 0, '01-01-078', 0),
(89, '362', 'Apertura de cuenta', '2017-02-09', 10, 0, 0, '01-01-079', 0),
(90, '0476', 'Apertura de cuenta', '2017-02-27', 10, 0, 0, '01-01-080', 0),
(91, '0477', 'Apertura de cuenta', '2017-02-27', 10, 0, 0, '01-01-081', 0),
(92, '366', 'Apertura de cuenta', '2017-02-27', 10, 0, 0, '01-01-082', 0),
(93, '488', 'Apertura de cuenta', '2017-03-13', 10, 0, 0, '01-01-083', 0),
(94, '0483', 'Apertura de cuenta', '2017-03-13', 10, 0, 0, '01-01-084', 0),
(95, '0484', 'Apertura de cuenta', '2017-03-13', 10, 0, 0, '01-01-085', 0),
(96, '0487', 'Apertura de cuenta', '2017-03-13', 10, 0, 0, '01-01-086', 0),
(97, '616', 'Apertura de cuenta', '2017-04-05', 10, 0, 0, '01-01-087', 0),
(98, '617', 'Apertura de cuenta', '2017-05-05', 10, 0, 0, '01-01-088', 0),
(99, '862', 'Apertura de cuenta', '2017-05-08', 10, 0, 0, '01-01-089', 0),
(101, '0001', '2016-07-01', '2016-07-12', 200, 0, 200, '01-01-031', 1),
(102, '0002', '2016-07-01', '2016-07-12', 200, 0, 200, '01-01-034', 1),
(103, '0003', '2016-07-01', '2016-07-12', 200, 0, 200, '01-01-023', 1),
(104, '0004', '2016-07-01', '2016-07-12', 200, 0, 200, '01-01-018', 1),
(105, '0005', '2016-07-01', '2016-07-12', 200, 0, 200, '01-01-027', 1),
(106, '0006', '2016-07-01', '2016-07-12', 200, 0, 200, '01-01-042', 1),
(107, '0007', '2016-07-01', '2016-07-12', 200, 0, 200, '01-01-009', 1),
(108, '0008', '2016-07-01', '2016-07-12', 200, 0, 200, '01-01-033', 1),
(109, '0009', '2016-07-01', '2016-07-12', 200, 0, 200, '01-01-011', 1),
(110, '0010', '2016-07-01', '2016-07-12', 200, 0, 200, '01-01-008', 1),
(111, '0011', '2016-07-01', '2016-07-12', 200, 0, 200, '01-01-013', 1),
(112, '0012', '2016-07-01', '2016-07-12', 200, 0, 200, '01-01-002', 1),
(113, '0013', '2016-07-01', '2016-07-12', 200, 0, 200, '01-01-007', 1),
(114, '0014', '2016-07-01', '2016-07-12', 200, 0, 200, '01-01-022', 0),
(115, '0015', '2016-07-01', '2016-07-12', 200, 0, 200, '01-01-003', 1),
(116, '0016', '2016-07-01', '2016-07-12', 200, 0, 200, '01-01-035', 1),
(117, '0017', '2016-07-01', '2016-07-12', 200, 0, 200, '01-01-005', 0),
(118, '0018', '2016-07-01', '2016-07-12', 200, 0, 200, '01-01-045', 1),
(119, '0019', '2016-07-01', '2016-07-12', 200, 0, 200, '01-01-043', 1),
(120, '0020', '2016-07-01', '2016-07-12', 200, 0, 200, '01-01-044', 1),
(121, '0021', '2016-07-01', '2016-07-12', 200, 0, 200, '01-01-040', 1),
(122, '0022', '2016-07-01', '2016-07-12', 200, 0, 200, '01-01-010', 1),
(123, '0023', '2016-07-01', '2016-07-12', 200, 0, 200, '01-01-001', 1),
(124, '0024', '2016-07-01', '2016-07-12', 200, 0, 200, '01-01-029', 1),
(125, '0025', '2016-07-01', '2016-07-12', 200, 0, 200, '01-01-019', 1),
(126, '0026', '2016-07-01', '2016-07-12', 200, 0, 200, '01-01-004', 1),
(127, '0027', '2016-07-01', '2016-07-12', 200, 0, 200, '01-01-017', 1),
(128, '0028', '2016-07-01', '2016-07-12', 200, 0, 200, '01-01-041', 1),
(129, '0029', '2016-07-01', '2016-07-12', 200, 0, 200, '01-01-038', 1),
(130, '0030', '2016-07-01', '2016-07-12', 200, 0, 200, '01-01-015', 1),
(131, '0031', '2016-07-01', '2016-07-12', 200, 0, 200, '01-01-020', 1),
(132, '0032', '2016-07-01', '2016-07-12', 200, 0, 200, '01-01-006', 1),
(133, '0033', '2016-07-01', '2016-07-12', 200, 0, 200, '01-01-028', 1),
(134, '0034', '2016-07-01', '2016-07-12', 200, 0, 200, '01-01-026', 1),
(135, '0035', '2016-07-01', '2016-07-12', 200, 0, 200, '01-01-030', 1),
(136, '0036', '2016-07-01', '2016-07-12', 200, 0, 200, '01-01-039', 1),
(137, '0037', '2016-07-01', '2016-07-12', 200, 0, 200, '01-01-014', 1),
(138, '0038', '2016-07-01', '2016-07-12', 200, 0, 200, '01-01-032', 1),
(139, '0041', '2016-07-01', '2016-07-12', 200, 0, 200, '01-01-016', 1),
(140, '0042', '2016-07-01', '2016-07-12', 200, 0, 200, '01-01-021', 1),
(141, '0043', '2016-07-01', '2016-07-12', 200, 0, 200, '01-01-012', 1),
(142, '0044', '2016-07-01', '2016-07-12', 200, 0, 200, '01-01-037', 1),
(143, '0045', '2016-07-01', '2016-07-12', 200, 0, 200, '01-01-036', 1),
(144, '0039', '2016-07-01', '2016-07-12', 200, 0, 200, '01-01-025', 0),
(145, '0040', '2016-07-01', '2016-07-12', 200, 0, 200, '01-01-024', 0),
(146, '0089', '2016-08-01', '2016-11-15', 5, 0, 205, '01-01-031', 1),
(147, '0089', '2016-09-01', '2016-11-15', 5, 0, 210, '01-01-031', 1),
(148, '0089', '2016-10-01', '2016-11-15', 5, 0, 215, '01-01-031', 1),
(149, '0090', '2016-08-01', '2016-11-15', 5, 0, 205, '01-01-034', 1),
(150, '0090', '2016-09-01', '2016-11-15', 5, 0, 210, '01-01-034', 1),
(151, '0090', '2016-10-01', '2016-11-15', 5, 0, 215, '01-01-034', 1),
(152, '0091', '2016-08-01', '2016-11-15', 5, 0, 205, '01-01-023', 1),
(153, '0091', '2016-09-01', '2016-11-15', 5, 0, 210, '01-01-023', 1),
(154, '0091', '2016-10-01', '2016-11-15', 5, 0, 215, '01-01-023', 1),
(155, '0092', '2016-08-01', '2016-11-15', 5, 0, 205, '01-01-018', 1),
(156, '0092', '2016-09-01', '2016-11-15', 5, 0, 210, '01-01-018', 1),
(157, '0092', '2016-10-01', '2016-11-15', 5, 0, 215, '01-01-018', 1),
(158, '0093', '2016-08-01', '2016-11-15', 5, 0, 205, '01-01-027', 1),
(159, '0093', '2016-09-01', '2016-11-15', 5, 0, 210, '01-01-027', 1),
(160, '0093', '2016-10-01', '2016-11-15', 5, 0, 215, '01-01-027', 1),
(161, '0094', '2016-08-01', '2016-11-15', 5, 0, 205, '01-01-042', 1),
(162, '0094', '2016-09-01', '2016-11-15', 5, 0, 210, '01-01-042', 1),
(163, '0094', '2016-10-01', '2016-11-15', 5, 0, 215, '01-01-042', 1),
(164, '0095', '2016-08-01', '2016-11-15', 5, 0, 205, '01-01-009', 1),
(165, '0095', '2016-09-01', '2016-11-15', 5, 0, 210, '01-01-009', 1),
(166, '0095', '2016-10-01', '2016-11-15', 5, 0, 215, '01-01-009', 1),
(167, '0096', '2016-08-01', '2016-11-15', 5, 0, 205, '01-01-033', 1),
(168, '0096', '2016-09-01', '2016-11-15', 5, 0, 210, '01-01-033', 1),
(169, '0096', '2016-10-01', '2016-11-15', 5, 0, 215, '01-01-033', 1),
(170, '0097', '2016-08-01', '2016-11-15', 5, 0, 205, '01-01-011', 1),
(171, '0097', '2016-09-01', '2016-11-15', 5, 0, 210, '01-01-011', 1),
(172, '0097', '2016-10-01', '2016-11-15', 5, 0, 215, '01-01-011', 1),
(173, '0098', '2016-08-01', '2016-11-15', 5, 0, 205, '01-01-008', 1),
(174, '0098', '2016-09-01', '2016-11-15', 5, 0, 210, '01-01-008', 1),
(175, '0098', '2016-10-01', '2016-11-15', 5, 0, 215, '01-01-008', 1),
(176, '0099', '2016-08-01', '2016-11-15', 5, 0, 205, '01-01-013', 1),
(177, '0099', '2016-09-01', '2016-11-15', 5, 0, 210, '01-01-013', 1),
(178, '0099', '2016-10-01', '2016-11-15', 5, 0, 215, '01-01-013', 1),
(179, '0100', '2016-08-01', '2016-11-15', 5, 0, 205, '01-01-002', 1),
(180, '0100', '2016-09-01', '2016-11-15', 5, 0, 210, '01-01-002', 1),
(181, '0100', '2016-10-01', '2016-11-15', 5, 0, 215, '01-01-002', 1),
(182, '0101', '2016-08-01', '2016-11-15', 5, 0, 205, '01-01-007', 1),
(183, '0101', '2016-09-01', '2016-11-15', 5, 0, 210, '01-01-007', 1),
(184, '0101', '2016-10-01', '2016-11-15', 5, 0, 215, '01-01-007', 1),
(185, '0102', '2016-08-01', '2016-11-15', 5, 0, 205, '01-01-022', 0),
(186, '0102', '2016-09-01', '2016-11-15', 5, 0, 210, '01-01-022', 0),
(187, '0102', '2016-10-01', '2016-11-15', 5, 0, 215, '01-01-022', 0),
(188, '0103', '2016-08-01', '2016-11-15', 5, 0, 205, '01-01-003', 1),
(189, '0103', '2016-09-01', '2016-11-15', 5, 0, 210, '01-01-003', 1),
(190, '0103', '2016-10-01', '2016-11-15', 5, 0, 215, '01-01-003', 1),
(191, '0104', '2016-08-01', '2016-11-15', 5, 0, 205, '01-01-035', 1),
(192, '0104', '2016-09-01', '2016-11-15', 5, 0, 210, '01-01-035', 1),
(193, '0104', '2016-10-01', '2016-11-15', 5, 0, 215, '01-01-035', 1),
(194, '0105', '2016-08-01', '2016-11-15', 5, 0, 205, '01-01-005', 0),
(195, '0105', '2016-09-01', '2016-11-15', 5, 0, 210, '01-01-005', 0),
(196, '0105', '2016-10-01', '2016-11-15', 5, 0, 215, '01-01-005', 0),
(197, '0106', '2016-08-01', '2016-11-15', 5, 0, 205, '01-01-045', 1),
(198, '0106', '2016-09-01', '2016-11-15', 5, 0, 210, '01-01-045', 1),
(199, '0106', '2016-10-01', '2016-11-15', 5, 0, 215, '01-01-045', 1),
(200, '0107', '2016-08-01', '2016-11-15', 5, 0, 205, '01-01-043', 1),
(201, '0107', '2016-09-01', '2016-11-15', 5, 0, 210, '01-01-043', 1),
(202, '0107', '2016-10-01', '2016-11-15', 5, 0, 215, '01-01-043', 1),
(203, '0108', '2016-08-01', '2016-11-15', 5, 0, 205, '01-01-044', 1),
(204, '0108', '2016-09-01', '2016-11-15', 5, 0, 210, '01-01-044', 1),
(205, '0108', '2016-10-01', '2016-11-15', 5, 0, 215, '01-01-044', 1),
(206, '0109', '2016-08-01', '2016-11-15', 5, 0, 205, '01-01-040', 1),
(207, '0109', '2016-09-01', '2016-11-15', 5, 0, 210, '01-01-040', 1),
(208, '0109', '2016-10-01', '2016-11-15', 5, 0, 215, '01-01-040', 1),
(209, '0110', '2016-08-01', '2016-11-15', 5, 0, 205, '01-01-010', 1),
(210, '0110', '2016-09-01', '2016-11-15', 5, 0, 210, '01-01-010', 1),
(211, '0110', '2016-10-01', '2016-11-15', 5, 0, 215, '01-01-010', 1),
(212, '0111', '2016-08-01', '2016-11-15', 5, 0, 205, '01-01-001', 1),
(213, '0111', '2016-09-01', '2016-11-15', 5, 0, 210, '01-01-001', 1),
(214, '0111', '2016-10-01', '2016-11-15', 5, 0, 215, '01-01-001', 1),
(215, '0112', '2016-08-01', '2016-11-15', 5, 0, 205, '01-01-029', 1),
(216, '0112', '2016-09-01', '2016-11-15', 5, 0, 210, '01-01-029', 1),
(217, '0112', '2016-10-01', '2016-11-15', 5, 0, 215, '01-01-029', 1),
(218, '0113', '2016-08-01', '2016-11-15', 5, 0, 205, '01-01-019', 1),
(219, '0113', '2016-09-01', '2016-11-15', 5, 0, 210, '01-01-019', 1),
(220, '0113', '2016-10-01', '2016-11-15', 5, 0, 215, '01-01-019', 1),
(221, '0114', '2016-08-01', '2016-11-15', 5, 0, 205, '01-01-004', 1),
(222, '0114', '2016-09-01', '2016-11-15', 5, 0, 210, '01-01-004', 1),
(223, '0114', '2016-10-01', '2016-11-15', 5, 0, 215, '01-01-004', 1),
(224, '0115', '2016-08-01', '2016-11-15', 5, 0, 205, '01-01-017', 1),
(225, '0115', '2016-09-01', '2016-11-15', 5, 0, 210, '01-01-017', 1),
(226, '0115', '2016-10-01', '2016-11-15', 5, 0, 215, '01-01-017', 1),
(227, '0116', '2016-08-01', '2016-11-15', 5, 0, 205, '01-01-041', 1),
(228, '0116', '2016-09-01', '2016-11-15', 5, 0, 210, '01-01-041', 1),
(229, '0116', '2016-10-01', '2016-11-15', 5, 0, 215, '01-01-041', 1),
(230, '0117', '2016-08-01', '2016-11-15', 5, 0, 205, '01-01-038', 1),
(231, '0117', '2016-09-01', '2016-11-15', 5, 0, 210, '01-01-038', 1),
(232, '0117', '2016-10-01', '2016-11-15', 5, 0, 215, '01-01-038', 1),
(233, '0118', '2016-08-01', '2016-11-15', 5, 0, 205, '01-01-015', 1),
(234, '0118', '2016-09-01', '2016-11-15', 5, 0, 210, '01-01-015', 1),
(235, '0118', '2016-10-01', '2016-11-15', 5, 0, 215, '01-01-015', 1),
(236, '0119', '2016-08-01', '2016-11-15', 5, 0, 205, '01-01-020', 1),
(237, '0119', '2016-09-01', '2016-11-15', 5, 0, 210, '01-01-020', 1),
(238, '0119', '2016-10-01', '2016-11-15', 5, 0, 215, '01-01-020', 1),
(239, '0120', '2016-08-01', '2016-11-15', 5, 0, 205, '01-01-006', 1),
(240, '0120', '2016-09-01', '2016-11-15', 5, 0, 210, '01-01-006', 1),
(241, '0120', '2016-10-01', '2016-11-15', 5, 0, 215, '01-01-006', 1),
(242, '0121', '2016-08-01', '2016-11-15', 5, 0, 205, '01-01-028', 1),
(243, '0121', '2016-09-01', '2016-11-15', 5, 0, 210, '01-01-028', 1),
(244, '0121', '2016-10-01', '2016-11-15', 5, 0, 215, '01-01-028', 1),
(245, '0122', '2016-08-01', '2016-11-15', 5, 0, 205, '01-01-026', 1),
(246, '0122', '2016-09-01', '2016-11-15', 5, 0, 210, '01-01-026', 1),
(247, '0122', '2016-10-01', '2016-11-15', 5, 0, 215, '01-01-026', 1),
(248, '0123', '2016-08-01', '2016-11-15', 5, 0, 205, '01-01-030', 1),
(249, '0123', '2016-09-01', '2016-11-15', 5, 0, 210, '01-01-030', 1),
(250, '0123', '2016-10-01', '2016-11-15', 5, 0, 215, '01-01-030', 1),
(251, '0124', '2016-08-01', '2016-11-15', 5, 0, 205, '01-01-039', 1),
(252, '0124', '2016-09-01', '2016-11-15', 5, 0, 210, '01-01-039', 1),
(253, '0124', '2016-10-01', '2016-11-15', 5, 0, 215, '01-01-039', 1),
(254, '0125', '2016-08-01', '2016-11-15', 5, 0, 205, '01-01-014', 1),
(255, '0125', '2016-09-01', '2016-11-15', 5, 0, 210, '01-01-014', 1),
(256, '0125', '2016-10-01', '2016-11-15', 5, 0, 215, '01-01-014', 1),
(257, '0126', '2016-08-01', '2016-11-15', 5, 0, 205, '01-01-032', 1),
(258, '0126', '2016-09-01', '2016-11-15', 5, 0, 210, '01-01-032', 1),
(259, '0126', '2016-10-01', '2016-11-15', 5, 0, 215, '01-01-032', 1),
(260, '0127', '2016-08-01', '2016-11-15', 5, 0, 205, '01-01-016', 1),
(261, '0127', '2016-09-01', '2016-11-15', 5, 0, 210, '01-01-016', 1),
(262, '0127', '2016-10-01', '2016-11-15', 5, 0, 215, '01-01-016', 1),
(263, '0128', '2016-08-01', '2016-11-15', 5, 0, 205, '01-01-021', 1),
(264, '0128', '2016-09-01', '2016-11-15', 5, 0, 210, '01-01-021', 1),
(265, '0128', '2016-10-01', '2016-11-15', 5, 0, 215, '01-01-021', 1),
(266, '0129', '2016-08-01', '2016-11-15', 5, 0, 205, '01-01-012', 1),
(267, '0129', '2016-09-01', '2016-11-15', 5, 0, 210, '01-01-012', 1),
(268, '0129', '2016-10-01', '2016-11-15', 5, 0, 215, '01-01-012', 1),
(269, '0130', '2016-08-01', '2016-11-15', 5, 0, 205, '01-01-037', 1),
(270, '0130', '2016-09-01', '2016-11-15', 5, 0, 210, '01-01-037', 1),
(271, '0130', '2016-10-01', '2016-11-15', 5, 0, 215, '01-01-037', 1),
(272, '0131', '2016-08-01', '2016-11-15', 5, 0, 205, '01-01-036', 1),
(273, '0131', '2016-09-01', '2016-11-15', 5, 0, 210, '01-01-036', 1),
(274, '0131', '2016-10-01', '2016-11-15', 5, 0, 215, '01-01-036', 1),
(275, '0132', '2016-11-01', '2016-12-20', 5, 0, 220, '01-01-031', 1),
(276, '0133', '2016-11-01', '2016-12-20', 5, 0, 220, '01-01-034', 1),
(277, '0134', '2016-11-01', '2016-12-20', 5, 0, 220, '01-01-023', 1),
(278, '0135', '2016-11-01', '2016-12-20', 5, 0, 220, '01-01-018', 1),
(279, '0136', '2016-11-01', '2016-12-20', 5, 0, 220, '01-01-027', 1),
(280, '0137', '2016-11-01', '2016-12-20', 5, 0, 220, '01-01-042', 1),
(281, '0138', '2016-11-01', '2016-12-20', 5, 0, 220, '01-01-009', 1),
(282, '0138', '2016-12-01', '2016-12-20', 5, 0, 225, '01-01-009', 1),
(283, '0139', '2016-11-01', '2016-12-20', 5, 0, 220, '01-01-033', 1),
(284, '0139', '2016-12-01', '2016-12-20', 5, 0, 225, '01-01-033', 1),
(285, '0140', '2016-11-01', '2016-12-20', 5, 0, 220, '01-01-011', 1),
(286, '0141', '2016-11-01', '2016-12-20', 5, 0, 220, '01-01-008', 1),
(287, '0142', '2016-11-01', '2016-12-20', 5, 0, 220, '01-01-013', 1),
(288, '0143', '2016-11-01', '2016-12-20', 5, 0, 220, '01-01-002', 1),
(289, '0144', '2016-11-01', '2016-12-20', 5, 0, 220, '01-01-007', 1),
(290, '0145', '2016-11-01', '2016-12-20', 5, 0, 220, '01-01-022', 0),
(291, '0146', '2016-11-01', '2016-12-20', 5, 0, 220, '01-01-003', 1),
(292, '0147', '2016-11-01', '2016-12-20', 5, 0, 220, '01-01-035', 1),
(293, '0148', '2016-11-01', '2016-12-20', 5, 0, 220, '01-01-005', 0),
(294, '0149', '2016-11-01', '2016-12-20', 5, 0, 220, '01-01-045', 1),
(295, '0150', '2016-11-01', '2016-12-20', 5, 0, 220, '01-01-043', 1),
(296, '0151', '2016-11-01', '2016-12-20', 5, 0, 220, '01-01-044', 1),
(297, '0151', '2016-12-01', '2016-12-20', 5, 0, 225, '01-01-044', 1),
(298, '0152', '2016-11-01', '2016-12-20', 5, 0, 220, '01-01-040', 1),
(299, '0153', '2016-11-01', '2016-12-20', 5, 0, 220, '01-01-010', 1),
(300, '0153', '2016-12-01', '2016-12-20', 5, 0, 225, '01-01-010', 1),
(301, '0154', '2016-11-01', '2016-12-20', 5, 0, 220, '01-01-001', 1),
(302, '0155', '2016-11-01', '2016-12-20', 5, 0, 220, '01-01-029', 1),
(303, '0156', '2016-11-01', '2016-12-20', 5, 0, 220, '01-01-019', 1),
(304, '0157', '2016-11-01', '2016-12-20', 5, 0, 220, '01-01-004', 1),
(305, '0157', '2016-12-01', '2016-12-20', 5, 0, 225, '01-01-004', 1),
(306, '0158', '2016-11-01', '2016-12-20', 5, 0, 220, '01-01-017', 1),
(307, '0159', '2016-11-01', '2016-12-20', 5, 0, 220, '01-01-041', 1),
(308, '0160', '2016-11-01', '2016-12-20', 5, 0, 220, '01-01-038', 1),
(309, '0161', '2016-11-01', '2016-12-20', 5, 0, 220, '01-01-015', 1),
(310, '0162', '2016-11-01', '2016-12-20', 5, 0, 220, '01-01-020', 1),
(311, '0163', '2016-11-01', '2016-12-20', 5, 0, 220, '01-01-006', 1),
(312, '0164', '2016-11-01', '2016-12-20', 5, 0, 220, '01-01-028', 1),
(313, '0165', '2016-11-01', '2016-12-20', 5, 0, 220, '01-01-026', 1),
(314, '0166', '2016-11-01', '2016-12-20', 5, 0, 220, '01-01-030', 1),
(315, '0167', '2016-11-01', '2016-12-20', 5, 0, 220, '01-01-039', 1),
(316, '0168', '2016-11-01', '2016-12-20', 5, 0, 220, '01-01-014', 1),
(317, '0169', '2016-11-01', '2016-12-20', 5, 0, 220, '01-01-032', 1),
(318, '0170', '2016-11-01', '2016-12-20', 5, 0, 220, '01-01-016', 1),
(319, '0171', '2016-11-01', '2016-12-20', 5, 0, 220, '01-01-021', 1),
(320, '0172', '2016-11-01', '2016-12-20', 5, 0, 220, '01-01-012', 1),
(321, '0173', '2016-11-01', '2016-12-20', 5, 0, 220, '01-01-037', 1),
(322, '0174', '2016-11-01', '2016-12-20', 5, 0, 220, '01-01-036', 1),
(323, '0175', '2016-12-01', '2016-12-20', 5, 0, 225, '01-01-022', 0),
(324, '0176', '2016-12-01', '2016-12-20', 5, 0, 225, '01-01-042', 1),
(325, '0177', '2016-12-01', '2016-12-20', 5, 0, 225, '01-01-029', 1),
(326, '0178', '2016-12-01', '2016-12-20', 5, 0, 225, '01-01-013', 1),
(327, '0179', '2016-12-01', '2016-12-20', 5, 0, 225, '01-01-007', 1),
(328, '0180', '2016-12-01', '2016-12-20', 5, 0, 225, '01-01-018', 1),
(329, '0181', '2016-12-01', '2016-12-20', 5, 0, 225, '01-01-016', 1),
(330, '0182', '2016-12-01', '2016-12-20', 5, 0, 5, '01-01-049', 1),
(331, '0183', '2016-12-01', '2016-12-20', 5, 0, 225, '01-01-027', 1),
(332, '0184', '2016-12-01', '2016-12-20', 5, 0, 225, '01-01-019', 1),
(333, '0185', '2016-12-01', '2016-12-20', 5, 0, 225, '01-01-037', 1),
(334, '0186', '2016-12-01', '2016-12-20', 5, 0, 225, '01-01-014', 1),
(335, '0187', '2016-12-01', '2016-12-20', 5, 0, 225, '01-01-011', 1),
(336, '0189', '2016-12-01', '2016-12-20', 5, 0, 225, '01-01-041', 1),
(337, '0190', '2016-12-01', '2016-12-20', 5, 0, 225, '01-01-008', 1),
(338, '0191', '2016-12-01', '2016-12-20', 5, 0, 225, '01-01-002', 1),
(339, '0193', '2016-12-01', '2016-12-20', 5, 0, 225, '01-01-017', 1),
(340, '0194', '2016-12-01', '2016-12-20', 5, 0, 225, '01-01-043', 1),
(341, '0195', '2016-12-01', '2016-12-20', 5, 0, 225, '01-01-032', 1),
(342, '0196', '2016-12-01', '2016-12-20', 5, 0, 225, '01-01-040', 1),
(343, '0197', '2016-12-01', '2016-12-20', 5, 0, 5, '01-01-047', 1),
(344, '0199', '2016-12-01', '2016-12-20', 5, 0, 5, '01-01-054', 1),
(345, '0200', '2016-12-01', '2016-12-20', 5, 0, 5, '01-01-053', 1),
(346, '0202', '2016-12-01', '2016-12-20', 5, 0, 225, '01-01-035', 1),
(347, '0203', '2016-12-01', '2016-12-20', 5, 0, 225, '01-01-030', 1),
(348, '0204', '2016-12-01', '2016-12-20', 5, 0, 5, '01-01-048', 1),
(349, '0205', '2016-12-01', '2016-12-20', 5, 0, 225, '01-01-015', 1),
(350, '0206', '2016-12-01', '2016-12-20', 5, 0, 225, '01-01-001', 1),
(351, '0210', '2016-12-01', '2016-12-20', 5, 0, 225, '01-01-031', 1),
(352, '0211', '2016-12-01', '2016-12-23', 5, 0, 225, '01-01-034', 1),
(353, '0214', '2016-12-01', '2016-12-23', 5, 0, 225, '01-01-003', 1),
(354, '0218', '2016-12-01', '2016-12-23', 5, 0, 225, '01-01-039', 1),
(355, '0219', '2016-12-01', '2016-12-23', 5, 0, 225, '01-01-021', 1),
(356, '0481', '2016-12-01', '2017-02-27', 5, 0, 225, '01-01-012', 1),
(357, '0221', '2016-12-01', '2016-12-23', 5, 0, 225, '01-01-036', 1),
(358, '0257', '2016-12-01', '2017-01-03', 5, 0, 225, '01-01-005', 0),
(359, '0257', '2017-01-01', '2017-01-03', 5, 0, 230, '01-01-005', 0),
(360, '0258', '2016-12-01', '2017-01-03', 5, 0, 225, '01-01-045', 1),
(361, '0259', '2016-12-01', '2017-01-03', 5, 0, 225, '01-01-038', 1),
(362, '0266', '2016-12-01', '2017-01-10', 5, 0, 225, '01-01-028', 1),
(363, '0267', '2016-12-01', '2017-01-11', 5, 0, 225, '01-01-026', 1),
(364, '331', '2017-01-01', '2017-01-31', 5, 0, 205, '01-01-074', 1),
(365, '327', '2017-01-01', '2017-01-26', 5, 0, 230, '01-01-015', 1),
(366, '0272', '2017-01-01', '2017-01-18', 5, 0, 230, '01-01-038', 1),
(367, '0273', '2017-01-01', '2017-01-26', 5, 0, 230, '01-01-044', 1),
(368, '0273', '2017-02-01', '2017-01-26', 5, 0, 235, '01-01-044', 1),
(369, '0274', '2017-01-01', '2017-01-26', 5, 0, 230, '01-01-033', 1),
(370, '0278', '2017-01-01', '2017-01-26', 5, 0, 225, '01-01-023', 1),
(371, '0280', '2017-01-01', '2017-01-26', 5, 0, 230, '01-01-022', 0),
(372, '0281', '2017-01-01', '2017-01-26', 5, 0, 230, '01-01-042', 1),
(373, '0282', '2017-01-01', '2017-01-26', 5, 0, 5, '01-01-073', 1),
(374, '0283', '2017-01-01', '2017-01-26', 5, 0, 5, '01-01-046', 1),
(375, '0284', '2017-01-01', '2017-01-26', 5, 0, 230, '01-01-039', 1),
(376, '0285', '2017-01-01', '2017-01-26', 5, 0, 5, '01-01-068', 1),
(377, '0286', '2017-01-01', '2017-01-26', 5, 0, 10, '01-01-049', 1),
(378, '0287', '2017-01-01', '2017-01-26', 5, 0, 230, '01-01-029', 1),
(379, '0288', '2017-01-01', '2017-01-26', 5, 0, 230, '01-01-013', 1),
(380, '0289', '2017-01-01', '2017-01-26', 5, 0, 230, '01-01-007', 1),
(381, '0290', '2017-01-01', '2017-01-26', 5, 0, 230, '01-01-018', 1),
(382, '0291', '2017-01-01', '2017-01-26', 5, 0, 230, '01-01-016', 1),
(383, '0292', '2017-01-01', '2017-01-26', 5, 0, 230, '01-01-027', 1),
(384, '0293', '2017-01-01', '2017-01-26', 5, 0, 5, '01-01-058', 1),
(385, '0294', '2017-01-01', '2017-01-26', 5, 0, 230, '01-01-019', 1),
(386, '0295', '2017-01-01', '2017-01-26', 5, 0, 230, '01-01-037', 1),
(387, '0296', '2017-01-01', '2017-01-26', 5, 0, 230, '01-01-014', 1),
(388, '0297', '2017-01-01', '2017-01-26', 5, 0, 230, '01-01-021', 1),
(389, '0298', '2017-01-01', '2017-01-26', 5, 0, 230, '01-01-011', 1),
(390, '0299', '2017-01-01', '2017-01-26', 5, 0, 230, '01-01-026', 1),
(391, '0300', '2017-01-01', '2017-01-26', 5, 0, 5, '01-01-071', 1),
(392, '0301', '2017-01-01', '2017-01-26', 5, 0, 5, '01-01-070', 1),
(393, '0302', '2017-01-01', '2017-01-26', 5, 0, 230, '01-01-041', 1),
(394, '0303', '2017-01-01', '2017-01-26', 5, 0, 230, '01-01-008', 1),
(395, '0304', '2017-01-01', '2017-01-26', 5, 0, 230, '01-01-002', 1),
(396, '0305', '2017-01-01', '2017-01-26', 5, 0, 5, '01-01-057', 1),
(397, '0307', '2017-01-01', '2017-01-26', 5, 0, 230, '01-01-017', 1),
(398, '0308', '2017-01-01', '2017-01-26', 5, 0, 5, '01-01-056', 1),
(399, '0309', '2017-01-01', '2017-01-26', 5, 0, 5, '01-01-060', 1),
(400, '0310', '2017-01-01', '2017-01-26', 5, 0, 5, '01-01-062', 1),
(401, '0311', '2017-01-01', '2017-01-26', 5, 0, 230, '01-01-043', 1),
(402, '0313', '2017-01-01', '2017-01-26', 5, 0, 230, '01-01-009', 1),
(403, '0314', '2017-01-01', '2017-01-26', 5, 0, 230, '01-01-032', 1),
(404, '0315', '2017-01-01', '2017-01-26', 5, 0, 5, '01-01-069', 1),
(405, '0316', '2017-01-01', '2017-01-26', 5, 0, 230, '01-01-040', 1),
(406, '0317', '2017-01-01', '2017-01-26', 5, 0, 5, '01-01-055', 1),
(407, '0318', '2017-01-01', '2017-01-26', 5, 0, 5, '01-01-061', 1),
(408, '0319', '2017-01-01', '2017-01-26', 5, 0, 5, '01-01-063', 1),
(409, '0320', '2017-01-01', '2017-01-26', 5, 0, 10, '01-01-047', 1),
(410, '0321', '2017-01-01', '2017-01-26', 5, 0, 10, '01-01-053', 1),
(411, '0322', '2017-01-01', '2017-01-26', 5, 0, 230, '01-01-030', 1),
(412, '0323', '2017-01-01', '2017-01-26', 5, 0, 225, '01-01-006', 1),
(413, '0324', '2017-01-01', '2017-01-26', 5, 0, 230, '01-01-035', 1),
(414, '0325', '2017-01-01', '2017-01-26', 5, 0, 5, '01-01-051', 1),
(415, '0326', '2017-01-01', '2017-01-26', 5, 0, 10, '01-01-048', 1),
(416, '0328', '2017-01-01', '2017-01-26', 5, 0, 230, '01-01-001', 1),
(417, '0329', '2017-01-01', '2017-01-26', 5, 0, 10, '01-01-054', 1),
(418, '0330', '2017-01-01', '2017-01-31', 5, 0, 230, '01-01-010', 1),
(419, '0330', '2017-02-01', '2017-01-31', 5, 0, 235, '01-01-010', 1),
(420, '0332', '2017-01-01', '2017-01-31', 5, 0, 230, '01-01-012', 1),
(421, '0333', '2017-01-01', '2017-01-31', 5, 0, 230, '01-01-034', 1),
(422, '0334', '2017-01-01', '2017-01-31', 5, 0, 230, '01-01-003', 1),
(423, '0336', '2017-01-01', '2017-01-31', 5, 0, 230, '01-01-045', 1),
(424, '0339', '2016-12-01', '2017-01-31', 5, 0, 225, '01-01-020', 1),
(425, '0340', '2017-01-01', '2017-01-31', 5, 0, 230, '01-01-020', 1),
(426, NULL, 'Apertura de cuenta', '2017-06-19', 25, 0, 25, '2-02-058', 0),
(427, NULL, 'Apertura de cuenta', '2017-06-19', 10, 0, 10, '2-04-002', 0),
(428, NULL, 'Apertura de cuenta', '2017-06-19', 45, 0, 45, '2-02-006', 0),
(429, NULL, 'Apertura de cuenta', '2017-06-19', 20, 0, 20, '2-02-001', 0),
(430, NULL, 'Apertura de cuenta', '2017-06-19', 20, 0, 20, '2-02-049', 0),
(431, NULL, 'Apertura de cuenta', '2017-06-19', 50, 0, 50, '2-02-011', 0),
(432, NULL, 'Apertura de cuenta', '2017-06-19', 10, 0, 10, '2-02-002', 0),
(433, NULL, 'Apertura de cuenta', '2017-06-19', 5, 0, 5, '2-02-033', 0),
(434, NULL, 'Apertura de cuenta', '2017-06-19', 10, 0, 10, '2-02-032', 0),
(435, NULL, 'Apertura de cuenta', '2017-06-19', 15, 0, 15, '2-02-050', 0),
(436, NULL, 'Apertura de cuenta', '2017-06-19', 15, 0, 15, '2-03-050', 0),
(437, NULL, 'Apertura de cuenta', '2017-06-19', 11.62, 0, 11.62, '2-02-073', 0),
(438, NULL, 'Apertura de cuenta', '2017-06-19', 7, 0, 7, '2-03-046', 0),
(439, NULL, 'Apertura de cuenta', '2017-06-19', 5, 0, 5, '2-02-046', 0),
(440, NULL, 'Apertura de cuenta', '2017-06-19', 25, 0, 25, '2-02-039', 0),
(441, NULL, 'Apertura de cuenta', '2017-06-19', 25, 0, 25, '2-02-068', 0),
(442, NULL, 'CUOTA AHORRO NAVIDEÑO ENERO 2017', '2017-06-19', 20, 0, 40, '2-02-049', 0),
(443, NULL, 'CUOTA AHORRO NAVIDEÑO ENERO 2017', '2017-06-19', 50, 0, 100, '2-02-011', 0),
(444, NULL, 'Apertura de cuenta', '2017-06-19', 20, 0, 20, '2-02-026', 0),
(445, NULL, 'Apertura de cuenta', '2017-06-19', 16.62, 0, 16.62, '2-02-071', 0),
(446, NULL, 'CUOTA AHORRO NAVIDEÑO MES ENERO 2017', '2017-01-26', 10, 0, 20, '2-02-002', 0),
(447, NULL, 'CUOTA AHORRO INFANTIL ENERO 2017', '2017-01-26', 10, 0, 20, '2-04-002', 0),
(448, NULL, 'Apertura de cuenta', '2017-06-20', 10, 0, 10, '2-02-057', 0),
(449, NULL, 'Apertura de cuenta', '2017-06-20', 5, 0, 5, '2-03-057', 0),
(450, NULL, 'Apertura de cuenta', '2017-06-20', 5, 0, 5, '2-04-057', 0),
(451, NULL, 'Apertura de cuenta', '2017-06-20', 30, 0, 30, '2-02-052', 0),
(452, NULL, 'Apertura de cuenta', '2017-06-20', 100, 0, 100, '2-02-056', 0),
(453, NULL, 'Apertura de cuenta', '2017-06-20', 50, 0, 50, '2-03-056', 0),
(454, NULL, 'Apertura de cuenta', '2017-06-20', 20, 0, 20, '2-02-060', 0),
(455, NULL, 'Apertura de cuenta', '2017-06-20', 15, 0, 15, '2-03-060', 0),
(456, NULL, 'Apertura de cuenta', '2017-06-20', 10, 0, 10, '2-04-060', 0),
(457, NULL, 'Apertura de cuenta', '2017-06-20', 10, 0, 10, '2-02-062', 0),
(458, NULL, 'Apertura de cuenta', '2017-06-20', 10, 0, 10, '2-03-062', 0),
(459, NULL, 'Apertura de cuenta', '2017-06-20', 5, 0, 5, '2-04-062', 0),
(460, NULL, 'Apertura de cuenta', '2017-06-20', 15, 0, 15, '2-03-069', 0),
(461, NULL, 'Apertura de cuenta', '2017-06-20', 25, 0, 25, '2-02-055', 0),
(462, NULL, 'Apertura de cuenta', '2017-06-20', 25, 0, 25, '2-03-055', 0),
(463, NULL, 'Apertura de cuenta', '2017-06-20', 20, 0, 20, '2-02-061', 0),
(464, NULL, 'Apertura de cuenta', '2017-06-20', 30, 0, 30, '2-03-063', 0),
(465, NULL, 'Apertura de cuenta', '2017-06-20', 20, 0, 20, '2-02-047', 0),
(466, '323', 'CUOTA AHORRO NAVIDEÑO ENERO 2017', '2017-01-26', 45, 0, 90, '2-02-006', 0),
(467, NULL, 'CUOTA AHORRO NAVIDEÑO ENERO 2017', '2017-01-26', 20, 0, 40, '2-02-001', 0),
(468, NULL, 'Apertura de cuenta', '2017-06-20', 25, 0, 25, '2-03-005', 0),
(469, NULL, 'Apertura de cuenta', '2017-06-20', 10, 0, 10, '2-02-036', 0),
(470, NULL, 'Apertura de cuenta', '2017-06-20', 10, 0, 10, '2-02-004', 0),
(471, '0359', '2017-02-01', '2017-02-09', 5, 0, 5, '01-01-078', 1),
(472, '360', '2017-01-01', '2017-02-06', 5, 0, 5, '01-01-064', 1),
(473, NULL, 'Apertura de cuenta', '2017-06-20', 10, 0, 10, '2-02-064', 0),
(474, '363', '2017-01-01', '2017-02-09', 5, 0, 230, '01-01-031', 1),
(475, '363', '2017-02-01', '2017-02-09', 5, 0, 235, '01-01-031', 1),
(476, '363', '2017-03-01', '2017-02-09', 5, 0, 240, '01-01-031', 1),
(477, '363', '2017-04-01', '2017-02-09', 5, 0, 245, '01-01-031', 1),
(478, '363', '2017-05-01', '2017-02-09', 5, 0, 250, '01-01-031', 1),
(479, '363', '2017-06-01', '2017-02-09', 5, 0, 255, '01-01-031', 1),
(480, '363', '2017-07-01', '2017-02-09', 5, 0, 260, '01-01-031', 1),
(481, '363', '2017-08-01', '2017-02-09', 5, 0, 265, '01-01-031', 1),
(482, '363', '2017-09-01', '2017-02-09', 5, 0, 270, '01-01-031', 1),
(483, '363', '2017-10-01', '2017-02-09', 5, 0, 275, '01-01-031', 1),
(484, '363', '2017-11-01', '2017-02-09', 5, 0, 280, '01-01-031', 1),
(485, '363', '2017-12-01', '2017-02-09', 5, 0, 285, '01-01-031', 1),
(486, '364', '2017-01-01', '2017-02-09', 5, 0, 5, '01-01-052', 1),
(487, '364', '2017-02-01', '2017-02-09', 5, 0, 10, '01-01-052', 1),
(488, '364', '2017-03-01', '2017-02-09', 5, 0, 15, '01-01-052', 1),
(489, '364', '2017-04-01', '2017-02-09', 5, 0, 20, '01-01-052', 1),
(490, '364', '2017-05-01', '2017-02-09', 5, 0, 25, '01-01-052', 1),
(491, '364', '2017-06-01', '2017-02-09', 5, 0, 30, '01-01-052', 1),
(492, '364', '2017-07-01', '2017-02-09', 5, 0, 35, '01-01-052', 1),
(493, '364', '2017-08-01', '2017-02-09', 5, 0, 40, '01-01-052', 1),
(494, '364', '2017-09-01', '2017-02-09', 5, 0, 45, '01-01-052', 1),
(495, '364', '2017-10-01', '2017-02-09', 5, 0, 50, '01-01-052', 1),
(496, '364', '2017-11-01', '2017-02-09', 5, 0, 55, '01-01-052', 1),
(497, '364', '2017-12-01', '2017-02-09', 5, 0, 60, '01-01-052', 1),
(498, '365', '2017-01-01', '2017-02-09', 5, 0, 5, '01-01-059', 1),
(499, '365', '2017-02-01', '2017-02-09', 5, 0, 10, '01-01-059', 1),
(500, '365', '2017-03-01', '2017-02-09', 5, 0, 15, '01-01-059', 1),
(501, '365', '2017-04-01', '2017-02-09', 5, 0, 20, '01-01-059', 1),
(502, '365', '2017-05-01', '2017-02-09', 5, 0, 25, '01-01-059', 1),
(503, '365', '2017-06-01', '2017-02-09', 5, 0, 30, '01-01-059', 1),
(504, '365', '2017-07-01', '2017-02-09', 5, 0, 35, '01-01-059', 1),
(505, '365', '2017-08-01', '2017-02-09', 5, 0, 40, '01-01-059', 1),
(506, '365', '2017-09-01', '2017-02-09', 5, 0, 45, '01-01-059', 1),
(507, '365', '2017-10-01', '2017-02-09', 5, 0, 50, '01-01-059', 1),
(508, '365', '2017-11-01', '2017-02-09', 5, 0, 55, '01-01-059', 1),
(509, '365', '2017-12-01', '2017-02-09', 5, 0, 60, '01-01-059', 1),
(510, '368', '2017-02-01', '2017-02-22', 5, 0, 235, '01-01-005', 0),
(511, NULL, 'cuota ahorro a la vista de febrero 2017', '2017-06-21', 25, 0, 50, '2-03-005', 0),
(512, '369', '2017-02-01', '2017-02-22', 5, 0, 230, '01-01-023', 1),
(513, '370', '2017-02-01', '2017-02-23', 5, 0, 235, '01-01-022', 0),
(514, '371', '2017-02-01', '2017-02-23', 5, 0, 235, '01-01-042', 1),
(515, '373', '2017-02-01', '2017-02-23', 5, 0, 235, '01-01-026', 1),
(516, '374', '2017-02-01', '2017-02-23', 5, 0, 10, '01-01-073', 1),
(517, '375', '2017-02-01', '2017-02-23', 5, 0, 235, '01-01-039', 1),
(518, '376', '2017-02-01', '2017-02-23', 5, 0, 10, '01-01-068', 1),
(519, '377', '2017-02-01', '2017-02-23', 5, 0, 235, '01-01-029', 1),
(520, '378', '2017-02-01', '2017-02-23', 5, 0, 235, '01-01-013', 1),
(521, '379', '2017-02-01', '2017-02-23', 5, 0, 235, '01-01-007', 1),
(522, '380', '2017-02-01', '2017-02-23', 5, 0, 235, '01-01-018', 1),
(523, '381', '2017-02-01', '2017-02-23', 5, 0, 235, '01-01-016', 1),
(524, '382', '2017-02-01', '2017-02-23', 5, 0, 15, '01-01-049', 1),
(525, '383', '2017-02-01', '2017-02-23', 5, 0, 235, '01-01-027', 1),
(526, '384', '2017-02-01', '2017-02-23', 5, 0, 10, '01-01-058', 1),
(527, '385', '2017-02-01', '2017-02-23', 5, 0, 235, '01-01-019', 1),
(528, '386', '2017-02-01', '2017-02-23', 5, 0, 10, '01-01-046', 1),
(529, '387', '2017-02-01', '2017-02-23', 5, 0, 235, '01-01-037', 1),
(530, '388', '2017-02-01', '2017-02-23', 5, 0, 235, '01-01-014', 1),
(531, '389', '2017-02-01', '2017-02-23', 5, 0, 235, '01-01-021', 1),
(532, '390', '2017-02-01', '2017-02-23', 5, 0, 235, '01-01-011', 1),
(533, '391', '2017-02-01', '2017-02-23', 5, 0, 10, '01-01-071', 1),
(534, '393', '2017-02-01', '2017-02-23', 5, 0, 10, '01-01-070', 1),
(535, '394', '2017-02-01', '2017-02-23', 5, 0, 235, '01-01-041', 1),
(536, '395', '2017-02-01', '2017-02-23', 5, 0, 235, '01-01-001', 1),
(537, '0396', 'CUOTA AHORRO NAVIDEÑO FEBRERO 2017', '2017-02-23', 20, 0, 60, '2-02-001', 0),
(538, '397', '2017-02-01', '2017-02-23', 5, 0, 235, '01-01-015', 1),
(539, '398', '2017-02-01', '2017-02-23', 5, 0, 15, '01-01-048', 1),
(540, '399', '2017-02-01', '2017-02-23', 5, 0, 10, '01-01-051', 1),
(541, '400', '2017-02-01', '2017-02-23', 5, 0, 235, '01-01-035', 1),
(542, '401', '2017-02-01', '2017-02-23', 5, 0, 230, '01-01-006', 1),
(543, NULL, 'CUOTA AHORRO NAVIDEÑO FEBRERO/17', '2017-02-23', 45, 0, 135, '2-02-006', 0),
(544, '403', '2017-02-01', '2017-02-23', 5, 0, 235, '01-01-030', 1),
(545, '404', '2017-02-01', '2017-02-23', 5, 0, 15, '01-01-053', 1),
(546, '406', '2017-02-01', '2017-02-23', 5, 0, 235, '01-01-017', 1),
(547, NULL, 'Apertura de cuenta', '2017-06-22', 10, 0, 10, '2-04-042', 0),
(548, NULL, 'CUOTA AHORRO INFANTIL DEL MES DE FEBRERO/17', '2017-02-23', 10, 0, 30, '2-04-002', 0),
(549, NULL, 'CUOTA DE AHORRO NAVIDEÑO FEBRERO/17\r\n', '2017-02-23', 100, 0, 200, '2-02-056', 0),
(550, NULL, 'CUOTA AHORRO A LA VISTA FEBRERO/17', '2017-02-23', 50, 0, 100, '2-03-056', 0),
(551, NULL, 'CUOTA DE AHOORRO A LA VISTA FEBRERO/17', '2017-02-23', 15, 0, 30, '2-03-060', 0),
(552, NULL, 'CUOTA AHORRO NAVIDEÑO FEBRERO/17', '2017-02-23', 20, 0, 40, '2-02-060', 0),
(553, NULL, 'CUOTA AHOORO INFANTIL FEBRERO/17', '2017-02-23', 10, 0, 20, '2-04-060', 0),
(554, '411', '2017-02-01', '2017-02-23', 5, 0, 10, '01-01-060', 1),
(555, NULL, 'CUOTA AHORRO NAVIDEÑO FEBRERO/17\r\n', '2017-02-23', 10, 0, 20, '2-02-062', 0),
(556, NULL, 'CUOTA AHORRO A LA VISTA FEBRERO/17', '2017-02-23', 10, 0, 20, '2-03-062', 0),
(557, NULL, 'CUOTA AHORRO INFANTIN FEBRERO/17', '2017-02-23', 5, 0, 10, '2-04-062', 0),
(558, NULL, 'CUOTA AHORRO NAVIDEÑO FEBRERO/17', '2017-02-23', 10, 0, 20, '2-02-036', 0),
(559, NULL, 'Apertura de cuenta', '2017-06-22', 20, 0, 20, '2-02-029', 0),
(560, '415', '2017-02-01', '2017-02-23', 5, 0, 235, '01-01-043', 1),
(561, '416', '2017-02-01', '2017-02-23', 5, 0, 5, '01-01-072', 1),
(562, '417', '2017-02-01', '2017-02-23', 5, 0, 235, '01-01-008', 1),
(563, '418', '2017-02-01', '2017-02-23', 5, 0, 235, '01-01-002', 1),
(564, NULL, 'Apertura de cuenta', '2017-06-22', 25, 0, 25, '2-02-042', 0),
(565, NULL, 'CUOTA AHORRO NAVIDEÑO FEBRERO 2017', '2017-02-23', 20, 0, 40, '2-02-026', 0),
(566, NULL, 'CUOTA DE AHORRO NAVIDEÑO FEBRERO 2017', '2017-02-23', 11.62, 0, 23.24, '2-02-073', 0),
(567, NULL, 'CUOTA AHORRO NAVIDEÑO FEBRERO 2017', '2017-02-23', 25, 0, 50, '2-02-039', 0),
(568, NULL, 'CUOTA AHORRO NAVIDEÑO FEBRERO 2017', '2017-02-23', 25, 0, 50, '2-02-068', 0),
(569, NULL, 'CUOTA AHORRO NAVIDEÑO FEBRERO 2017', '2017-02-23', 20, 0, 60, '2-02-049', 0),
(570, NULL, 'CUOTA AHORRO NAVIDEÑO FEBRERO 2017', '2017-02-23', 25, 0, 50, '2-02-058', 0),
(571, NULL, 'CUOTA AHORRO NAVIDEÑO FEBRERO 2017', '2017-02-23', 5, 0, 10, '2-02-046', 0),
(572, NULL, 'CUOTA AHORRO NAVIDEÑO FEBRERO 2017', '2017-02-23', 50, 0, 150, '2-02-011', 0),
(573, NULL, 'CUOTA AHORRO NAVIDEÑO FEBRERO 2017', '2017-02-23', 16.62, 0, 33.24, '2-02-071', 0),
(574, NULL, 'CUOTA AHORRO NAVIDEÑO FEBRERO 2017', '2017-02-23', 15, 0, 30, '2-02-050', 0),
(575, '188', '2016-12-01', '2017-12-20', 5, 0, 5, '01-01-050', 1),
(576, '279', '2017-01-01', '2017-01-26', 5, 0, 10, '01-01-050', 1),
(577, NULL, 'Apertura de cuenta', '2017-07-03', 50, 0, 50, '2-02-009', 0),
(578, '0270', 'Voluntaria', '2017-01-18', 150, 0, 385, '01-01-015', 1),
(579, '0338', 'Voluntaria', '2017-01-31', 5, 0, 5, '01-01-077', 1),
(580, '0351', 'Voluntaria', '2017-01-31', 5, 0, 235, '01-01-023', 1),
(581, '0392', '2017-02-01', '2017-02-23', 5, 0, 15, '01-01-050', 1),
(582, NULL, 'CUOTA AHORRO NAVIDEÑO DE FEBRERO 2017', '2017-02-23', 10, 0, 30, '2-02-002', 0),
(583, '0432', '2017-02-01', '2017-02-23', 5, 0, 10, '01-01-057', 1),
(584, NULL, 'CUOTA AHORRO NAVIDEÑO DE FEBRERO 2017', '2017-02-23', 10, 0, 20, '2-02-057', 0),
(585, NULL, 'CUOTA AHORRO A LA VISTA FEBRERO 2017', '2017-02-23', 5, 0, 10, '2-03-057', 0),
(586, NULL, 'CUOTA COAGESALITO FEBRERO DE 2017', '2017-02-23', 5, 0, 10, '2-04-057', 0),
(587, NULL, 'CUOTA AHORRO NAVIDEÑO FEBRERO 2017', '2017-02-23', 30, 0, 60, '2-02-052', 0),
(588, '435', '2017-02-01', '2017-02-23', 5, 0, 10, '01-01-062', 1),
(589, NULL, 'Apertura de cuenta', '2017-07-18', 16.62, 0, 16.62, '01-02-072', 0),
(590, '0438', '2017-02-01', '2017-02-23', 5, 0, 5, '01-01-066', 1),
(591, '0439', '2017-02-01', '2017-02-23', 5, 0, 235, '01-01-009', 1),
(592, NULL, 'CUOTA AHORRO NAVIDEÑO FEBRERO DE 2017', '2017-02-23', 50, 0, 100, '2-02-009', 0),
(593, '0441', '2017-02-01', '2017-02-23', 5, 0, 5, '01-01-067', 1),
(594, NULL, 'Apertura de cuenta', '2017-07-18', 10, 0, 10, '01-02-067', 0),
(595, NULL, 'Apertura de cuenta', '2017-07-18', 10, 0, 10, '01-03-067', 0),
(596, '0443', '2017-02-01', '2017-02-23', 5, 0, 235, '01-01-032', 1),
(597, '0444', '2017-02-01', '2017-02-23', 5, 0, 10, '01-01-069', 1),
(598, NULL, 'CUOTA AHORRO A LA VISTA FEBRERO 2017', '2017-02-23', 15, 0, 30, '2-03-069', 0),
(599, '0446', '2017-02-01', '2017-02-23', 5, 0, 5, '01-01-065', 1),
(600, NULL, 'Apertura de cuenta', '2017-07-18', 50, 0, 50, '01-02-065', 0),
(601, '0448', '2017-02-01', '2017-02-23', 5, 0, 10, '01-01-055', 1),
(602, NULL, 'CUOTA AHORRO NAVIDEÑO FEBRERO 2017', '2017-02-23', 25, 0, 50, '2-02-055', 0),
(603, NULL, 'CUOTA AHORRO A LA VISTA FEBRERO 2017', '2017-02-23', 25, 0, 50, '2-03-055', 0),
(604, NULL, 'CUOTA AHORRO NAVIDEÑO FEBRERO 2017', '2017-02-23', 20, 0, 40, '2-02-061', 0),
(605, '0451', '2017-02-01', '2017-02-23', 5, 0, 235, '01-01-040', 1),
(606, '0452', '2017-02-01', '2017-02-23', 5, 0, 10, '01-01-061', 1),
(607, '0453', '2017-02-01', '2017-02-23', 5, 0, 10, '01-01-063', 1),
(608, NULL, 'CUOTA AHORRO A LA VISTA FEBRERO 2017', '2017-02-23', 30, 0, 60, '2-03-063', 0),
(609, '0455', '2017-02-01', '2017-02-23', 5, 0, 15, '01-01-047', 1),
(610, NULL, 'CUOTA AHORRO NAVIDEÑO FEBRERO 2017', '2017-02-23', 20, 0, 40, '2-02-047', 0),
(611, '0457', '2017-02-01', '2017-02-23', 5, 0, 15, '01-01-054', 1),
(612, '0469', '2017-02-01', '2017-02-24', 5, 0, 235, '01-01-033', 1),
(613, NULL, 'CUOTA AHORRO NAVIDEÑO FEBRERO 2017', '2017-02-24', 5, 0, 10, '2-02-033', 0),
(614, NULL, 'CUOTA AHORRO NAVIDEÑO FEBRERO 2017', '2017-02-24', 10, 0, 20, '2-02-004', 0),
(615, '0472', '2017-02-01', '2017-02-24', 5, 0, 5, '01-01-075', 1),
(616, NULL, 'Apertura de cuenta', '2017-07-18', 15, 0, 15, '01-02-075', 0),
(617, '0474', '2017-02-01', '2017-02-24', 5, 0, 235, '01-01-045', 1),
(618, NULL, 'CUOTA AHORRO NAVIDEÑO FEBRERO 2017', '2017-02-24', 10, 0, 20, '2-02-032', 0),
(619, '0478', '2017-02-01', '2017-02-27', 5, 0, 235, '01-01-012', 1),
(620, '0479', '2017-02-01', '2017-02-27', 5, 0, 235, '01-01-003', 1),
(621, '0480', '2017-02-01', '2017-02-27', 5, 0, 210, '01-01-074', 1),
(622, '0482', '2017-02-01', '2017-03-03', 5, 0, 10, '01-01-056', 1),
(623, NULL, 'Apertura de cuenta', '2017-07-18', 45, 0, 45, '01-02-076', 0),
(624, '0485', 'Voluntaria', '2017-03-07', 5, 0, 5, '01-01-076', 1),
(625, '0486', '2017-02-01', '2017-03-07', 5, 0, 235, '01-01-034', 1),
(626, '0489', '2017-03-01', '2017-03-09', 5, 0, 5, '01-01-086', 1),
(627, '0490', '2017-01-01', '2017-03-14', 5, 0, 230, '01-01-004', 1),
(628, '0492', '2017-02-01', '2017-03-15', 5, 0, 235, '01-01-038', 1),
(629, '0493', '2017-02-01', '2017-03-16', 5, 0, 10, '01-01-077', 1),
(630, '0495', '2017-02-01', '2017-03-16', 5, 0, 235, '01-01-020', 1),
(631, '0367', '2017-02-01', '2017-02-15', 5, 0, 235, '01-01-004', 1),
(632, '0497', '2017-03-01', '2017-03-17', 5, 0, 240, '01-01-044', 1),
(633, NULL, 'Apertura de cuenta', '2017-07-18', 80, 0, 80, '01-02-044', 0),
(634, '0499', '2017-01-01', '2017-03-17', 5, 0, 230, '01-01-036', 1),
(635, NULL, 'CUOTA DE AHORRO A LA VISTA MARZO 2017', '2017-03-22', 25, 0, 75, '2-03-005', 0),
(636, NULL, 'Apertura de cuenta', '2017-07-18', 50, 0, 50, '01-02-015', 0),
(637, '0504', '2017-03-01', '2017-03-23', 5, 0, 240, '01-01-023', 1),
(638, '0505', '2017-03-01', '2017-03-23', 5, 0, 240, '01-01-022', 0),
(639, '0506', '2017-03-01', '2017-03-23', 5, 0, 5, '01-01-079', 1),
(640, '0507', '2017-03-01', '2017-03-23', 5, 0, 240, '01-01-042', 1),
(641, '0508', '2017-03-01', '2017-03-23', 5, 0, 240, '01-01-026', 1),
(642, '0509', '2017-03-01', '2017-03-23', 5, 0, 15, '01-01-073', 1),
(643, '0510', '2017-03-01', '2017-03-23', 5, 0, 240, '01-01-039', 1),
(644, '0511', '2017-03-01', '2017-03-23', 5, 0, 15, '01-01-068', 1),
(645, '0512', '2017-03-01', '2017-03-23', 5, 0, 5, '01-01-082', 1),
(646, '0513', '2017-03-01', '2017-03-23', 5, 0, 240, '01-01-029', 1),
(647, '0514', '2017-03-01', '2017-03-23', 5, 0, 240, '01-01-013', 1),
(648, '0515', '2017-03-01', '2017-03-23', 5, 0, 240, '01-01-007', 1),
(649, '0516', '2017-03-01', '2017-03-23', 5, 0, 240, '01-01-018', 1),
(650, '0517', '2017-03-01', '2017-03-23', 5, 0, 240, '01-01-016', 1),
(651, '0518', '2017-03-01', '2017-03-23', 5, 0, 20, '01-01-049', 1),
(652, '0519', '2017-03-01', '2017-03-23', 5, 0, 240, '01-01-020', 1),
(653, '0520', '2017-03-01', '2017-03-23', 5, 0, 10, '01-01-064', 1),
(654, '0521', '2017-03-01', '2017-03-23', 5, 0, 240, '01-01-027', 1),
(655, '0522', '2017-03-01', '2017-03-23', 5, 0, 15, '01-01-058', 1),
(656, '0523', '2017-03-01', '2017-03-23', 5, 0, 240, '01-01-019', 1),
(657, '0524', '2017-03-01', '2017-03-23', 5, 0, 15, '01-01-046', 1),
(658, '0525', '2017-03-01', '2017-03-23', 5, 0, 240, '01-01-037', 1),
(659, '0526', '2017-03-01', '2017-03-23', 5, 0, 10, '01-01-075', 1),
(660, '0527', '2017-03-01', '2017-03-23', 5, 0, 240, '01-01-014', 1),
(661, '0529', '2017-03-01', '2017-03-23', 5, 0, 5, '01-01-081', 1),
(662, '0530', '2017-03-01', '2017-03-23', 5, 0, 240, '01-01-021', 1),
(663, '0531', '2017-03-01', '2017-03-23', 5, 0, 240, '01-01-011', 1),
(664, '0532', '2017-03-01', '2017-03-23', 5, 0, 15, '01-01-071', 1),
(665, '0533', '2017-03-01', '2017-03-23', 5, 0, 20, '01-01-050', 1),
(666, '0534', '2017-03-01', '2017-03-23', 5, 0, 15, '01-01-070', 1),
(667, '0535', '2017-03-01', '2017-03-23', 5, 0, 240, '01-01-041', 1),
(668, '0536', '2017-03-01', '2017-03-23', 5, 0, 240, '01-01-008', 1),
(669, '0537', '2017-03-01', '2017-03-23', 5, 0, 240, '01-01-002', 1),
(670, '0538', '2017-03-01', '2017-03-23', 5, 0, 10, '01-01-078', 1),
(671, NULL, 'CUOTA AHORRO NAVIDEÑO MARZO 2017', '2017-03-23', 30, 0, 90, '2-02-052', 0),
(672, '0540', '2017-03-01', '2017-03-23', 5, 0, 240, '01-01-001', 1),
(673, NULL, 'CUOTA AHORRO NAVIDEÑO MARZO 2017', '2017-03-23', 20, 0, 80, '2-02-001', 0),
(674, '0541', '2017-03-01', '2017-03-23', 5, 0, 240, '01-01-009', 1),
(675, NULL, 'CUOTA AHORRO NAVIDEÑO MARZO 2017', '2017-03-23', 50, 0, 150, '2-02-009', 0),
(676, '0542', '2017-03-01', '2017-03-23', 5, 0, 20, '01-01-048', 1),
(677, '0543', '2017-03-01', '2017-03-23', 5, 0, 240, '01-01-038', 1),
(678, '0544', '2017-03-01', '2017-03-23', 5, 0, 240, '01-01-035', 1),
(679, '0545', '2017-03-01', '2017-03-23', 5, 0, 15, '01-01-077', 1),
(680, NULL, 'Apertura de cuenta', '2017-07-19', 6, 0, 6, '01-02-077', 0),
(681, '0547', '2017-03-01', '2017-03-23', 5, 0, 240, '01-01-030', 1),
(682, '0548', '2017-03-01', '2017-03-23', 5, 0, 390, '01-01-015', 1),
(683, '0549', '2017-03-01', '2017-03-23', 5, 0, 15, '01-01-051', 1),
(684, '0550', '2017-03-01', '2017-03-23', 5, 0, 20, '01-01-053', 1),
(685, '0551', '2017-03-01', '2017-03-23', 5, 0, 20, '01-01-054', 1),
(686, '0552', '2017-03-01', '2017-03-23', 5, 0, 240, '01-01-043', 1),
(687, '0553', '2017-03-01', '2017-03-23', 5, 0, 240, '01-01-040', 1),
(688, '0554', '2017-03-01', '2017-03-23', 5, 0, 240, '01-01-032', 1),
(689, '0555', '2017-03-01', '2017-03-23', 5, 0, 20, '01-01-047', 1),
(690, NULL, 'CUOTA AHORRO NAVIDEÑO MARZO 2017', '2017-03-23', 20, 0, 60, '2-02-047', 0),
(691, '0556', '2017-03-01', '2017-03-23', 5, 0, 15, '01-01-063', 1),
(692, NULL, 'CUOTA AHORRO NAVIDEÑO MARZO 2017', '2017-03-23', 30, 0, 90, '2-03-063', 0),
(693, '0557', '2017-03-01', '2017-03-23', 5, 0, 15, '01-01-057', 1),
(694, NULL, 'CUOTA AHORRO NAVIDEÑO MARZO 2017', '2017-03-23', 10, 0, 30, '2-02-057', 0),
(695, NULL, 'CUOTA AHORRO NAVIDEÑO MARZO 2017', '2017-03-23', 5, 0, 15, '2-03-057', 0),
(696, NULL, 'CUOTA AHORRO COAGESALITO MARZO 2017', '2017-03-23', 5, 0, 15, '2-04-057', 0),
(697, NULL, 'CUOTA AHORRO NAVIDEÑO MARZO 2017', '2017-03-23', 15, 0, 45, '2-02-050', 0),
(698, NULL, 'CUOTA AHORRO NAVIDEÑO MARZO 2017', '2017-03-23', 16.62, 0, 49.86, '2-02-071', 0),
(699, NULL, 'CUOTA AHORRO NAVIDEÑO MARZO 2017', '2017-03-23', 50, 0, 200, '2-02-011', 0),
(700, NULL, 'CUOTA AHORRO NAVIDEÑO MARZO 2017', '2017-03-23', 20, 0, 80, '2-02-049', 0),
(701, NULL, 'CUOTA AHORRO NAVIDEÑO MARZO 2017', '2017-03-23', 25, 0, 75, '2-02-058', 0),
(702, NULL, 'CUOTA AHORRO NAVIDEÑO MARZO 2017', '2017-03-23', 5, 0, 15, '2-02-046', 0),
(703, NULL, 'CUOTA AHORRO NAVIDEÑO MARZO 2017', '2017-03-23', 25, 0, 75, '2-02-068', 0),
(704, NULL, 'CUOTA AHORRO NAVIDEÑO MARZO 2017', '2017-03-23', 25, 0, 75, '2-02-039', 0),
(705, NULL, 'AHORRO NAVIDEÑO MARZO 2017', '2017-03-23', 11.62, 0, 34.86, '2-02-073', 0),
(706, NULL, 'AHORRO NAVIDEÑO MARZO 2017', '2017-03-23', 20, 0, 60, '2-02-026', 0),
(707, NULL, 'NAVIDEÑO MARZO 2017', '2017-03-23', 25, 0, 50, '2-02-042', 0),
(708, '0569', '2017-03-01', '2017-03-23', 5, 0, 240, '01-01-017', 1),
(709, NULL, 'Apertura de cuenta', '2017-07-19', 35, 0, 35, '01-02-017', 0),
(710, '0571', '2017-03-01', '2017-03-23', 5, 0, 15, '01-01-062', 1),
(711, NULL, 'navideño marzo 2017', '2017-03-23', 10, 0, 30, '2-02-062', 0),
(712, NULL, 'marzo 2017', '2017-03-23', 10, 0, 30, '2-03-062', 0),
(713, NULL, 'marzo 2017', '2017-03-23', 5, 0, 15, '2-04-062', 0);
INSERT INTO `tab_cuenta_movimiento` (`cuentamovimiento_id`, `cuentamovimiento_comprobante`, `cuentamovimiento_concepto`, `cuentamovimiento_fecha`, `cuentamovimiento_deposito`, `cuentamovimiento_retiro`, `cuentamovimiento_saldo`, `cuentamovimiento_cuentaid`, `cuentamovimiento_impreso`) VALUES
(714, '0436', '2017-02-01', '2017-02-23', 5, 0, 235, '01-01-036', 1),
(715, '0572', '2017-03-01', '2017-03-23', 5, 0, 240, '01-01-036', 1),
(716, NULL, 'marzo 2017', '2017-03-23', 10, 0, 30, '2-02-036', 0),
(717, NULL, 'marzo 2017', '2017-03-23', 20, 0, 40, '2-02-029', 0),
(718, '0574', '2017-03-01', '2017-03-23', 5, 0, 10, '01-01-072', 1),
(719, NULL, 'marzo 2017', '2017-03-23', 16.62, 0, 33.24, '01-02-072', 0),
(720, '0575', '2017-03-01', '2017-03-23', 5, 0, 10, '01-01-066', 1),
(721, '0576', '2017-03-01', '2017-03-23', 5, 0, 10, '01-01-067', 1),
(722, NULL, 'marzo 2017', '2017-03-23', 10, 0, 20, '01-02-067', 0),
(723, NULL, 'marzo 2017', '2017-03-23', 10, 0, 20, '01-03-067', 0),
(724, '0577', '2017-03-01', '2017-03-23', 5, 0, 15, '01-01-069', 1),
(725, NULL, 'marzo 2017', '2017-03-23', 15, 0, 45, '2-03-069', 0),
(726, '0578', '2017-03-01', '2017-03-23', 5, 0, 10, '01-01-065', 1),
(727, NULL, 'marzo 2017', '2017-03-23', 50, 0, 100, '01-02-065', 0),
(728, '0579', '2017-03-01', '2017-03-23', 5, 0, 15, '01-01-055', 1),
(729, NULL, 'marzo 2017', '2017-03-23', 25, 0, 75, '2-02-055', 0),
(730, NULL, 'marzo 2017', '2017-03-23', 25, 0, 75, '2-03-055', 0),
(731, '0580', '2017-03-01', '2017-03-23', 5, 0, 15, '01-01-061', 1),
(732, NULL, 'marzo 2017', '2017-03-23', 20, 0, 60, '2-02-061', 0),
(733, '0581', '2017-03-01', '2017-03-23', 5, 0, 240, '01-01-033', 1),
(734, NULL, 'marzo 2017', '2017-03-23', 5, 0, 15, '2-02-033', 0),
(735, '0582', '2017-03-01', '2017-03-23', 5, 0, 240, '01-01-045', 1),
(736, NULL, 'Apertura de cuenta', '2017-07-20', 10, 0, 10, '01-02-045', 0),
(737, NULL, 'marzo 2017', '2017-03-23', 10, 0, 20, '2-02-064', 0),
(738, '0201', 'Voluntaria', '2016-12-20', 5, 0, 235, '01-01-006', 1),
(739, '0584', '2017-03-01', '2017-03-23', 5, 0, 240, '01-01-006', 1),
(740, NULL, 'marzo 2017', '2017-03-23', 45, 0, 180, '2-02-006', 0),
(741, NULL, 'marzo 2017', '2017-03-23', 10, 0, 20, '2-04-042', 0),
(742, NULL, 'marzo 2017', '2017-03-23', 10, 0, 40, '2-04-002', 0),
(743, NULL, 'Apertura de cuenta', '2017-07-21', 15, 0, 15, '01-04-082', 0),
(744, '0588', '2017-03-01', '2017-03-23', 5, 0, 15, '01-01-056', 1),
(745, NULL, 'marzo 2017', '2017-03-23', 100, 0, 300, '2-02-056', 0),
(746, NULL, 'marzo 2017', '2017-03-23', 50, 0, 150, '2-03-056', 0),
(747, '0589', '2017-03-01', '2017-03-23', 5, 0, 15, '01-01-060', 1),
(748, NULL, 'marzo 2017', '2017-03-23', 20, 0, 60, '2-02-060', 0),
(749, NULL, 'marzo 2017', '2017-03-23', 15, 0, 45, '2-03-060', 0),
(750, NULL, 'marzo 2017', '2017-03-23', 10, 0, 30, '2-04-060', 0),
(751, NULL, 'Apertura de cuenta', '2017-07-21', 20, 0, 20, '01-02-082', 0),
(752, NULL, 'Apertura de cuenta', '2017-07-21', 15, 0, 15, '01-02-081', 0),
(753, NULL, 'marzo 2017', '2017-03-23', 10, 0, 40, '2-02-002', 0),
(754, NULL, 'Apertura de cuenta', '2017-07-25', 50, 0, 50, '01-03-079', 0),
(755, NULL, 'Apertura de cuenta', '2017-07-25', 20, 0, 20, '01-03-082', 0),
(756, NULL, 'MARZO 2017', '2017-03-23', 15, 0, 30, '2-03-050', 0),
(757, NULL, 'MARZO 2017', '2017-03-23', 7, 0, 14, '2-03-046', 0),
(758, NULL, 'Apertura de cuenta', '2017-07-25', 5, 0, 5, '01-02-080', 0),
(759, '0599', '2017-03-01', '2017-03-23', 5, 0, 5, '01-01-080', 1),
(760, NULL, 'MARZO 2017', '2017-03-23', 10, 0, 25, '01-02-075', 0),
(761, NULL, 'MARZO 2017', '2017-03-23', 7, 0, 21, '2-03-046', 0),
(762, NULL, 'MARZO 2017', '2017-03-24', 80, 0, 160, '01-02-044', 0),
(763, NULL, 'COMPLEMENTO FEBRERO', '2017-03-24', 30, 0, 190, '01-02-044', 0),
(764, 'null', 'ENERO 2017', '2017-03-24', 50, 0, 240, '01-02-044', 0),
(765, NULL, 'Apertura de cuenta', '2017-07-25', 10, 0, 10, '01-02-048', 0),
(766, '0614', '2017-04-01', '2017-03-24', 5, 0, 245, '01-01-044', 1),
(767, NULL, 'navideño marzo/17', '2017-03-30', 10, 0, 30, '2-02-032', 0),
(768, NULL, 'Apertura de cuenta', '2017-07-25', 10, 0, 10, '01-02-051', 0),
(769, '0620', '2017-02-01', '2017-03-30', 5, 0, 10, '01-01-076', 1),
(770, NULL, 'navideño febrero/17', '2017-03-30', 45, 0, 90, '01-02-076', 0),
(771, NULL, 'navideño febrero/17', '2017-03-30', 45, 0, 90, '01-02-076', 0),
(772, NULL, 'navideño marzo17', '2017-03-30', 45, 0, 135, '01-02-076', 0),
(773, '0621', '2017-03-01', '2017-03-30', 5, 0, 15, '01-01-076', 1),
(774, '0622', '2017-03-01', '2017-03-30', 5, 0, 240, '01-01-004', 1),
(775, NULL, 'navideño marzo17', '2017-03-30', 10, 0, 30, '2-02-004', 0),
(776, '0623', 'Voluntaria', '2017-03-30', 5, 0, 10, '01-01-086', 1),
(777, '0624', '2017-03-01', '2017-03-30', 5, 0, 240, '01-01-034', 1),
(778, '0624', '2017-04-01', '2017-03-30', 5, 0, 245, '01-01-034', 1),
(779, '0625', '2017-03-01', '2017-03-30', 5, 0, 215, '01-01-074', 1),
(780, '0626', '2017-03-01', '2017-03-30', 5, 0, 240, '01-01-012', 1),
(781, '0627', '2017-03-01', '2017-03-30', 5, 0, 240, '01-01-010', 1),
(782, '0628', '2017-03-01', '2017-03-30', 5, 0, 240, '01-01-003', 1),
(783, NULL, 'navideño abril/17', '2017-04-27', 80, 0, 320, '01-02-044', 0),
(784, NULL, 'navideño abril/17', '2017-04-27', 10, 0, 40, '2-02-032', 0),
(785, NULL, 'navideño abril/17', '2017-04-27', 50, 0, 100, '01-02-015', 0),
(786, NULL, 'navideño abril/17', '2017-04-27', 10, 0, 20, '01-02-051', 0),
(787, '0635', '2017-04-01', '2017-04-27', 5, 0, 25, '01-01-048', 1),
(788, NULL, 'navideño abril/17', '2017-04-27', 10, 0, 20, '01-02-048', 0),
(789, '0650', '2017-04-01', '2017-04-27', 5, 0, 245, '01-01-004', 1),
(790, '0651', '2017-04-01', '2017-04-27', 5, 0, 245, '01-01-023', 1),
(791, '0652', '2017-04-01', '2017-04-27', 5, 0, 245, '01-01-022', 0),
(792, '0653', '2017-04-01', '2017-04-27', 5, 0, 10, '01-01-079', 1),
(793, '0654', '2017-04-01', '2017-04-27', 5, 0, 245, '01-01-042', 1),
(794, '0655', '2017-04-01', '2017-04-27', 5, 0, 245, '01-01-026', 1),
(795, '0656', '2017-04-01', '2017-04-27', 5, 0, 20, '01-01-073', 1),
(796, '0657', '2017-04-01', '2017-04-27', 5, 0, 245, '01-01-039', 1),
(797, '0658', '2017-04-01', '2017-04-27', 5, 0, 20, '01-01-068', 1),
(798, '0659', '2017-04-01', '2017-04-27', 5, 0, 10, '01-01-082', 1),
(799, '0660', '2017-04-01', '2017-04-27', 5, 0, 245, '01-01-029', 1),
(800, '0661', '2017-04-01', '2017-04-27', 5, 0, 245, '01-01-013', 1),
(801, '0662', '2017-04-01', '2017-04-27', 5, 0, 245, '01-01-007', 1),
(802, '0663', '2017-04-01', '2017-04-27', 5, 0, 245, '01-01-018', 1),
(803, '0664', '2017-04-01', '2017-04-27', 5, 0, 245, '01-01-016', 1),
(804, '0665', '2017-04-01', '2017-04-27', 5, 0, 25, '01-01-049', 1),
(805, '0666', '2017-04-01', '2017-04-27', 5, 0, 245, '01-01-020', 1),
(806, '0667', '2017-04-01', '2017-04-27', 5, 0, 15, '01-01-064', 1),
(807, '0668', '2017-04-01', '2017-04-27', 5, 0, 15, '01-01-086', 1),
(808, '0669', '2017-04-01', '2017-04-27', 5, 0, 245, '01-01-027', 1),
(809, '0670', '2017-04-01', '2017-04-27', 5, 0, 20, '01-01-058', 1),
(810, '0671', '2017-04-01', '2017-04-27', 5, 0, 245, '01-01-019', 1),
(811, '0672', '2017-04-01', '2017-04-27', 5, 0, 20, '01-01-046', 1),
(812, '0673', '2017-04-01', '2017-04-27', 5, 0, 245, '01-01-037', 1),
(813, '0674', '2017-04-01', '2017-04-27', 5, 0, 15, '01-01-075', 1),
(814, '0675', '2017-04-01', '2017-04-27', 5, 0, 245, '01-01-014', 1),
(815, '0677', '2017-04-01', '2017-04-27', 5, 0, 10, '01-01-081', 1),
(816, '0678', '2017-04-01', '2017-04-27', 5, 0, 245, '01-01-021', 1),
(817, '0679', '2017-04-01', '2017-04-27', 5, 0, 245, '01-01-011', 1),
(818, '0680', '2017-04-01', '2017-04-27', 5, 0, 20, '01-01-071', 1),
(819, '0681', '2017-04-01', '2017-04-27', 5, 0, 25, '01-01-050', 1),
(820, '0682', '2017-04-01', '2017-04-27', 5, 0, 20, '01-01-070', 1),
(821, '0683', '2017-04-01', '2017-04-27', 5, 0, 245, '01-01-041', 1),
(822, '0684', '2017-04-01', '2017-04-27', 5, 0, 245, '01-01-008', 1),
(823, '0685', '2017-04-01', '2017-04-27', 5, 0, 245, '01-01-002', 1),
(824, NULL, 'NAVIDEÑO ABRIL 2017', '2017-04-27', 25, 0, 75, '2-02-042', 0),
(825, NULL, 'NAVIDEÑO ABRIL 2017', '2017-04-27', 20, 0, 80, '2-02-026', 0),
(826, NULL, 'NAVIDEÑO ABRIL 2017', '2017-04-27', 11.62, 0, 46.48, '2-02-073', 0),
(827, NULL, 'NAVIDEÑO ABRIL', '2017-04-27', 25, 0, 100, '2-02-039', 0),
(828, NULL, 'NAVIDEÑO ABRIL 2017', '2017-04-27', 25, 0, 100, '2-02-068', 0),
(829, NULL, 'NAVIDEÑO ABRIL 2017', '2017-04-27', 20, 0, 40, '01-02-082', 0),
(830, NULL, 'NAVIDEÑO ABRIL 2017', '2017-04-27', 20, 0, 100, '2-02-049', 0),
(831, NULL, 'NAVIDEÑO ABRIL 2017', '2017-04-27', 10, 0, 30, '2-02-064', 0),
(832, NULL, 'NAVIDEÑO ABRIL 2017', '2017-04-27', 25, 0, 100, '2-02-058', 0),
(833, NULL, 'NAVIDEÑO ABRIL 2017', '2017-04-27', 5, 0, 20, '2-02-046', 0),
(834, NULL, 'NAVIDEÑO ABRIL 2017', '2017-04-27', 15, 0, 30, '01-02-081', 0),
(835, NULL, 'NAVIDEÑO ABRIL 2017', '2017-04-27', 50, 0, 250, '2-02-011', 0),
(836, NULL, 'NAVIDEÑO ABRIL 2017', '2017-04-27', 16.62, 0, 66.48, '2-02-071', 0),
(837, NULL, 'NAVIDEÑO ABRIL 2017 ', '2017-04-27', 15, 0, 60, '2-02-050', 0),
(838, '0700', '2017-04-01', '2017-04-27', 5, 0, 20, '01-01-057', 1),
(839, NULL, 'NAVIDEÑO ABRIL 2017', '2017-04-27', 10, 0, 40, '2-02-057', 0),
(840, NULL, 'INFANTIL ABRIL 2017', '2017-04-27', 5, 0, 20, '2-04-057', 0),
(841, NULL, 'A LA VISTA ABRIL 2017', '0000-00-00', 5, 0, 20, '2-03-057', 0),
(842, NULL, 'NAVIDEÑO ABRIL 2017', '2017-04-27', 30, 0, 120, '2-02-052', 0),
(843, '0704', '2017-04-01', '2017-04-27', 5, 0, 245, '01-01-017', 1),
(844, NULL, 'NAVIDEÑO ABRIL 2017', '2017-04-27', 35, 0, 70, '01-02-017', 0),
(845, '0705', '2017-04-01', '2017-04-27', 5, 0, 20, '01-01-056', 1),
(846, NULL, 'NAVIDEÑO ABRIL 2017', '2017-04-27', 100, 0, 400, '2-02-056', 0),
(847, NULL, 'A LA VISTA ', '2017-04-27', 50, 0, 200, '2-03-056', 0),
(848, '0706', '2017-04-01', '2017-04-27', 5, 0, 20, '01-01-060', 1),
(849, NULL, 'NAVIDEÑO ABRIL 2017', '2017-04-27', 20, 0, 80, '2-02-060', 0),
(850, NULL, 'INFANTIL ABRIL 2017', '2017-04-27', 10, 0, 40, '2-04-060', 0),
(851, NULL, 'A LA VISTA ABRIL 2017', '2017-04-27', 15, 0, 60, '2-03-060', 0),
(852, '0707', '2017-04-01', '2017-04-27', 5, 0, 20, '01-01-062', 1),
(853, NULL, 'NAVIDEÑO ABRIL 2017', '2017-04-27', 10, 0, 40, '2-02-062', 0),
(854, NULL, 'INFANTIL ABRIL 2017', '2017-04-27', 5, 0, 20, '2-04-062', 0),
(855, NULL, 'A LA VISTA ABRIL 2017', '2017-04-27', 10, 0, 40, '2-03-062', 0),
(856, '0708', '2017-04-01', '2017-04-27', 5, 0, 245, '01-01-033', 1),
(857, NULL, 'NAVIDEÑO ABRIL 2017', '2017-04-27', 5, 0, 20, '2-02-033', 0),
(858, '0709', '2017-04-01', '2017-04-27', 5, 0, 245, '01-01-036', 1),
(859, NULL, 'NAVIDEÑO ABRIL 2017', '2017-04-27', 10, 0, 40, '2-02-036', 0),
(860, NULL, 'NAVIDEÑO ABRIL 2017', '2017-04-27', 20, 0, 60, '2-02-029', 0),
(861, '0711', '2017-04-01', '2017-04-27', 5, 0, 245, '01-01-043', 1),
(862, '0712', '2017-04-01', '2017-04-27', 5, 0, 15, '01-01-072', 1),
(863, NULL, 'NAVIDEÑO ABRIL 2017', '2017-04-27', 16.62, 0, 49.86, '01-02-072', 0),
(864, '0713', '2017-04-01', '2017-04-27', 5, 0, 15, '01-01-066', 1),
(865, '0714', '2017-04-01', '2017-04-27', 5, 0, 5, '01-01-085', 1),
(866, NULL, 'Apertura de cuenta', '2017-08-01', 10, 0, 10, '01-02-085', 0),
(867, '0715', '2017-04-01', '2017-04-27', 5, 0, 245, '01-01-009', 1),
(868, NULL, 'NAVIDEÑO ABRIL 2017', '2017-04-27', 50, 0, 200, '2-02-009', 0),
(869, '0716', '2017-04-01', '2017-04-27', 5, 0, 15, '01-01-067', 1),
(870, NULL, 'NAVIDEÑO ABRIL 2017', '2017-04-27', 10, 0, 30, '01-02-067', 0),
(871, NULL, 'A LA VISTA ABRIL 2017', '2017-04-27', 10, 0, 30, '01-03-067', 0),
(872, '0717', '2017-04-01', '2017-04-27', 5, 0, 15, '01-01-078', 1),
(873, '0718', '2017-04-01', '2017-04-27', 5, 0, 245, '01-01-032', 1),
(874, '0719', '2017-04-01', '2017-04-27', 5, 0, 20, '01-01-069', 1),
(875, NULL, 'A LA VISTA ABRIL 2017', '2017-04-27', 15, 0, 60, '2-03-069', 0),
(876, '0720', '2017-04-01', '2017-04-27', 5, 0, 15, '01-01-065', 1),
(877, NULL, 'NAVIDEÑO ABRIL 2017', '2017-04-27', 50, 0, 150, '01-02-065', 0),
(878, '0721', '2017-04-01', '2017-04-27', 5, 0, 20, '01-01-076', 1),
(879, NULL, 'NAVIDEÑO ABRIL 2017', '2017-04-27', 45, 0, 180, '01-02-076', 0),
(880, '0722', '2017-04-01', '2017-04-27', 5, 0, 5, '01-01-083', 1),
(881, NULL, 'Apertura de cuenta', '2017-08-01', 15, 0, 15, '01-02-083', 0),
(882, '0723', '2017-04-01', '2017-04-27', 5, 0, 10, '01-01-080', 1),
(883, NULL, 'NAVIDEÑO ABRIL 2017', '2017-04-27', 5, 0, 10, '01-02-080', 0),
(884, NULL, 'NAVIDEÑO 2017', '2017-04-27', 10, 0, 35, '01-02-075', 0),
(885, '0725', '2017-04-01', '2017-04-27', 5, 0, 245, '01-01-040', 1),
(886, '0726', '2017-04-01', '0000-00-00', 5, 0, 20, '01-01-055', 1),
(887, NULL, 'NAVIDEÑO ABRIL 2017', '2017-04-27', 25, 0, 100, '2-02-055', 0),
(888, NULL, 'A LA VISTA ABRIL 2017', '2017-04-27', 25, 0, 100, '2-03-055', 0),
(889, '0727', '2017-04-01', '2017-04-27', 5, 0, 20, '01-01-061', 1),
(890, NULL, 'NAVIDEÑO ABRIL 2017', '2017-04-27', 20, 0, 80, '2-02-061', 0),
(891, '0728', '2017-04-01', '2017-04-27', 5, 0, 20, '01-01-063', 1),
(892, NULL, 'A LA VISTA ABRIL 2017', '2017-04-27', 30, 0, 120, '2-03-063', 0),
(893, '0729', '2017-04-01', '2017-04-27', 5, 0, 25, '01-01-047', 1),
(894, NULL, 'NAVIDEÑO ABRIL 2017', '2017-04-27', 20, 0, 80, '2-02-047', 0),
(895, '0730', '2017-04-01', '2017-04-27', 5, 0, 25, '01-01-054', 1),
(896, '0731', '2017-04-01', '2017-04-27', 5, 0, 25, '01-01-053', 1),
(897, '0732', '2017-04-01', '2017-04-27', 5, 0, 245, '01-01-006', 1),
(898, NULL, 'NAVIDEÑO ABRIL 2017', '2017-04-27', 45, 0, 225, '2-02-006', 0),
(899, '0733', '2017-04-01', '2017-04-27', 5, 0, 245, '01-01-038', 1),
(900, '0734', '2017-04-01', '2017-04-27', 5, 0, 20, '01-01-077', 1),
(901, NULL, 'NAVIDEÑO ABRIL 2017', '2017-04-27', 6, 0, 12, '01-02-077', 0),
(902, '735', '2017-04-01', '2017-04-27', 5, 0, 245, '01-01-035', 1),
(903, '0736', '2017-04-01', '2017-04-27', 5, 0, 245, '01-01-030', 1),
(904, '0737', '2017-04-01', '2017-04-27', 5, 0, 20, '01-01-051', 1),
(905, '0738', '2017-04-01', '2017-04-27', 5, 0, 5, '01-01-084', 1),
(906, NULL, 'Apertura de cuenta', '2017-08-01', 40, 0, 40, '01-02-084', 0),
(907, '0739', '2017-04-01', '2017-04-27', 5, 0, 245, '01-01-001', 1),
(908, NULL, 'NAVIDEÑO ABRIL 2017', '2017-04-27', 20, 0, 100, '2-02-001', 0),
(909, '0740', '2017-04-01', '2017-04-27', 5, 0, 395, '01-01-015', 1),
(910, '0741', '2017-04-01', '2017-04-27', 5, 0, 245, '01-01-045', 1),
(911, NULL, 'A LA VISTA ABRIL 2017', '2017-04-27', 50, 0, 100, '01-03-079', 0),
(912, NULL, 'NAVIDEÑO ABRIL 2017', '2017-04-27', 10, 0, 20, '01-02-045', 0),
(913, NULL, 'A LA VISTA ABRIL 2017', '2017-04-27', 20, 0, 40, '01-03-082', 0),
(914, NULL, ' A LA VISTA ABRIL 2017', '2017-04-27', 15, 0, 45, '2-03-050', 0),
(915, NULL, 'A LA VISTA ABRIL 2017', '2017-04-27', 7, 0, 28, '2-03-046', 0),
(916, '0746', '2017-04-01', '2017-04-27', 5, 0, 220, '01-01-074', 1),
(917, '0747', '2017-04-01', '2017-04-27', 5, 0, 245, '01-01-012', 1),
(918, '0747', '2017-04-01', '2017-04-27', 5, 0, 245, '01-01-003', 1),
(919, '0749', '2017-04-01', '2017-04-27', 5, 0, 245, '01-01-010', 1),
(920, NULL, 'INFANTIL ABRIL 2017', '2017-04-27', 10, 0, 30, '2-04-042', 0),
(921, NULL, 'INFANTIL ABRIL 2017', '2017-04-27', 10, 0, 50, '2-04-002', 0),
(922, NULL, 'INFANTIL ABRIL 2017', '2017-04-27', 15, 0, 30, '01-04-082', 0),
(923, NULL, 'NAVIDEÑO DEPOSITO ADICIONAL', '2017-05-18', 391, 0, 451, '2-02-029', 0),
(924, '0763', '2017-04-01', '2017-05-23', 5, 0, 5, '01-01-087', 1),
(925, NULL, 'Apertura de cuenta', '2017-08-01', 5, 0, 5, '01-02-087', 0),
(926, '0765', '2017-05-01', '2017-05-23', 5, 0, 250, '01-01-023', 1),
(927, '0766', '2017-05-01', '2017-05-23', 5, 0, 250, '01-01-022', 0),
(928, '0767', '2017-05-01', '2017-05-23', 5, 0, 15, '01-01-079', 1),
(929, '0768', '2017-05-01', '2017-05-23', 5, 0, 250, '01-01-042', 1),
(930, '0769', '2017-05-01', '2017-05-23', 5, 0, 250, '01-01-026', 1),
(931, '0770', '2017-05-01', '2017-05-23', 5, 0, 25, '01-01-073', 1),
(932, '0771', '2017-05-01', '2017-05-23', 5, 0, 250, '01-01-039', 1),
(933, '0772', '2017-05-01', '2017-05-23', 5, 0, 25, '01-01-068', 1),
(934, '0773', '2017-05-01', '2017-05-23', 5, 0, 15, '01-01-082', 1),
(935, '0774', '2017-05-01', '2017-05-23', 5, 0, 250, '01-01-029', 1),
(936, '0775', '2017-05-01', '2017-05-23', 5, 0, 250, '01-01-013', 1),
(937, '0776', '2017-05-01', '2017-05-23', 5, 0, 250, '01-01-007', 1),
(938, '0777', '2017-05-01', '2017-05-23', 5, 0, 250, '01-01-018', 1),
(939, '0778', '2017-05-01', '2017-05-23', 5, 0, 250, '01-01-016', 1),
(940, '0779', '2017-05-01', '2017-05-23', 5, 0, 30, '01-01-049', 1),
(941, '0780', '2017-05-01', '2017-05-23', 5, 0, 250, '01-01-020', 1),
(942, '0781', '2017-05-01', '2017-05-23', 5, 0, 20, '01-01-064', 1),
(943, '0782', '2017-05-01', '2017-05-23', 5, 0, 20, '01-01-086', 1),
(944, '0783', '2017-05-01', '2017-05-23', 5, 0, 250, '01-01-027', 1),
(945, '0784', '2017-05-01', '2017-05-23', 5, 0, 25, '01-01-058', 1),
(946, '0785', '2017-05-01', '2017-05-23', 5, 0, 250, '01-01-019', 1),
(947, '0787', '2017-05-01', '2017-05-23', 5, 0, 250, '01-01-037', 1),
(948, '0788', '2017-05-01', '2017-05-23', 5, 0, 20, '01-01-075', 1),
(949, '0789', '2017-05-01', '2017-05-23', 5, 0, 250, '01-01-014', 1),
(950, '0791', '2017-05-01', '2017-05-23', 5, 0, 15, '01-01-081', 1),
(951, '0792', '2017-05-01', '2017-05-23', 5, 0, 250, '01-01-021', 1),
(952, '0793', '2017-05-01', '2017-05-23', 5, 0, 250, '01-01-011', 1),
(953, '0794', '2017-05-01', '2017-05-23', 5, 0, 25, '01-01-071', 1),
(954, '0796', '2017-05-01', '2017-05-23', 5, 0, 30, '01-01-050', 1),
(955, '0797', '2017-05-01', '2017-05-23', 5, 0, 25, '01-01-070', 1),
(956, '0798', '2017-05-01', '2017-05-23', 5, 0, 250, '01-01-041', 1),
(957, '0799', '2017-05-01', '2017-05-23', 5, 0, 250, '01-01-008', 1),
(958, '0800', '2017-05-01', '2017-05-23', 5, 0, 250, '01-01-002', 1),
(959, NULL, 'A LA VISTA MAYO DE 2017', '2017-05-23', 50, 0, 150, '01-03-079', 0),
(960, NULL, 'A LA VISTA MAYO 2017', '2017-05-23', 20, 0, 60, '01-03-082', 0),
(961, NULL, 'Apertura de cuenta', '2017-08-01', 15, 0, 15, '01-03-088', 0),
(962, NULL, 'A LA VISTA MAYO 2017', '2017-05-23', 15, 0, 60, '2-03-050', 0),
(963, NULL, 'NAVIDEÑO MAYO 2017', '2017-05-23', 25, 0, 100, '2-02-042', 0),
(964, NULL, 'NAVIDEÑO MAYO 2017', '2017-05-23', 20, 0, 100, '2-02-026', 0),
(965, NULL, 'NAVIDEÑO MAYO 2017', '2017-05-23', 11.62, 0, 58.1, '2-02-073', 0),
(966, NULL, 'NAVIDEÑO MAYO 2017', '2017-05-23', 25, 0, 125, '2-02-039', 0),
(967, NULL, 'NAVIDEÑO MAYO 2017', '2017-05-23', 25, 0, 125, '2-02-068', 0),
(968, NULL, 'NAVIDEÑO MAYO 2017', '2017-05-23', 20, 0, 60, '01-02-082', 0),
(969, NULL, 'NAVIDEÑO MAYO 2017', '2017-05-23', 20, 0, 120, '2-02-049', 0),
(970, NULL, 'NAVIDEÑO MAYO 2017', '2017-05-23', 25, 0, 125, '2-02-058', 0),
(971, NULL, 'NAVIDEÑO MAYO 2017', '2017-05-23', 15, 0, 45, '01-02-081', 0),
(972, NULL, 'NAVIDEÑO MAYO 2017', '2017-05-23', 50, 0, 300, '2-02-011', 0),
(973, NULL, 'NAVIDEÑO MAYO 2017', '2017-05-23', 16.62, 0, 83.1, '2-02-071', 0),
(974, NULL, 'NAVIDEÑO MAYO 2017', '2017-05-23', 15, 0, 75, '2-02-050', 0),
(975, NULL, 'NAVIDEÑO MAYO 2017', '2017-05-23', 10, 0, 50, '2-02-057', 0),
(976, NULL, 'INFANTIL MAYO 2017', '2017-05-23', 5, 0, 25, '2-04-057', 0),
(977, NULL, 'A LA VISTA MAYO 2017', '2017-05-23', 5, 0, 25, '2-03-057', 0),
(978, NULL, 'NAVIDEÑO MAYO 2017', '2017-05-23', 30, 0, 150, '2-02-052', 0),
(979, '0819', '2017-05-01', '2017-05-23', 5, 0, 250, '01-01-017', 1),
(980, NULL, 'NAVIDEÑO MAYO 2017', '2017-05-23', 35, 0, 105, '01-02-017', 0),
(981, '0820', '2017-05-01', '2017-05-23', 5, 0, 25, '01-01-056', 1),
(982, NULL, 'NAVIDEÑO MAYO 2017', '2017-05-23', 100, 0, 500, '2-02-056', 0),
(983, NULL, 'ALA VISTA MAYO 2017', '2017-05-23', 50, 0, 250, '2-03-056', 0),
(984, '0821', '2017-05-01', '2017-05-23', 5, 0, 25, '01-01-062', 1),
(985, NULL, 'NAVIDEÑO MAYO 2017', '2017-05-23', 10, 0, 50, '2-02-062', 0),
(986, NULL, 'INFANTIL MAYO 2017', '2017-05-23', 5, 0, 25, '2-04-062', 0),
(987, NULL, ' A LA VISTA MAYO 2017', '2017-05-23', 10, 0, 50, '2-03-062', 0),
(988, '0822', '2017-05-01', '2017-05-23', 5, 0, 250, '01-01-033', 1),
(989, NULL, 'NAVIDEÑO MAYO 2017', '2017-05-23', 5, 0, 25, '2-02-033', 0),
(990, '0823', '2017-05-01', '2017-05-23', 5, 0, 250, '01-01-036', 1),
(991, NULL, 'NAVIDEÑO MAYO 2017', '2017-05-23', 10, 0, 50, '2-02-036', 0),
(992, NULL, 'NAVIDEÑO MAYO 2017', '2017-05-23', 20, 0, 471, '2-02-029', 0),
(993, '0825', '2017-05-01', '2017-05-23', 5, 0, 250, '01-01-043', 1),
(994, '0826', '2017-05-01', '2017-05-23', 5, 0, 20, '01-01-072', 1),
(995, '0827', '2017-05-01', '2017-05-23', 5, 0, 20, '01-01-066', 1),
(996, '0828', '2017-05-01', '2017-05-23', 5, 0, 10, '01-01-085', 1),
(997, NULL, 'NAVIDEÑO MAYO 2017', '2017-05-23', 10, 0, 20, '01-02-085', 0),
(998, '0829', '2017-05-01', '2017-05-23', 5, 0, 250, '01-01-009', 1),
(999, NULL, 'NAVIDEÑO MAYO 2017', '2017-05-23', 50, 0, 250, '2-02-009', 0),
(1000, NULL, 'NAVIDEÑO MAYO 2017', '2017-05-23', 10, 0, 40, '01-02-067', 0),
(1001, '0830', '2017-05-01', '2017-05-23', 5, 0, 20, '01-01-067', 1),
(1002, NULL, 'A LA VISTA MAYO 2017', '2017-05-23', 10, 0, 40, '01-03-067', 0),
(1003, '0831', '2017-05-01', '2017-05-23', 5, 0, 20, '01-01-078', 1),
(1004, '0832', '2017-05-01', '2017-05-23', 5, 0, 250, '01-01-032', 1),
(1005, '0833', '2017-05-01', '2017-05-23', 5, 0, 25, '01-01-069', 1),
(1006, NULL, 'A LA VISTA MAYO 2017', '2017-05-23', 15, 0, 75, '2-03-069', 0),
(1007, '0834', '2017-05-01', '2017-05-23', 5, 0, 20, '01-01-065', 1),
(1008, NULL, 'NAVIDEÑO MAYO 2017', '2017-05-23', 50, 0, 200, '01-02-065', 0),
(1009, '0835', '2017-05-01', '2017-05-23', 5, 0, 25, '01-01-076', 1),
(1010, NULL, 'NAVIDEÑO MAYO 2017', '2017-05-23', 45, 0, 225, '01-02-076', 0),
(1011, '0836', '2017-05-01', '2017-05-23', 5, 0, 10, '01-01-083', 1),
(1012, NULL, 'NAVIDEÑO MAYO 2017', '2017-05-23', 15, 0, 30, '01-02-083', 0),
(1013, '0837', '2017-05-01', '2017-05-23', 5, 0, 15, '01-01-080', 1),
(1014, NULL, 'NAVIDEÑO MAYO 2017', '2017-05-23', 5, 0, 15, '01-02-080', 0),
(1015, NULL, 'NAVIDEÑO MAYO 2017', '2017-05-23', 10, 0, 45, '01-02-075', 0),
(1016, '0839', '2017-05-01', '2017-05-23', 5, 0, 250, '01-01-040', 1),
(1017, '0840', '2017-05-01', '2017-05-23', 5, 0, 25, '01-01-055', 1),
(1018, NULL, 'NAVIDEÑO MAYO 2017', '2017-05-23', 25, 0, 125, '2-02-055', 0),
(1019, NULL, 'A LA VISTA MAYO 2017', '2017-05-23', 25, 0, 125, '2-03-055', 0),
(1020, '0841', '2017-05-01', '2017-05-23', 5, 0, 25, '01-01-061', 1),
(1021, NULL, 'NAVIDEÑO MAYO 2017', '2017-05-23', 20, 0, 100, '2-02-061', 0),
(1022, '0842', '2017-05-01', '2017-05-23', 5, 0, 25, '01-01-063', 1),
(1023, NULL, 'A LA VISTA MAYO 2017', '2017-05-23', 30, 0, 150, '2-03-063', 0),
(1024, '0843', '2017-05-01', '2017-05-23', 5, 0, 30, '01-01-047', 1),
(1025, NULL, 'NAVIDEÑO MAYO 2017', '2017-05-23', 20, 0, 100, '2-02-047', 0),
(1026, '0844', '2017-05-01', '2017-05-23', 5, 0, 30, '01-01-054', 1),
(1027, '0844', '2017-05-01', '2017-05-23', 5, 0, 30, '01-01-054', 1),
(1028, '0844', '2017-05-01', '2017-05-23', 5, 0, 30, '01-01-054', 1),
(1029, '0845', '2017-05-01', '2017-05-23', 5, 0, 30, '01-01-053', 1),
(1030, '0846', '2017-05-01', '2017-05-23', 5, 0, 250, '01-01-006', 1),
(1031, NULL, 'navideño MAYO 2017', '2017-05-23', 45, 0, 270, '2-02-006', 0),
(1032, '0847', '2017-05-01', '2017-05-23', 5, 0, 25, '01-01-077', 1),
(1033, NULL, 'NAVIDEÑO MAYO 2017', '2017-05-23', 6, 0, 18, '01-02-077', 0),
(1034, '848', '2017-05-01', '2017-05-23', 5, 0, 250, '01-01-035', 1),
(1035, '0849', '2017-05-01', '2017-05-23', 5, 0, 250, '01-01-030', 1),
(1036, '850', '2017-05-01', '2017-05-23', 5, 0, 25, '01-01-051', 1),
(1037, '0854', '2017-05-01', '2017-05-23', 5, 0, 10, '01-01-084', 1),
(1038, NULL, 'NAVIDEÑO MAYO 2017', '2017-05-23', 40, 0, 80, '01-02-084', 0),
(1039, '0855', '2017-05-01', '2017-05-23', 5, 0, 250, '01-01-045', 1),
(1040, NULL, 'NAVIDEÑO MAYO 2017', '2017-05-23', 10, 0, 30, '01-02-045', 0),
(1041, '0856', '2017-05-01', '2017-05-23', 5, 0, 400, '01-01-015', 1),
(1042, '0857', '2017-05-01', '2017-05-23', 5, 0, 250, '01-01-001', 1),
(1043, NULL, 'NAVIDEÑO MAYO 2017', '2017-05-23', 20, 0, 120, '2-02-001', 0),
(1044, NULL, 'INFANTIL MAYO 2017', '2017-05-23', 10, 0, 40, '2-04-042', 0),
(1045, NULL, 'NAVIDEÑO MAYO 2017', '2017-05-23', 10, 0, 50, '2-02-002', 0),
(1046, NULL, 'INFANTIL MAYO 2017', '2017-05-23', 10, 0, 60, '2-04-002', 0),
(1047, '0860', 'INFANTIL MAYO 2017', '2017-05-23', 15, 0, 45, '01-04-082', 0),
(1048, '0861', '2017-05-01', '2017-05-23', 5, 0, 30, '01-01-048', 1),
(1049, '0863', 'NAVIDEÑO MAYO 2017', '2017-05-23', 10, 0, 50, '2-02-032', 0),
(1050, '0864', '2017-05-01', '2017-05-24', 5, 0, 250, '01-01-044', 1),
(1051, '0864', 'NAVIDEÑO MAYO 2017', '2017-05-24', 80, 0, 400, '01-02-044', 0),
(1052, '0865', 'NAVIDEÑO MAYO 2017', '2017-05-24', 10, 0, 30, '01-02-048', 0),
(1053, '0866', '2017-05-01', '2017-05-24', 5, 0, 250, '01-01-034', 1),
(1054, '0866', '2017-06-01', '2017-05-24', 5, 0, 255, '01-01-034', 1),
(1055, '0867', 'NAVIDEÑO MAYO 2017', '2017-05-24', 50, 0, 150, '01-02-015', 0),
(1056, '0868', 'NAVIDEÑO MAYO 2017', '2017-05-24', 10, 0, 30, '01-02-051', 0),
(1057, '0869', 'NAVIDEÑO MAYO 2017', '2017-05-24', 25, 0, 74.86, '01-02-072', 0),
(1058, '0874', '2017-05-01', '2017-05-31', 5, 0, 250, '01-01-012', 1),
(1059, '0875', '2017-05-01', '2017-05-31', 5, 0, 250, '01-01-010', 1),
(1060, '0876', '2017-05-01', '2017-05-31', 5, 0, 250, '01-01-003', 1),
(1061, '0879', 'NAVIDEÑO ABRIL 2017', '2017-05-31', 10, 0, 40, '2-02-004', 0),
(1062, '0879', 'NAVIDEÑO MAYO 2017', '2017-05-31', 10, 0, 50, '2-02-004', 0),
(1063, '0851', 'Apertura de cuenta', '2017-05-30', 10, 0, 0, '01-01-090', 0),
(1064, '0852', 'Apertura de cuenta', '2017-05-30', 10, 0, 0, '01-01-091', 0),
(1065, '0853', 'Apertura de cuenta', '2017-05-30', 10, 0, 0, '01-01-092', 0),
(1066, '0890', 'Apertura de cuenta', '2017-06-14', 10, 0, 0, '01-01-093', 0),
(1067, '0893', 'Apertura de cuenta', '2017-06-14', 10, 0, 0, '01-01-094', 0),
(1068, '0895', 'Apertura de cuenta', '2017-06-14', 10, 0, 0, '01-01-095', 0),
(1069, '887', 'Apertura de cuenta', '2017-06-14', 10, 0, 0, '01-01-096', 0),
(1070, '0889', 'Apertura de cuenta', '2017-06-14', 10, 0, 0, '01-01-097', 0),
(1071, '1008', 'Apertura de cuenta', '2017-06-28', 10, 0, 0, '01-01-098', 0),
(1072, '1012', 'Apertura de cuenta', '2017-06-28', 10, 0, 0, '01-01-099', 0),
(1073, '1010', 'Apertura de cuenta', '2017-06-28', 10, 0, 0, '01-01-100', 0),
(1074, '1215', 'Apertura de cuenta', '2017-06-28', 10, 0, 0, '01-01-101', 0),
(1075, '', 'Apertura de cuenta', '2017-06-28', 10, 0, 0, '01-01-102', 0),
(1076, '1011', 'Apertura de cuenta', '2017-06-28', 10, 0, 0, '01-01-103', 0),
(1077, '1028', 'Apertura de cuenta', '2017-06-28', 10, 0, 0, '01-01-104', 0),
(1078, '1009', 'Apertura de cuenta', '2017-06-28', 10, 0, 0, '01-01-105', 0),
(1079, '1013', 'Apertura de cuenta', '2017-06-28', 10, 0, 0, '01-01-106', 0),
(1080, '1022', 'Apertura de cuenta', '2017-06-28', 10, 0, 0, '01-01-107', 0),
(1081, '', 'Apertura de cuenta', '2017-06-28', 10, 0, 0, '01-01-108', 0),
(1082, '1033', 'Apertura de cuenta', '2017-06-28', 10, 0, 0, '01-01-109', 0),
(1083, '1044', 'Apertura de cuenta', '2017-07-28', 10, 0, 0, '01-01-110', 0),
(1084, '1030', 'Apertura de cuenta', '2017-07-28', 10, 0, 0, '01-01-111', 0),
(1085, '', 'Apertura de cuenta', '2017-07-28', 10, 0, 0, '01-01-112', 0),
(1086, '1052', 'Apertura de cuenta', '2017-07-28', 10, 0, 0, '01-01-113', 0),
(1087, '1053', 'Apertura de cuenta', '2017-07-28', 10, 0, 0, '01-01-114', 0),
(1088, '888', '2017-05-01', '2017-06-08', 5, 0, 25, '01-01-046', 1),
(1089, '888', 'navideño mayo', '2017-06-08', 5, 0, 25, '2-02-046', 0),
(1090, '0888', 'A LA VISTA MAYO 2017', '2017-06-08', 7, 0, 35, '2-03-046', 0),
(1091, '0007', 'RETIRO A LA VISTA', '2017-06-01', 0, 75, 0, '2-03-069', 0),
(1092, '0891', 'NAVIDEÑO JUNIO 2017', '2017-06-08', 80, 0, 350, '2-02-006', 0),
(1093, '0898', '2017-06-01', '2017-06-22', 5, 0, 255, '01-01-001', 1),
(1094, '0898', 'NAVIDEÑO JUNIO 2017', '2017-06-22', 20, 0, 140, '2-02-001', 0),
(1095, '0899', '2017-06-01', '2017-06-22', 5, 0, 405, '01-01-015', 1),
(1096, '0900', '2017-06-01', '2017-06-22', 5, 0, 255, '01-01-045', 1),
(1097, '0900', 'NAVIDEÑO JUNIO 2017', '2017-06-22', 10, 0, 40, '01-02-045', 0),
(1098, '0901', 'NAVIDEÑO JULIO 2017', '2017-06-22', 80, 0, 430, '2-02-006', 0),
(1099, '0904', 'NAVIDEÑO JUNIO 2017', '2017-06-22', 25, 0, 125, '2-02-042', 0),
(1100, '0905', 'NAVIDEÑO JUNIO 2017', '2017-06-22', 20, 0, 120, '2-02-026', 0),
(1101, '0906', 'NAVIDEÑO JUNIO 2017', '2017-06-22', 11.62, 0, 69.72, '2-02-073', 0),
(1102, '0907', 'NAVIDEÑO JUNIO 2017', '2017-06-22', 25, 0, 150, '2-02-039', 0),
(1103, '0908', 'NAVIDEÑO JUNIO 2017', '2017-06-22', 25, 0, 150, '2-02-068', 0),
(1104, '0909', 'NAVIDEÑO JUNIO 2017', '2017-06-22', 20, 0, 80, '01-02-082', 0),
(1105, '0910', 'NAVIDEÑO JUNIO 2017', '2017-06-22', 20, 0, 140, '2-02-049', 0),
(1106, '0911', 'NAVIDEÑO JUNIO 2017', '2017-06-22', 25, 0, 150, '2-02-058', 0),
(1107, '0912', 'NAVIDEÑO JUNIO 2017', '2017-06-22', 15, 0, 60, '01-02-081', 0),
(1108, '0913', 'NAVIDEÑO JUNIO 2017', '2017-06-22', 50, 0, 350, '2-02-011', 0),
(1109, '0914', 'NAVIDEÑO JUNIO 2017', '2017-06-22', 16.62, 0, 99.72, '2-02-071', 0),
(1110, '0915', 'NAVIDEÑO JUNIO 2017', '2017-06-22', 15, 0, 90, '2-02-050', 0),
(1111, '0916', 'NAVIDEÑO JUNIO 2017', '2017-06-22', 50, 0, 200, '01-03-079', 0),
(1112, '0917', 'NAVIDEÑO JUNIO 2017', '2017-06-22', 20, 0, 80, '01-03-082', 0),
(1113, '0918', 'ALA VISTA JUNIO 2017', '2017-06-22', 7, 0, 42, '2-03-046', 0),
(1114, '0919', 'A LA VISTA JUNIO 2017', '2017-06-22', 15, 0, 30, '01-03-088', 0),
(1115, '0920', 'A LA VISTA JUNIO ', '2017-06-22', 15, 0, 75, '2-03-050', 0),
(1116, '0921', 'INFANTIL JUNIO', '2017-06-22', 10, 0, 50, '2-04-042', 0),
(1117, '0922', 'INFANTIL JUNIO 2017', '2017-06-22', 10, 0, 70, '2-04-002', 0),
(1118, '0923', 'INFANTIL JUNIO 2017', '2017-06-22', 15, 0, 60, '01-04-082', 0),
(1119, '0924', '2017-06-01', '2017-06-22', 5, 0, 25, '01-01-072', 1),
(1120, '0925', '2017-06-01', '2017-06-22', 5, 0, 25, '01-01-066', 1),
(1121, '0926', '2017-06-01', '2017-06-22', 5, 0, 25, '01-01-078', 1),
(1122, '0927', '2017-06-01', '2017-06-22', 5, 0, 255, '01-01-032', 1),
(1123, '0928', '2017-06-01', '2017-06-22', 5, 0, 255, '01-01-040', 1),
(1124, '0929', '2017-06-01', '2017-06-22', 5, 0, 255, '01-01-035', 1),
(1125, '0930', '2017-06-01', '2017-06-22', 5, 0, 255, '01-01-030', 1),
(1126, '0931', '2017-06-01', '2017-06-22', 5, 0, 35, '01-01-048', 1),
(1127, '0932', '2017-06-01', '2017-06-22', 5, 0, 15, '01-01-084', 1),
(1128, '0932', 'NAVIDEÑO JUNIO', '2017-06-22', 40, 0, 120, '01-02-084', 0),
(1129, '0933', '2017-06-01', '2017-06-22', 5, 0, 30, '01-01-077', 1),
(1130, '0933', 'NAVIDEÑO JUNIO', '2017-06-22', 6, 0, 24, '01-02-077', 0),
(1131, '0934', '2017-06-01', '2017-06-22', 5, 0, 255, '01-01-006', 1),
(1132, '0934', 'NAVIDEÑO COMPLEMENTO JUNIO', '2017-06-22', 45, 0, 475, '2-02-006', 0),
(1133, '0935', '2017-06-01', '2017-06-22', 5, 0, 35, '01-01-053', 1),
(1134, '0936', '2017-06-01', '2017-06-22', 5, 0, 35, '01-01-054', 1),
(1135, '0937', '2017-06-01', '2017-06-22', 5, 0, 35, '01-01-047', 1),
(1136, '0937', 'NAVIDEÑO JUNIO', '2017-06-22', 20, 0, 120, '2-02-047', 0),
(1137, '0938', '2017-06-01', '2017-06-22', 5, 0, 30, '01-01-063', 1),
(1138, '0938', 'A LA VISTA JUNIO', '2017-06-22', 30, 0, 180, '2-03-063', 0),
(1139, '0942', '2017-06-01', '2017-06-22', 5, 0, 255, '01-01-017', 1),
(1140, '0939', '2017-06-01', '2017-06-22', 5, 0, 30, '01-01-061', 1),
(1141, '0939', 'NAVIDEÑO JUNIO ', '2017-06-22', 20, 0, 120, '2-02-061', 0),
(1142, '0817', '2017-05-01', '2017-05-23', 5, 0, 25, '01-01-057', 1),
(1143, '0940', 'NAVIDEÑO MAYO', '2017-06-22', 10, 0, 60, '2-02-057', 0),
(1144, '0940', '2017-06-01', '2017-06-22', 5, 0, 30, '01-01-057', 1),
(1145, '0940', 'INFANTIL JUNIO', '2017-06-22', 5, 0, 30, '2-04-057', 0),
(1146, '0940', 'A LA VISTA JUNIO', '2017-06-22', 5, 0, 30, '2-03-057', 0),
(1147, '0941', 'NAVIDEÑO JUNIO', '2017-06-22', 30, 0, 180, '2-02-052', 0),
(1148, '0942', 'NAVIDEÑO JUNIO', '2017-06-22', 35, 0, 140, '01-02-017', 0),
(1149, '0943', '2017-06-01', '2017-06-22', 5, 0, 30, '01-01-056', 1),
(1150, '0943', 'NAVIDEÑO JUNIO', '2017-06-22', 100, 0, 600, '2-02-056', 0),
(1151, '0943', 'NAVIDEÑO JUNIO', '2017-06-22', 50, 0, 300, '2-03-056', 0),
(1152, '0944', '2017-05-01', '2017-06-22', 5, 0, 25, '01-01-060', 1),
(1153, '0944', 'NAVIDEÑO MAYO', '2017-06-22', 20, 0, 100, '2-02-060', 0),
(1154, '0944', 'INFANTIL MAYO ', '2017-06-22', 10, 0, 50, '2-04-060', 0),
(1155, '0944', 'A LA VISTA MAYO', '2017-06-22', 15, 0, 75, '2-03-060', 0),
(1156, '0945', '2017-06-01', '2017-06-22', 5, 0, 30, '01-01-062', 1),
(1157, '0945', 'NAVIDEÑO JUNIO ', '2017-06-22', 10, 0, 60, '2-02-062', 0),
(1158, '0945', 'INFANTIL JUNIO', '2017-06-22', 5, 0, 30, '2-04-062', 0),
(1159, '0945', 'A LA VISTA JUNIO', '2017-06-22', 10, 0, 60, '2-03-062', 0),
(1160, '0946', '2017-06-01', '2017-06-22', 5, 0, 255, '01-01-033', 1),
(1161, '0946', 'NAVIDEÑO JUNIO', '2017-06-22', 5, 0, 30, '2-02-033', 0),
(1162, '0947', '2017-06-01', '2017-06-22', 5, 0, 255, '01-01-036', 1),
(1163, '0947', 'NAVIDEÑO JUNIO', '2017-06-22', 10, 0, 60, '2-02-036', 0),
(1164, '0948', '2017-06-01', '2017-06-22', 5, 0, 255, '01-01-043', 1),
(1165, '0949', '2017-06-01', '2017-06-22', 5, 0, 15, '01-01-085', 1),
(1166, '0949', 'NAVIDEÑO JUNIO', '2017-06-22', 10, 0, 30, '01-02-085', 0),
(1167, '0950', '2017-06-01', '2017-06-22', 5, 0, 255, '01-01-009', 1),
(1168, '0950', 'NAVIDEÑO JUNIO', '2017-06-22', 50, 0, 300, '2-02-009', 0),
(1169, '0951', '2017-06-01', '2017-06-22', 5, 0, 255, '01-01-023', 1),
(1170, '0952', '2017-06-01', '2017-06-22', 5, 0, 255, '01-01-022', 0),
(1171, '0953', '2017-06-01', '2017-06-22', 5, 0, 20, '01-01-079', 1),
(1172, '0954', '2017-06-01', '2017-06-22', 5, 0, 255, '01-01-042', 1),
(1173, '0988', 'navideño junio', '2017-06-22', 10, 0, 50, '01-02-067', 0),
(1174, '0988', 'a la vista junio', '2017-06-22', 0.01, 0, 40.01, '01-03-067', 0),
(1175, '0988', '2017-06-01', '2017-06-22', 5, 0, 25, '01-01-067', 1),
(1176, '0955', '2017-06-01', '2017-06-22', 5, 0, 255, '01-01-026', 1),
(1177, '0957', '2017-06-01', '2017-06-22', 5, 0, 30, '01-01-073', 1),
(1178, '0958', '2017-06-01', '2017-06-22', 5, 0, 255, '01-01-039', 1),
(1179, '0959', '2017-06-01', '2017-06-22', 5, 0, 30, '01-01-068', 1),
(1180, '0960', '2017-06-01', '2017-06-22', 5, 0, 20, '01-01-082', 1),
(1181, '0961', '2017-06-01', '2017-06-22', 5, 0, 255, '01-01-029', 1),
(1182, '0962', '2017-06-01', '2017-06-22', 5, 0, 255, '01-01-013', 1),
(1183, '0963', '2017-06-01', '2017-06-22', 5, 0, 255, '01-01-007', 1),
(1184, '0964', '2017-06-01', '2017-06-22', 5, 0, 255, '01-01-018', 1),
(1185, '0965', '2017-06-01', '2017-06-22', 5, 0, 255, '01-01-016', 1),
(1186, '0966', '2017-06-01', '2017-06-22', 5, 0, 35, '01-01-049', 1),
(1187, '0967', '2017-06-01', '2017-06-22', 5, 0, 255, '01-01-020', 1),
(1188, '0968', '2017-06-01', '2017-06-22', 5, 0, 25, '01-01-064', 1),
(1189, '0969', '2017-06-01', '2017-06-22', 5, 0, 25, '01-01-086', 1),
(1190, '0970', '2017-06-01', '2017-06-22', 5, 0, 255, '01-01-027', 1),
(1191, '0971', '2017-06-01', '2017-06-22', 5, 0, 30, '01-01-058', 1),
(1192, '0972', '2017-06-01', '2017-06-22', 5, 0, 255, '01-01-019', 1),
(1193, '0973', '2017-06-01', '2017-06-22', 5, 0, 30, '01-01-046', 1),
(1194, '0974', '2017-06-01', '2017-06-22', 5, 0, 255, '01-01-037', 1),
(1195, '0975', '2017-06-01', '2017-06-22', 5, 0, 25, '01-01-075', 1),
(1196, '0976', '2017-06-01', '2017-06-22', 5, 0, 255, '01-01-014', 1),
(1197, '0978', '2017-06-01', '2017-06-22', 5, 0, 20, '01-01-081', 1),
(1198, '0979', '2017-06-01', '2017-06-22', 5, 0, 255, '01-01-021', 1),
(1199, '0980', '2017-06-01', '2017-06-22', 5, 0, 255, '01-01-011', 1),
(1200, '0981', '2017-06-01', '2017-06-22', 5, 0, 30, '01-01-071', 1),
(1201, '0983', '2017-06-01', '2017-06-22', 5, 0, 35, '01-01-050', 1),
(1202, '0984', '2017-06-01', '2017-06-22', 5, 0, 30, '01-01-070', 1),
(1203, '0985', '2017-06-01', '2017-06-22', 5, 0, 255, '01-01-041', 1),
(1204, '0986', '2017-06-01', '2017-06-22', 5, 0, 255, '01-01-008', 1),
(1205, '0987', '2017-06-01', '2017-06-22', 5, 0, 255, '01-01-002', 1),
(1206, '0989', '2017-06-01', '2017-06-22', 5, 0, 30, '01-01-069', 1),
(1207, '0989', 'a la vista', '2017-06-22', 15, 0, 15, '2-03-069', 0),
(1208, '0990', '2017-06-01', '2017-06-22', 5, 0, 25, '01-01-065', 1),
(1209, '0990', 'ahorro navideño', '2017-06-22', 50, 0, 250, '01-02-065', 0),
(1210, '0991', '2017-06-01', '2017-06-22', 5, 0, 30, '01-01-076', 1),
(1211, '0991', 'ahorro navideño', '2017-06-22', 45, 0, 270, '01-02-076', 0),
(1212, '0992', '2017-06-01', '2017-06-22', 5, 0, 15, '01-01-083', 1),
(1213, '0992', 'ahorro navideño', '2017-06-22', 15, 0, 45, '01-02-083', 0),
(1214, '0993', '2017-06-01', '2017-06-22', 5, 0, 20, '01-01-080', 1),
(1215, '0993', 'ahorro navideño', '2017-06-22', 5, 0, 20, '01-02-080', 0),
(1216, '0994', 'ahorro navideño', '2017-06-22', 10, 0, 55, '01-02-075', 0),
(1217, '0995', '2017-06-01', '2017-06-22', 5, 0, 30, '01-01-055', 1),
(1218, '0995', 'ahorro navideño', '2017-06-22', 25, 0, 150, '2-02-055', 0),
(1219, '0995', 'a la vista', '2017-06-22', 25, 0, 150, '2-03-055', 0),
(1220, '1001', 'ahorro navideño', '2017-06-22', 10, 0, 40, '01-02-048', 0),
(1221, '1002', '2017-06-01', '2017-06-23', 5, 0, 30, '01-01-051', 1),
(1222, '1002', 'ahorro navideño', '2017-06-23', 10, 0, 40, '01-02-051', 0),
(1223, '1021', '2017-06-01', '2017-06-26', 5, 0, 255, '01-01-044', 1),
(1224, '1021', 'ahorro navideño', '2017-06-26', 80, 0, 480, '01-02-044', 0),
(1225, '1024', '2017-06-01', '2017-06-26', 5, 0, 255, '01-01-010', 1),
(1226, '1025', '2017-06-01', '2017-06-26', 5, 0, 255, '01-01-012', 1),
(1227, '1026', '2017-06-01', '2017-06-26', 5, 0, 255, '01-01-003', 1),
(1228, '1032', 'ahorro navideño', '2017-06-30', 10, 0, 60, '2-02-032', 0),
(1229, '1036', 'ahorro navideño', '2017-06-23', 20, 0, 491, '2-02-029', 0),
(1230, '1038', 'ahorro navideño', '2017-06-30', 20, 0, 94.86, '01-02-072', 0),
(1231, '1039', 'ahorro navideño', '2017-06-30', 5, 0, 30, '2-02-046', 0),
(1232, '1041', 'ahorro navideño', '2017-06-22', 10, 0, 60, '2-02-002', 0),
(1233, '0956', '2017-06-01', '2017-06-22', 5, 0, 5, '01-01-089', 1),
(1234, '1004', 'ahorro navideño', '2017-06-22', 5, 0, 10, '01-02-087', 0),
(1235, '1045', 'Voluntaria', '2017-07-03', 300, 0, 555, '01-01-023', 1),
(1236, '1056', '2017-07-01', '2017-07-21', 5, 0, 560, '01-01-023', 1),
(1237, '1049', 'ahorro a la vista', '2017-07-11', 1000, 0, 1140, '2-02-001', 0),
(1238, '1050', '2017-07-01', '2017-07-06', 10, 0, 10, '01-01-112', 1),
(1239, '1057', '2017-07-01', '2017-07-21', 5, 0, 260, '01-01-022', 0),
(1240, '1058', '2017-07-01', '2017-07-21', 5, 0, 25, '01-01-079', 1),
(1241, '1059', '2017-07-01', '2017-07-21', 5, 0, 5, '01-01-096', 1),
(1242, '1060', '2017-07-01', '2017-07-21', 5, 0, 260, '01-01-042', 1),
(1243, '1061', '2017-07-01', '2017-07-21', 5, 0, 260, '01-01-026', 1),
(1244, '1062', '2017-07-01', '2017-07-21', 5, 0, 10, '01-01-089', 1),
(1245, '1063', '2017-07-01', '2017-07-21', 5, 0, 35, '01-01-073', 1),
(1246, '1064', '2017-07-01', '2017-07-21', 5, 0, 260, '01-01-039', 1),
(1247, '1065', '2017-07-01', '2017-07-21', 5, 0, 5, '01-01-107', 1),
(1248, '1066', '2017-07-01', '2017-07-21', 5, 0, 35, '01-01-068', 1),
(1249, '1067', '2017-07-01', '2017-07-21', 5, 0, 25, '01-01-082', 1),
(1250, '1031', 'Voluntaria', '2017-06-30', 500, 0, 1060, '01-01-023', 1),
(1251, '1068', '2017-07-01', '2017-07-21', 5, 0, 5, '01-01-111', 1),
(1252, '1069', '2017-07-01', '2017-07-21', 5, 0, 260, '01-01-029', 1),
(1253, '1070', '2017-07-01', '2017-07-21', 5, 0, 260, '01-01-007', 1),
(1254, '1071', '2017-07-01', '2017-07-21', 5, 0, 5, '01-01-100', 1),
(1255, '1072', '2017-07-01', '2017-07-21', 5, 0, 260, '01-01-013', 1),
(1256, '1073', '2017-07-01', '2017-07-21', 5, 0, 260, '01-01-018', 1),
(1257, '1074', '2017-07-01', '2017-07-21', 5, 0, 260, '01-01-016', 1),
(1258, '1075', '2017-07-01', '2017-07-21', 5, 0, 40, '01-01-049', 1),
(1259, '1076', '2017-07-01', '2017-07-21', 5, 0, 260, '01-01-020', 1),
(1260, '1077', '2017-07-01', '2017-07-21', 5, 0, 30, '01-01-064', 1),
(1261, '1078', '2017-07-01', '2017-07-21', 5, 0, 30, '01-01-086', 1),
(1262, '1079', '2017-07-01', '2017-07-21', 5, 0, 260, '01-01-027', 1),
(1263, '1080', '2017-07-01', '2017-07-21', 5, 0, 35, '01-01-058', 1),
(1264, '1081', '2017-07-01', '2017-07-21', 5, 0, 260, '01-01-019', 1),
(1265, '1082', '2017-07-01', '2017-07-21', 5, 0, 35, '01-01-046', 1),
(1266, '1083', '2017-07-01', '2017-07-21', 5, 0, 260, '01-01-037', 1),
(1267, '1084', '2017-07-01', '2017-07-21', 5, 0, 30, '01-01-075', 1),
(1268, '1085', '2017-07-01', '2017-07-21', 5, 0, 260, '01-01-014', 1),
(1269, '1087', '2017-07-01', '2017-07-21', 5, 0, 25, '01-01-081', 1),
(1270, '1088', '2017-07-01', '2017-07-21', 5, 0, 260, '01-01-021', 1),
(1271, '1089', '2017-07-01', '2017-07-21', 5, 0, 5, '01-01-098', 1),
(1272, '1090', '2017-07-01', '2017-07-21', 5, 0, 5, '01-01-104', 1),
(1273, NULL, 'Apertura de cuenta', '2017-08-16', 500, 0, 500, '01-02-041', 0),
(1274, '1051', 'navideño mayo', '2017-07-06', 10, 0, 40, '2-02-064', 0),
(1275, '1051', 'navideño junio', '2017-07-06', 10, 0, 50, '2-02-064', 0),
(1276, '1051', 'navideño julio', '2017-07-06', 10, 0, 60, '2-02-064', 0),
(1277, '1051', 'navideño agosto', '2017-07-06', 10, 0, 70, '2-02-064', 0),
(1278, '982', '2017-06-01', '2017-06-22', 5, 0, 5, '01-01-088', 1),
(1279, NULL, 'Apertura de cuenta', '2017-08-16', 1000, 0, 1000, '01-06-002', 0),
(1280, '0011', 'RETIRO', '2017-06-01', 0, 75, 0, '2-03-005', 0),
(1281, '0496', '2017-01-01', '2017-03-17', 5, 0, 230, '01-01-028', 1),
(1282, '0528', '2017-02-01', '2017-03-23', 5, 0, 235, '01-01-028', 1),
(1283, '0676', '2017-03-01', '2017-04-27', 5, 0, 240, '01-01-028', 1),
(1284, '0795', 'Voluntaria', '2017-05-23', 5, 0, 10, '01-01-088', 1),
(1285, '0790', '2017-04-01', '2017-05-23', 5, 0, 245, '01-01-028', 1),
(1286, '0977', '2017-05-01', '2017-06-22', 5, 0, 250, '01-01-028', 1),
(1287, '1086', '2017-06-01', '2017-07-21', 5, 0, 255, '01-01-028', 1),
(1288, '1091', '2017-07-01', '2017-07-21', 5, 0, 5, '01-01-094', 1),
(1289, '1092', '2017-07-01', '2017-07-21', 5, 0, 260, '01-01-011', 1),
(1290, '1093', '2017-07-01', '2017-07-21', 5, 0, 35, '01-01-071', 1),
(1291, '1094', '2017-07-01', '2017-07-21', 5, 0, 15, '01-01-088', 1),
(1292, '1095', '2017-07-01', '2017-07-21', 5, 0, 40, '01-01-050', 1),
(1293, '1096', '2017-07-01', '2017-07-21', 5, 0, 35, '01-01-070', 1),
(1294, '1097', '2017-07-01', '2017-07-21', 5, 0, 260, '01-01-041', 1),
(1295, '1098', '2017-07-01', '2017-07-21', 5, 0, 5, '01-01-109', 1),
(1296, '1099', '2017-07-01', '2017-07-21', 5, 0, 260, '01-01-008', 1),
(1297, '1100', '2017-07-01', '2017-07-21', 5, 0, 5, '01-01-110', 1),
(1298, '1101', '2017-07-01', '2017-07-21', 5, 0, 260, '01-01-002', 1),
(1299, '1102', '2017-07-01', '2017-07-21', 5, 0, 5, '01-01-099', 1),
(1300, '1103', '2017-07-01', '2017-07-21', 5, 0, 260, '01-01-043', 1),
(1301, '1104', '2017-07-01', '2017-07-21', 5, 0, 30, '01-01-066', 1),
(1302, '1105', '2017-07-01', '2017-07-21', 5, 0, 260, '01-01-009', 1),
(1303, '1106', '2017-07-01', '2017-07-21', 5, 0, 260, '01-01-032', 1),
(1304, '1107', '2017-07-01', '2017-07-21', 5, 0, 35, '01-01-069', 1),
(1305, '1108', '2017-07-01', '2017-07-21', 5, 0, 260, '01-01-040', 1),
(1306, '1109', '2017-07-01', '2017-07-21', 5, 0, 35, '01-01-061', 1),
(1307, '1110', '2017-07-01', '2017-07-21', 5, 0, 35, '01-01-063', 1),
(1308, '1111', '2017-07-01', '2017-07-21', 5, 0, 40, '01-01-054', 1),
(1309, '1112', '2017-07-01', '2017-07-21', 5, 0, 40, '01-01-053', 1),
(1310, '1113', '2017-07-01', '2017-07-21', 5, 0, 260, '01-01-006', 1),
(1311, '1114', '2017-07-01', '2017-07-21', 5, 0, 260, '01-01-035', 1),
(1312, '1115', '2017-07-01', '2017-07-21', 5, 0, 260, '01-01-030', 1),
(1313, '1116', '2017-07-01', '2017-07-21', 5, 0, 35, '01-01-051', 1),
(1314, '1117', '2017-07-01', '2017-07-21', 5, 0, 40, '01-01-048', 1),
(1315, '1118', '2017-07-01', '2017-07-21', 5, 0, 260, '01-01-017', 1),
(1316, '1119', '2017-07-01', '2017-07-21', 5, 0, 410, '01-01-015', 1),
(1317, '1120', '2017-07-01', '2017-07-21', 5, 0, 260, '01-01-001', 1),
(1318, '1122', '2017-07-01', '2017-07-21', 5, 0, 260, '01-01-044', 1),
(1319, '1122', 'NAVIDEÑO JULIO 2017', '2017-07-21', 80, 0, 560, '01-02-044', 0),
(1320, '1123', 'NAVIDEÑO JULIO', '2017-07-21', 25, 0, 150, '2-02-042', 0),
(1321, '1124', 'DEP.NAVIDEÑO JULIO ', '2017-07-21', 20, 0, 140, '2-02-026', 0),
(1322, '1125', 'DEP. NAVIDEÑO JULIO', '2017-07-21', 11.62, 0, 81.34, '2-02-073', 0),
(1323, '1126', 'DEP. NAVIDEÑO JULIO', '2017-07-21', 25, 0, 175, '2-02-039', 0),
(1324, '1127', 'DEP. NAVIDEÑO JULIO', '2017-07-21', 25, 0, 175, '2-02-068', 0),
(1325, '1128', 'DEP. NAVIDEÑO JULIO', '2017-07-21', 20, 0, 100, '01-02-082', 0),
(1326, '1129', 'DEP. NAVIDEÑO JULIO', '2017-07-21', 20, 0, 160, '2-02-049', 0),
(1327, '1130', 'DEP. NAVIDEÑO JULIO', '2017-07-21', 25, 0, 175, '2-02-058', 0),
(1328, '1131', 'DEP. NAVIDEÑO JULIO', '2017-07-21', 5, 0, 35, '2-02-046', 0),
(1329, '1132', 'DEP. NAVIDEÑO JULIO', '2017-07-21', 15, 0, 75, '01-02-081', 0),
(1330, NULL, 'Apertura de cuenta', '2017-08-23', 20, 0, 20, '01-02-104', 0),
(1331, NULL, 'Apertura de cuenta', '2017-08-23', 20, 0, 20, '01-02-094', 0),
(1332, '1135', 'DEP. NAVIDEÑO JULIO', '2017-07-21', 50, 0, 400, '2-02-011', 0),
(1333, '1136', 'DEP. NAVIDEÑO JULIO', '2017-07-21', 16.62, 0, 116.34, '2-02-071', 0),
(1334, '1137', 'DEP. NAVIDEÑO JULIO', '2017-07-21', 15, 0, 105, '2-02-050', 0),
(1335, '1138', 'DEP. NAVIDEÑO JULIO', '2017-07-21', 10, 0, 70, '2-02-002', 0),
(1336, '1139', 'DEP. A LA VISTA JULIO', '2017-07-21', 50, 0, 250, '01-03-079', 0),
(1337, '1140', 'DEP. A LA VISTA JULIO', '2017-07-21', 20, 0, 100, '01-03-082', 0),
(1338, NULL, 'Apertura de cuenta', '2017-08-23', 5, 0, 5, '01-03-111', 0),
(1339, NULL, 'Apertura de cuenta', '2017-08-23', 5, 0, 5, '01-03-100', 0),
(1340, '1143', 'DEP. A LA VISTA JULIO', '2017-07-21', 7, 0, 49, '2-03-046', 0),
(1341, NULL, 'Apertura de cuenta', '2017-08-23', 100, 0, 100, '01-03-098', 0),
(1342, '1145', 'DEP. A LA VISTA JULIO', '2017-07-21', 15, 0, 45, '01-03-088', 0),
(1343, '1146', 'DEP. A LA VISTA JULIO', '2017-07-21', 15, 0, 90, '2-03-050', 0),
(1344, NULL, 'Apertura de cuenta', '2017-08-23', 25, 0, 25, '01-03-008', 0),
(1345, '1148', 'coagesalito', '2017-07-21', 10, 0, 60, '2-04-042', 0),
(1346, '1149', 'INFANTIL JULIO', '2017-07-21', 15, 0, 75, '01-04-082', 0),
(1347, '1150', 'INFANTIL JULIO', '2017-07-21', 10, 0, 80, '2-04-002', 0),
(1348, NULL, 'Apertura de cuenta', '2017-08-23', 20, 0, 20, '01-03-099', 0),
(1349, '1152', 'navideño julio', '2017-07-21', 10, 0, 70, '2-02-032', 0),
(1350, '1154', '2017-07-01', '2017-07-21', 5, 0, 5, '01-01-091', 1),
(1351, '1155', 'navideño abril', '2017-07-21', 10, 0, 80, '2-02-002', 0),
(1352, '1156', '2017-07-01', '2017-07-21', 5, 0, 20, '01-01-084', 1),
(1353, '1156', 'navideño julio', '2017-07-21', 40, 0, 160, '01-02-084', 0),
(1354, '1157', '2017-07-01', '2017-07-21', 5, 0, 35, '01-01-057', 1),
(1355, '1157', 'infantil julio', '2017-07-21', 5, 0, 35, '2-04-057', 0),
(1356, '1157', 'a la vista julio', '2017-07-21', 5, 0, 35, '2-03-057', 0),
(1357, '1157', 'NAVIDEÑO JULIO', '2017-07-21', 10, 0, 70, '2-02-057', 0),
(1358, '1158', 'NAVIDEÑO JULIO', '2017-07-21', 30, 0, 210, '2-02-052', 0),
(1359, '1159', 'NAVIDEÑO JULIO', '2017-07-21', 35, 0, 175, '01-02-017', 0),
(1360, '1160', '2017-07-01', '2017-07-21', 5, 0, 35, '01-01-056', 1),
(1361, '1160', 'NAVIDEÑO JULIO', '2017-07-21', 100, 0, 700, '2-02-056', 0),
(1362, '1160', 'A LA VISTA JULIO', '2017-07-21', 50, 0, 350, '2-03-056', 0),
(1363, '1161', '2017-07-01', '2017-07-21', 5, 0, 35, '01-01-062', 1),
(1364, '1161', 'INFANTIL JULIO', '2017-07-21', 5, 0, 35, '2-04-062', 0),
(1365, '1161', 'NAVIDEÑO JULIO', '2017-07-21', 10, 0, 70, '2-02-062', 0),
(1366, '1161', 'A LA VISTA JULIO', '2017-07-21', 10, 0, 70, '2-03-062', 0),
(1367, '1162', '2017-07-01', '2017-07-21', 5, 0, 260, '01-01-033', 1),
(1368, '1162', 'NAVIDEÑO JULIO', '2017-07-21', 5, 0, 35, '2-02-033', 0),
(1369, '1163', '2017-07-01', '2017-07-21', 5, 0, 260, '01-01-036', 1),
(1370, '1163', 'NAVIDEÑO JULIO', '2017-07-21', 10, 0, 70, '2-02-036', 0),
(1371, '1164', '2017-07-01', '2017-07-21', 5, 0, 30, '01-01-072', 1),
(1372, '1165', 'NAVIDEÑO JULIO', '2017-07-21', 50, 0, 350, '2-02-009', 0),
(1373, '1166', '2017-07-01', '2017-07-21', 5, 0, 30, '01-01-078', 1),
(1374, '1167', '2017-07-01', '2017-07-21', 5, 0, 40, '01-01-047', 1),
(1375, '1167', 'NAVIDEÑO JULIO', '2017-07-21', 20, 0, 140, '2-02-047', 0),
(1376, '1168', 'A LA VISTA JULIO', '2017-07-21', 30, 0, 210, '2-03-063', 0),
(1377, '1169', 'NAVIDEÑO JULIO', '2017-07-21', 20, 0, 140, '2-02-061', 0),
(1378, '1170', '2017-07-01', '2017-07-21', 5, 0, 20, '01-01-085', 1),
(1379, '1170', 'NAVIDEÑO JULIO', '2017-07-21', 10, 0, 40, '01-02-085', 0),
(1380, '1171', '2017-07-01', '2017-07-21', 5, 0, 30, '01-01-067', 1),
(1381, '1171', 'NAVIDEÑO JULIO', '2017-07-21', 10, 0, 60, '01-02-067', 0),
(1382, '1171', 'A LA VISTA JULIO', '2017-07-21', 10, 0, 50.01, '01-03-067', 0),
(1383, '1172', 'A LA VISTA JULIO', '2017-07-21', 15, 0, 30, '2-03-069', 0),
(1384, '1173', '2017-07-01', '2017-07-21', 5, 0, 30, '01-01-065', 1),
(1385, '1173', 'NAVIDEÑO JULIO', '2017-07-21', 50, 0, 300, '01-02-065', 0),
(1386, '1174', '2017-07-01', '2017-07-21', 5, 0, 35, '01-01-076', 1),
(1387, '1174', 'NAVIDEÑO JULIO', '2017-07-21', 45, 0, 315, '01-02-076', 0),
(1388, '1177', '2017-07-01', '2017-07-21', 5, 0, 20, '01-01-083', 1),
(1389, '1177', 'NAVIDEÑO JULIO', '2017-07-21', 15, 0, 60, '01-02-083', 0),
(1390, '1178', '2017-07-01', '2017-07-21', 5, 0, 25, '01-01-080', 1),
(1391, '1178', 'NAVIDEÑO JULIO', '2017-07-21', 5, 0, 25, '01-02-080', 0),
(1392, '1179', 'NAVIDEÑO JULIO', '2017-07-21', 10, 0, 65, '01-02-075', 0),
(1393, '1180', '2017-07-01', '2017-07-21', 5, 0, 35, '01-01-055', 1),
(1394, '1180', 'NAVIDEÑO JULIO', '2017-07-21', 25, 0, 175, '2-02-055', 0),
(1395, '1180', 'A LA VISTA JULIO ', '2017-07-21', 25, 0, 175, '2-03-055', 0),
(1396, '1182', '2017-07-01', '2017-07-21', 5, 0, 260, '01-01-010', 1),
(1397, '1183', '2017-07-01', '2017-07-21', 5, 0, 260, '01-01-012', 1),
(1398, '1184', '2017-07-01', '2017-07-21', 5, 0, 260, '01-01-003', 1),
(1399, '1185', '2017-07-01', '2017-07-21', 5, 0, 5, '01-01-095', 1),
(1400, NULL, 'Apertura de cuenta', '2017-08-23', 20, 0, 20, '01-02-095', 0),
(1401, '1186', '2017-07-01', '2017-07-21', 5, 0, 260, '01-01-045', 1),
(1402, '1186', 'NAVIDEÑO JULIO', '2017-07-21', 10, 0, 50, '01-02-045', 0),
(1403, '1187', 'NAVIDEÑO JULIO', '2017-07-21', 20, 0, 1160, '2-02-001', 0),
(1404, '1188', 'NAVIDEÑO JULIO', '2017-07-21', 45, 0, 520, '2-02-006', 0),
(1405, '1189', '2017-07-01', '2017-07-21', 5, 0, 35, '01-01-077', 1),
(1406, '1189', 'NAVIDEÑO JULIO', '2017-07-21', 6, 0, 30, '01-02-077', 0),
(1407, '1190', '2017-07-01', '2017-07-21', 5, 0, 30, '01-01-060', 1),
(1408, '1190', 'NAVIDEÑO JULIO', '2017-07-21', 20, 0, 120, '2-02-060', 0),
(1409, '1190', 'INFANTIL JULIO', '2017-07-21', 10, 0, 60, '2-04-060', 0),
(1410, '1190', 'A LA VISTA JULIO', '2017-07-21', 15, 0, 90, '2-03-060', 0),
(1411, '1207', 'NAVIDEÑO JULIO', '2017-07-26', 20, 0, 114.86, '01-02-072', 0),
(1412, '1210', 'NAVIDEÑO JULIO', '2017-07-21', 20, 0, 511, '2-02-029', 0);
INSERT INTO `tab_cuenta_movimiento` (`cuentamovimiento_id`, `cuentamovimiento_comprobante`, `cuentamovimiento_concepto`, `cuentamovimiento_fecha`, `cuentamovimiento_deposito`, `cuentamovimiento_retiro`, `cuentamovimiento_saldo`, `cuentamovimiento_cuentaid`, `cuentamovimiento_impreso`) VALUES
(1413, '1211', 'NAVIDEÑO JULIO', '2017-07-25', 10, 0, 50, '01-02-051', 0),
(1414, '1212', '2017-07-01', '2017-07-31', 5, 0, 5, '01-01-090', 1),
(1415, '1213', '2017-07-01', '2017-07-31', 5, 0, 5, '01-01-092', 1),
(1416, '1214', '2017-07-01', '2017-07-31', 5, 0, 5, '01-01-093', 1),
(1417, NULL, 'Apertura de cuenta', '2017-08-23', 15, 0, 15, '01-02-093', 0),
(1418, '1215', '2017-07-01', '2017-07-31', 5, 0, 5, '01-01-101', 1),
(1419, NULL, 'Apertura de cuenta', '2017-08-23', 10, 0, 10, '01-02-101', 0),
(1420, '1251', '2017-08-01', '2017-08-23', 5, 0, 1065, '01-01-023', 1),
(1421, '1252', '2017-08-01', '2017-08-21', 5, 0, 265, '01-01-022', 0),
(1422, '1253', '2017-08-01', '2017-08-23', 5, 0, 30, '01-01-079', 1),
(1423, '1255', '2017-08-01', '2017-08-23', 5, 0, 10, '01-01-096', 1),
(1424, '1256', '2017-08-01', '2017-08-23', 5, 0, 265, '01-01-042', 1),
(1425, '1257', '2017-08-01', '2017-08-23', 5, 0, 265, '01-01-026', 1),
(1426, '1258', '2017-08-01', '2017-08-23', 5, 0, 15, '01-01-089', 1),
(1427, '1259', '2017-08-01', '2017-08-23', 5, 0, 40, '01-01-073', 1),
(1428, '1260', '2017-08-01', '2017-08-23', 5, 0, 265, '01-01-039', 1),
(1429, '1261', '2017-08-01', '2017-08-23', 5, 0, 10, '01-01-107', 1),
(1430, '1262', '2017-08-01', '2017-08-23', 5, 0, 40, '01-01-068', 1),
(1431, '1263', '2017-08-01', '2017-08-23', 5, 0, 30, '01-01-082', 1),
(1432, '1264', '2017-08-01', '2017-08-23', 5, 0, 10, '01-01-111', 1),
(1433, '1265', '2017-08-01', '2017-08-23', 5, 0, 265, '01-01-029', 1),
(1434, '1266', '2017-08-01', '2017-08-23', 5, 0, 10, '01-01-100', 1),
(1435, '1267', '2017-08-01', '2017-08-23', 5, 0, 265, '01-01-013', 1),
(1436, '1268', '2017-08-01', '2017-08-23', 5, 0, 265, '01-01-007', 1),
(1437, '1269', '2017-08-01', '2017-08-23', 5, 0, 265, '01-01-018', 1),
(1438, '1270', '2017-08-01', '2017-08-23', 5, 0, 265, '01-01-016', 1),
(1439, '1271', '2017-08-01', '2017-08-23', 5, 0, 45, '01-01-049', 1),
(1440, '1272', '2017-08-01', '2017-08-23', 5, 0, 265, '01-01-020', 1),
(1441, '1273', '2017-08-01', '2017-08-23', 5, 0, 35, '01-01-064', 1),
(1442, '1274', '2017-08-01', '2017-08-23', 5, 0, 35, '01-01-086', 1),
(1443, '1275', '2017-08-01', '2017-08-23', 5, 0, 265, '01-01-027', 1),
(1444, '1276', '2017-08-01', '2017-08-23', 5, 0, 40, '01-01-058', 1),
(1445, '1277', '2017-08-01', '2017-08-23', 5, 0, 265, '01-01-019', 1),
(1446, '1278', '2017-08-01', '2017-08-23', 5, 0, 40, '01-01-046', 1),
(1447, '1279', '2017-08-01', '2017-08-23', 5, 0, 265, '01-01-037', 1),
(1448, '1280', '2017-08-01', '2017-08-23', 5, 0, 35, '01-01-075', 1),
(1449, '1281', '2017-08-01', '2017-08-23', 5, 0, 265, '01-01-014', 1),
(1450, '1282', '2017-07-01', '2017-07-23', 5, 0, 260, '01-01-028', 1),
(1451, '1283', '2017-08-01', '2017-08-23', 5, 0, 30, '01-01-081', 1),
(1452, '1284', '2017-08-01', '2017-08-23', 5, 0, 265, '01-01-021', 1),
(1453, '1285', '2017-08-01', '2017-08-23', 5, 0, 10, '01-01-098', 1),
(1454, '1286', '2017-08-01', '2017-08-23', 5, 0, 10, '01-01-104', 1),
(1455, '1287', '2017-08-01', '2017-08-23', 5, 0, 10, '01-01-094', 1),
(1456, '1288', '2017-08-01', '2017-08-23', 5, 0, 265, '01-01-011', 1),
(1457, '1289', '2017-08-01', '2017-08-23', 5, 0, 40, '01-01-071', 1),
(1458, '1290', '2017-08-01', '2017-08-23', 5, 0, 20, '01-01-088', 1),
(1459, '1291', '2017-08-01', '2017-08-23', 5, 0, 45, '01-01-050', 1),
(1460, '1292', '2017-08-01', '2017-08-23', 5, 0, 40, '01-01-070', 1),
(1461, '1293', '2017-08-01', '2017-08-23', 5, 0, 265, '01-01-041', 1),
(1462, '1294', '2017-08-01', '2017-08-23', 5, 0, 10, '01-01-109', 1),
(1463, '1295', '2017-08-01', '2017-08-23', 5, 0, 265, '01-01-008', 1),
(1464, '1296', '2017-08-01', '2017-08-23', 5, 0, 10, '01-01-110', 1),
(1465, '1297', '2017-08-01', '2017-08-23', 5, 0, 265, '01-01-002', 1),
(1466, '1298', '2017-08-01', '2017-08-23', 5, 0, 10, '01-01-099', 1),
(1467, '1299', 'INFANTIL AGOSTO', '2017-08-23', 10, 0, 70, '2-04-042', 0),
(1468, '1300', 'INFANTIL AGOSTO', '2017-08-23', 15, 0, 90, '01-04-082', 0),
(1469, '1301', 'INFANTIL AGOSTO', '2017-08-23', 10, 0, 90, '2-04-002', 0),
(1470, '1302', 'A LA VISTA AGOSTO', '2017-08-23', 50, 0, 300, '01-03-079', 0),
(1471, '1303', 'A LA VISTA AGOSTO', '2017-08-23', 20, 0, 120, '01-03-082', 0),
(1472, '1304', 'A LA VISTA AGOSTO', '2017-08-23', 5, 0, 10, '01-03-111', 0),
(1473, '1305', 'A LA VISTA AGOSTO', '2017-08-23', 5, 0, 10, '01-03-100', 0),
(1474, '1306', 'A LA VISTA AGOSTO', '2017-08-23', 7, 0, 56, '2-03-046', 0),
(1475, '1307', 'A LA VISTA AGOSTO', '2017-08-23', 100, 0, 200, '01-03-098', 0),
(1476, '1308', 'A LA VISTA AGOSTO', '2017-08-23', 15, 0, 60, '01-03-088', 0),
(1477, '1309', 'A LA VISTA AGOSTO', '2017-08-23', 15, 0, 105, '2-03-050', 0),
(1478, '1310', 'A LA VISTA AGOSTO', '2017-08-23', 25, 0, 50, '01-03-008', 0),
(1479, '1311', 'NAVIDEÑO AGOSTO', '2017-08-23', 25, 0, 175, '2-02-042', 0),
(1480, '1312', 'NAVIDEÑO AGOSTO', '2017-08-23', 20, 0, 160, '2-02-026', 0),
(1481, '1313', 'NAVIDEÑO AGOSTO', '2017-08-23', 11.62, 0, 92.96, '2-02-073', 0),
(1482, '1314', 'NAVIDEÑO AGOSTO', '2017-08-23', 25, 0, 200, '2-02-039', 0),
(1483, '1315', 'NAVIDEÑO AGOSTO', '2017-08-23', 25, 0, 200, '2-02-068', 0),
(1484, '1316', 'NAVIDEÑO AGOSTO', '2017-08-23', 20, 0, 120, '01-02-082', 0),
(1485, '1317', 'NAVIDEÑO AGOSTO', '2017-08-23', 20, 0, 180, '2-02-049', 0),
(1486, '1318', 'NAVIDEÑO AGOSTO', '2017-08-23', 25, 0, 200, '2-02-058', 0),
(1487, '1319', 'NAVIDEÑO AGOSTO', '2017-08-23', 5, 0, 40, '2-02-046', 0),
(1488, '1320', 'NAVIDEÑO AGOSTO', '2017-08-23', 15, 0, 90, '01-02-081', 0),
(1489, '1321', 'NAVIDEÑO AGOSTO', '2017-08-23', 20, 0, 40, '01-02-104', 0),
(1490, '1322', 'NAVIDEÑO AGOSTO', '2017-08-23', 20, 0, 40, '01-02-094', 0),
(1491, '1323', 'NAVIDEÑO AGOSTO', '2017-08-23', 50, 0, 450, '2-02-011', 0),
(1492, '1324', 'NAVIDEÑO AGOSTO', '2017-08-23', 16.62, 0, 132.96, '2-02-071', 0),
(1493, '1325', 'NAVIDEÑO AGOSTO', '2017-08-23', 15, 0, 120, '2-02-050', 0),
(1494, '1326', 'NAVIDEÑO AGOSTO', '2017-08-23', 10, 0, 90, '2-02-002', 0),
(1495, '1327', '2017-08-01', '2017-08-23', 5, 0, 40, '01-01-057', 1),
(1496, '1327', 'INFANTIL AGOSTO', '2017-08-23', 5, 0, 40, '2-04-057', 0),
(1497, '1327', 'NAVIDEÑO AGOSTO', '2017-08-23', 10, 0, 80, '2-02-057', 0),
(1498, '1327', 'A LA VISTA AGOSTO', '2017-08-23', 5, 0, 40, '2-03-057', 0),
(1499, '1328', 'Voluntaria', '2017-08-23', 5, 0, 270, '01-01-022', 0),
(1500, '1328', 'Voluntaria', '2017-08-23', 5, 0, 270, '01-01-022', 0),
(1501, '1328', 'Voluntaria', '2017-08-23', 5, 0, 270, '01-01-022', 0),
(1502, '1329', 'NAVIDEÑO AGOSTO', '2017-08-23', 30, 0, 240, '2-02-052', 0),
(1503, '1330', '2017-08-01', '2017-08-23', 5, 0, 265, '01-01-017', 1),
(1504, '1330', 'NAVIDEÑO AGOSTO', '2017-08-23', 35, 0, 210, '01-02-017', 0),
(1505, '1331', '2017-08-01', '2017-08-23', 5, 0, 40, '01-01-056', 1),
(1506, '1331', 'NAVIDEÑO AGOSTO', '2017-08-23', 100, 0, 800, '2-02-056', 0),
(1507, '1331', 'A LA VISTA AGOSTO', '2017-08-23', 50, 0, 400, '2-03-056', 0),
(1508, '1332', '2017-08-01', '2017-08-23', 5, 0, 35, '01-01-060', 1),
(1509, '1332', 'INFANTIL AGOSTO', '2017-08-23', 10, 0, 70, '2-04-060', 0),
(1510, '1332', 'NAVIDEÑO AGOSTO', '2017-08-23', 20, 0, 140, '2-02-060', 0),
(1511, '1332', 'A LA VISTA AGOSTO', '2017-08-23', 15, 0, 105, '2-03-060', 0),
(1512, '1333', '2017-08-01', '2017-08-23', 5, 0, 40, '01-01-062', 1),
(1513, '1333', 'INFANTIL AGOSTO', '2017-08-23', 5, 0, 40, '2-04-062', 0),
(1514, '1333', 'NAVIDEÑO AGOSTO', '2017-08-23', 10, 0, 80, '2-02-062', 0),
(1515, '1333', 'A LA VISTA AGOSTO', '2017-08-23', 10, 0, 80, '2-03-062', 0),
(1516, '1334', '2017-08-01', '2017-08-23', 5, 0, 265, '01-01-033', 1),
(1517, '1334', 'NAVIDEÑO AGOSTO', '2017-08-23', 5, 0, 40, '2-02-033', 0),
(1518, '1335', '2017-08-01', '2017-08-23', 5, 0, 265, '01-01-036', 1),
(1519, '1335', 'NAVIDEÑO AGOSTO', '2017-08-23', 0, 0, 70, '2-02-036', 0),
(1520, '1336', 'NAVIDEÑO AGOSTO', '2017-08-23', 20, 0, 531, '2-02-029', 0),
(1521, '1337', '2017-08-01', '2017-08-23', 5, 0, 265, '01-01-043', 1),
(1522, '1338', '2017-08-01', '2017-08-23', 5, 0, 35, '01-01-072', 1),
(1523, '1339', '2017-08-01', '2017-08-23', 5, 0, 35, '01-01-066', 1),
(1524, '1340', '2017-08-01', '2017-08-23', 5, 0, 25, '01-01-085', 1),
(1525, '1340', 'NAVIDEÑO AGOSTO', '2017-08-23', 10, 0, 50, '01-02-085', 0),
(1526, '1341', 'NAVIDEÑO AGOSTO', '2017-08-23', 50, 0, 400, '2-02-009', 0),
(1527, '1342', '2017-08-01', '2017-08-23', 5, 0, 265, '01-01-009', 1),
(1528, '1343', '2017-08-01', '2017-08-23', 5, 0, 5, '01-01-113', 1),
(1529, '1344', '2017-08-01', '2017-08-23', 5, 0, 35, '01-01-067', 1),
(1530, '1344', 'NAVIDEÑO AGOSTO', '2017-08-23', 10, 0, 70, '01-02-067', 0),
(1531, '1344', 'A LA VISTA AGOSTO', '2017-08-23', 10, 0, 60.01, '01-03-067', 0),
(1532, '1345', '2017-08-01', '2017-08-23', 5, 0, 35, '01-01-078', 1),
(1533, '1346', '2017-08-01', '2017-08-23', 5, 0, 5, '01-01-097', 1),
(1534, '1347', '2017-08-01', '2017-08-23', 5, 0, 5, '01-01-114', 1),
(1535, NULL, 'Apertura de cuenta', '2017-08-24', 25, 0, 25, '01-03-114', 0),
(1536, '1348', '2017-08-01', '2017-08-23', 5, 0, 5, '01-01-105', 1),
(1537, NULL, 'Apertura de cuenta', '2017-08-24', 50, 0, 50, '01-03-105', 0),
(1538, '1349', '2017-08-01', '2017-08-23', 5, 0, 265, '01-01-032', 1),
(1539, '1350', '2017-08-01', '2017-08-23', 5, 0, 40, '01-01-069', 1),
(1540, '1226', 'Apertura de cuenta', '2017-08-24', 10, 0, 0, '01-01-115', 0),
(1541, '1217', 'Apertura de cuenta', '2017-08-24', 10, 0, 0, '01-01-116', 0),
(1542, '1219', 'Apertura de cuenta', '2017-08-24', 10, 0, 0, '01-01-117', 0),
(1543, '1218', '2017-07-01', '2017-08-15', 5, 0, 5, '01-01-103', 1),
(1544, '1218', '2017-08-01', '2017-08-15', 5, 0, 10, '01-01-103', 1),
(1545, '1219', '2017-08-01', '2017-08-23', 5, 0, 5, '01-01-117', 1),
(1546, '1220', '2017-08-01', '2017-08-23', 5, 0, 10, '01-01-093', 1),
(1547, '1220', 'DEP. NAVIDEÑO AGOSTO', '2017-08-23', 30, 0, 45, '01-02-093', 0),
(1548, '1221', '2017-08-01', '2017-08-23', 5, 0, 10, '01-01-090', 1),
(1549, '1225', 'DEP. NAVIDEÑO AGOSTO', '2017-08-10', 50, 0, 200, '01-02-015', 0),
(1550, '1227', '2017-08-01', '2017-08-23', 5, 0, 10, '01-01-101', 1),
(1551, '1227', 'DEP. NAVIDEÑO AGOSTO', '2017-08-23', 10, 0, 20, '01-02-101', 0),
(1552, '1228', '2017-08-01', '2017-08-23', 5, 0, 10, '01-01-092', 1),
(1553, '1229', '2017-08-01', '2017-08-23', 5, 0, 265, '01-01-044', 1),
(1554, '1229', 'DEP. NAVIDEÑO AGOSTO', '2017-08-23', 80, 0, 640, '01-02-044', 0),
(1555, '1230', '2017-08-01', '2017-08-23', 5, 0, 15, '01-01-112', 1),
(1556, '1231', 'DEP. NAVIDEÑO AGOSTO', '2017-08-23', 80, 0, 600, '2-02-006', 0),
(1557, '1235', 'DEP. NAVIDEÑO AGOSTO', '2017-08-23', 10, 0, 80, '2-02-032', 0),
(1558, '1237', 'DEP. NAVIDEÑO AGOSTO', '2017-08-23', 10, 0, 50, '01-02-048', 0),
(1559, '1238', '2017-08-01', '2017-08-23', 5, 0, 265, '01-01-035', 0),
(1560, '1239', '2017-08-01', '2017-08-23', 5, 0, 45, '01-01-047', 1),
(1561, '1239', 'DEP. NAVIDEÑO AGOSTO', '2017-08-23', 20, 0, 160, '2-02-047', 0),
(1562, '1240', '2017-08-01', '2017-08-23', 5, 0, 40, '01-01-063', 1),
(1563, '1240', 'DEP. NAVIDEÑO AGOSTO', '2017-08-23', 30, 0, 240, '2-03-063', 0),
(1564, '1241', '2017-08-01', '2017-08-23', 5, 0, 40, '01-01-061', 1),
(1565, '1241', 'DEP. NAVIDEÑO AGOSTO', '2017-08-23', 20, 0, 160, '2-02-061', 0),
(1566, '1242', 'DEP. NAVIDEÑO AGOSTO', '2017-08-23', 15, 0, 45, '2-03-069', 0),
(1567, '1243', '2017-08-01', '2017-08-23', 5, 0, 35, '01-01-065', 1),
(1568, '1243', 'DEP. NAVIDEÑO AGOSTO', '2017-08-23', 50, 0, 350, '01-02-065', 0),
(1569, '1244', '2017-08-01', '2017-08-23', 5, 0, 40, '01-01-076', 1),
(1570, '1244', 'DEP. NAVIDEÑO AGOSTO', '2017-08-23', 45, 0, 360, '01-02-076', 0),
(1571, '1245', '2017-08-01', '2017-08-23', 5, 0, 25, '01-01-083', 1),
(1572, '1245', 'DEP. NAVIDEÑO AGOSTO', '2017-08-23', 15, 0, 75, '01-02-083', 0),
(1573, '1246', '2017-08-01', '2017-08-23', 5, 0, 30, '01-01-080', 1),
(1574, '1246', 'DEP. NAVIDEÑO AGOSTO', '2017-08-23', 15, 0, 40, '01-02-080', 0),
(1575, '1247', 'DEP. A LA VISTA AGOSTO', '2017-08-23', 20, 0, 40, '01-03-099', 0),
(1576, '1248', 'DEP. NAVIDEÑO AGOSTO', '2017-08-23', 10, 0, 75, '01-02-075', 0),
(1577, '1249', '2017-08-01', '2017-08-23', 5, 0, 265, '01-01-040', 0),
(1578, '1351', '2017-08-01', '2017-08-23', 5, 0, 40, '01-01-055', 1),
(1579, '1351', 'DEP. NAVIDEÑO AGOSTO', '2017-08-23', 25, 0, 200, '2-02-055', 0),
(1580, '1351', 'DEP. A LA VISTA AGOSTO', '2017-08-23', 25, 0, 200, '2-03-055', 0),
(1581, '1352', '2017-08-01', '2017-08-23', 5, 0, 10, '01-01-095', 1),
(1582, '1352', 'DEP. NAVIDEÑO AGOSTO', '2017-08-23', 20, 0, 40, '01-02-095', 0),
(1583, '1353', '2017-08-01', '2017-08-23', 5, 0, 265, '01-01-045', 1),
(1584, '1353', 'DEP. NAVIDEÑO AGOSTO', '2017-08-23', 10, 0, 60, '01-02-045', 0),
(1585, '1354', '2017-08-01', '2017-08-23', 5, 0, 265, '01-01-001', 1),
(1586, '1354', 'DEP. NAVIDEÑO AGOSTO', '2017-08-23', 20, 0, 1180, '2-02-001', 0),
(1587, '1355', 'DEP. NAVIDEÑO AGOSTO', '2017-08-23', 45, 0, 645, '2-02-006', 0),
(1588, '1356', '2017-08-01', '2017-08-23', 5, 0, 40, '01-01-077', 1),
(1589, '1356', 'DEP. NAVIDEÑO AGOSTO', '2017-08-23', 6, 0, 36, '01-02-077', 0),
(1590, '1357', '2017-08-01', '2017-08-23', 5, 0, 265, '01-01-006', 1),
(1591, '1358', '2017-08-01', '2017-08-23', 5, 0, 45, '01-01-054', 1),
(1592, '1359', '2017-08-01', '2017-08-23', 5, 0, 45, '01-01-053', 1),
(1593, '1361', '2017-08-01', '2017-08-23', 5, 0, 45, '01-01-048', 1),
(1594, '1362', '2017-08-01', '2017-08-23', 5, 0, 415, '01-01-015', 0),
(1595, '1363', '2017-08-01', '2017-08-23', 5, 0, 25, '01-01-084', 1),
(1596, '1363', 'DEP. NAVIDEÑO AGOSTO', '2017-08-23', 40, 0, 200, '01-02-084', 0),
(1597, '1364', '2017-08-01', '2017-08-23', 5, 0, 265, '01-01-030', 0),
(1598, '1365', '2017-08-01', '2017-08-23', 5, 0, 40, '01-01-051', 1),
(1599, '1366', '2017-08-01', '2017-08-23', 5, 0, 5, '01-01-108', 1),
(1600, NULL, 'Apertura de cuenta', '2017-09-21', 10, 0, 10, '01-02-108', 0),
(1601, '1367', '2017-08-01', '2017-08-23', 5, 0, 5, '01-01-106', 1),
(1602, '1380', '2017-08-01', '2017-08-23', 5, 0, 10, '01-01-091', 1),
(1603, NULL, 'Apertura de cuenta', '2017-09-25', 25, 0, 25, '01-02-106', 0),
(1604, '1381', 'DEP. NAVIDEÑO AGOSTO', '2017-08-28', 10, 0, 60, '01-02-051', 0),
(1605, '1382', '2017-08-01', '2017-08-23', 5, 0, 265, '01-01-010', 1),
(1606, '1383', '2017-08-01', '2017-08-23', 5, 0, 265, '01-01-012', 0),
(1607, '1393', '2017-08-01', '2017-08-24', 5, 0, 265, '01-01-003', 0),
(1608, '1414', '2017-09-01', '2017-09-22', 5, 0, 1070, '01-01-023', 0),
(1609, '1415', '2017-09-01', '2017-09-22', 5, 0, 275, '01-01-022', 0),
(1610, '1416', '2017-09-01', '2017-09-22', 5, 0, 35, '01-01-079', 0),
(1611, '1417', '2017-09-01', '2017-09-22', 5, 0, 15, '01-01-096', 0),
(1612, '1418', '2017-09-01', '2017-09-22', 5, 0, 270, '01-01-042', 0),
(1613, '1419', '2017-09-01', '2017-09-22', 5, 0, 270, '01-01-026', 0),
(1614, '1420', '2017-09-01', '2017-09-22', 5, 0, 20, '01-01-089', 0),
(1615, '1421', '2017-09-01', '2017-09-22', 5, 0, 45, '01-01-073', 0),
(1616, '1422', '2017-09-01', '2017-09-22', 5, 0, 270, '01-01-039', 0),
(1617, '1423', '2017-09-01', '2017-09-22', 5, 0, 15, '01-01-107', 0),
(1618, '1424', '2017-09-01', '2017-09-22', 5, 0, 45, '01-01-068', 0),
(1619, '1424', '2017-09-01', '2017-09-22', 5, 0, 45, '01-01-068', 0),
(1620, '1424', '2017-09-01', '2017-09-22', 5, 0, 45, '01-01-068', 0),
(1621, '1424', '2017-09-01', '2017-09-22', 5, 0, 45, '01-01-068', 0),
(1622, '1424', '2017-09-01', '2017-09-22', 5, 0, 45, '01-01-068', 0),
(1623, '1424', '2017-09-01', '2017-09-22', 5, 0, 45, '01-01-068', 0),
(1624, '1425', '2017-09-01', '2017-09-22', 5, 0, 35, '01-01-082', 0),
(1625, '1426', '2017-09-01', '2017-09-22', 5, 0, 15, '01-01-111', 0),
(1626, '1427', '2017-09-01', '2017-09-22', 5, 0, 270, '01-01-029', 0),
(1627, '1428', '2017-09-01', '2017-09-22', 5, 0, 15, '01-01-100', 0),
(1628, '1429', '2017-09-01', '2017-09-22', 5, 0, 270, '01-01-013', 0),
(1629, '1430', '2017-09-01', '2017-09-22', 5, 0, 270, '01-01-007', 0),
(1630, '1431', '2017-09-01', '2017-09-22', 5, 0, 270, '01-01-018', 0),
(1631, '1432', '2017-09-01', '2017-09-22', 5, 0, 270, '01-01-016', 0),
(1632, '1433', '2017-09-01', '2017-09-22', 5, 0, 50, '01-01-049', 0),
(1633, '1434', '2017-09-01', '2017-09-22', 5, 0, 270, '01-01-020', 0),
(1634, '1435', '2017-09-01', '2017-09-22', 5, 0, 40, '01-01-064', 0),
(1635, '1436', '2017-09-01', '2017-09-22', 5, 0, 40, '01-01-086', 0),
(1636, '1437', '2017-09-01', '2017-09-22', 5, 0, 270, '01-01-027', 0),
(1637, '1438', '2017-09-01', '2017-09-22', 5, 0, 45, '01-01-058', 0),
(1638, '1439', '2017-09-01', '2017-09-22', 5, 0, 270, '01-01-019', 0),
(1639, '1440', '2017-09-01', '2017-09-22', 5, 0, 45, '01-01-046', 0),
(1640, '1441', '2017-09-01', '2017-09-22', 5, 0, 270, '01-01-037', 0),
(1641, '1442', '2017-09-01', '2017-09-22', 5, 0, 40, '01-01-075', 0),
(1642, '1443', '2017-09-01', '2017-09-22', 5, 0, 270, '01-01-014', 0),
(1643, '1444', '2017-08-01', '2017-09-22', 5, 0, 265, '01-01-028', 0),
(1644, '1445', '2017-09-01', '2017-09-22', 5, 0, 35, '01-01-081', 0),
(1645, '1446', '2017-09-01', '2017-09-22', 5, 0, 270, '01-01-021', 0),
(1646, '1447', '2017-09-01', '2017-09-22', 5, 0, 15, '01-01-098', 0),
(1647, '1448', '2017-09-01', '2017-09-22', 5, 0, 15, '01-01-104', 0),
(1648, '1449', '2017-09-01', '2017-09-22', 5, 0, 15, '01-01-094', 0),
(1649, '1450', '2017-09-01', '2017-09-22', 5, 0, 270, '01-01-011', 0),
(1650, '1451', '2017-09-01', '2017-09-22', 5, 0, 45, '01-01-071', 0),
(1651, '1452', '2017-09-01', '2017-09-22', 5, 0, 25, '01-01-088', 0),
(1652, '1453', '2017-09-01', '2017-09-22', 5, 0, 50, '01-01-050', 0),
(1653, '1454', '2017-09-01', '2017-09-22', 5, 0, 45, '01-01-070', 0),
(1654, '1455', '2017-09-01', '2017-09-22', 5, 0, 270, '01-01-041', 0),
(1655, '1456', '2017-09-01', '2017-09-22', 5, 0, 15, '01-01-109', 1),
(1656, '1457', '2017-09-01', '2017-09-22', 5, 0, 270, '01-01-008', 0),
(1657, '1458', '2017-09-01', '2017-09-22', 5, 0, 15, '01-01-110', 0),
(1658, '1459', '2017-09-01', '2017-09-22', 5, 0, 270, '01-01-002', 0),
(1659, '1460', '2017-09-01', '2017-09-22', 5, 0, 15, '01-01-099', 0),
(1660, '1461', 'a la vista septiembre', '2017-09-22', 50, 0, 350, '01-03-079', 0),
(1661, '1462', 'a la vista septiembre', '2017-09-22', 20, 0, 140, '01-03-082', 0),
(1662, '1463', 'a la vista septiembre', '2017-09-22', 5, 0, 15, '01-03-111', 0),
(1663, '1464', 'a la vista septiembre', '2017-09-22', 5, 0, 15, '01-03-100', 0),
(1664, '1465', 'a la vista septiembre', '2017-09-22', 7, 0, 63, '2-03-046', 0),
(1665, '1466', 'a la vista septiembre', '2017-09-22', 100, 0, 300, '01-03-098', 0),
(1666, '1467', 'a la vista septiembre', '2017-09-22', 15, 0, 75, '01-03-088', 0),
(1667, '1468', 'a la vista septiembre', '2017-09-22', 15, 0, 120, '2-03-050', 0),
(1668, '1469', 'a la vista septiembre', '2017-09-22', 0, 0, 50, '01-03-008', 0),
(1669, '1470', 'Co-Agesalito septiembre', '2017-09-22', 10, 0, 80, '2-04-042', 0),
(1670, '1471', 'Infantil Septiembre', '2017-09-22', 15, 0, 105, '01-04-082', 0),
(1671, '1472', 'Infantil Septimbre', '2017-09-22', 10, 0, 100, '2-04-002', 0),
(1672, '1473', 'Navideño  Septimbre', '2017-09-22', 25, 0, 200, '2-02-042', 0),
(1673, '1474', 'Navideño Septiembre', '2017-09-22', 20, 0, 180, '2-02-026', 0),
(1674, '1475', 'Navideño Septiembre', '2017-09-22', 11.62, 0, 104.58, '2-02-073', 0),
(1675, '1476', 'Navideño Septiembre', '2017-09-22', 25, 0, 225, '2-02-039', 0),
(1676, '1477', 'Navideño Septiembre', '2017-09-22', 25, 0, 225, '2-02-068', 0),
(1677, '1478', 'Navideño Septimbre', '2017-09-22', 20, 0, 140, '01-02-082', 0),
(1678, '1479', 'Navideño Septiembre', '2017-09-22', 20, 0, 200, '2-02-049', 0),
(1679, '1480', 'Navideño Septiembre', '2017-09-22', 25, 0, 225, '2-02-058', 0),
(1680, '1481', 'Navideño Septiembre', '2017-09-22', 5, 0, 45, '2-02-046', 0),
(1681, '1482', 'Navideño Septiembre', '2017-09-22', 15, 0, 105, '01-02-081', 0),
(1682, '1483', 'Navideño Septiembre', '2017-09-22', 20, 0, 60, '01-02-104', 0),
(1683, '1484', 'Navideño Septiembre', '2017-09-22', 20, 0, 60, '01-02-094', 0),
(1684, '1485', 'Navideño Septiembre', '2017-09-22', 50, 0, 500, '2-02-011', 0),
(1685, '1486', 'Navideño Septimbre', '2017-09-22', 16.62, 0, 149.58, '2-02-071', 0),
(1686, '1487', 'Navideño Septiembre', '2017-09-22', 15, 0, 135, '2-02-050', 0),
(1687, '1488', 'Navideño Septiembre', '2017-09-22', 10, 0, 100, '2-02-002', 0);

-- --------------------------------------------------------

--
-- Estructura de tabla para la tabla `tab_institucion_salud`
--

CREATE TABLE `tab_institucion_salud` (
  `institucionsalud_id` int(11) NOT NULL,
  `institucionsalud_correlativo` varchar(10) NOT NULL,
  `institucionsalud_nombre` text NOT NULL,
  `institucionsalud_direccion` text NOT NULL
) ENGINE=InnoDB DEFAULT CHARSET=utf8;

--
-- Volcado de datos para la tabla `tab_institucion_salud`
--

INSERT INTO `tab_institucion_salud` (`institucionsalud_id`, `institucionsalud_correlativo`, `institucionsalud_nombre`, `institucionsalud_direccion`) VALUES
(2, '01', 'Hospital Nacional Nuestra Señora de Fátima', 'Carretera Panamericana Km. 33, Barrio El Calvario, Cojutepeque, Cuscatlán.'),
(3, '02', 'Regiòn de Salud Paracentral', 'San Vicente'),
(4, '03', 'Hospital Nacional de Zacatecoluca', 'Zacatecoluca');

-- --------------------------------------------------------

--
-- Estructura de tabla para la tabla `tab_solicitud_credito`
--

CREATE TABLE `tab_solicitud_credito` (
  `solicitudcredito_id` int(11) NOT NULL,
  `solicitudcredito_sexo` char(1) NOT NULL,
  `solicitudcredito_telefonofijo` varchar(10) NOT NULL,
  `solicitudcredito_telefonocelular` varchar(10) NOT NULL,
  `solicitudcredito_direcciontrabajo` text NOT NULL,
  `solicitudcredito_jefeinmediato` varchar(200) NOT NULL,
  `solicitudcredito_tiempotrabajo` varchar(20) NOT NULL,
  `solicitudcredito_puesto` text NOT NULL,
  `solicitudcredito_telefonotrabajo` varchar(10) NOT NULL,
  `solicitudcredito_nombreconyuge` varchar(200) NOT NULL,
  `solicitudcredito_sexoconyuge` char(1) NOT NULL,
  `solicitudcredito_duiconyuge` varchar(10) NOT NULL,
  `solicitudcredito_nitconyuge` varchar(20) NOT NULL,
  `solicitudcredito_fechanacimientoconyuge` date NOT NULL,
  `solicitudcredito_profesionoficioconyuge` text NOT NULL,
  `solicitudcredito_direccionconyuge` text NOT NULL,
  `solicitudcredito_estadocivilconyuge` varchar(15) NOT NULL,
  `solicitudcredito_telefonofijoconyuge` varchar(10) NOT NULL,
  `solicitudcredito_telefonocelularconyuge` varchar(10) NOT NULL,
  `solicitudcredito_lugartrabajoconyuge` text NOT NULL,
  `solicitudcredito_direcciontrabajoconyuge` text NOT NULL,
  `solicitudcredito_sueldomensual` float NOT NULL,
  `solicitudcredito_otrosingresos` float NOT NULL,
  `solicitudcredito_totalingresos` float NOT NULL,
  `solicitudcredito_gastovida` float NOT NULL,
  `solicitudcredito_pagodeudas` float NOT NULL,
  `solicitudcredito_otrosegresos` float NOT NULL,
  `solicitudcredito_totalegresos` float NOT NULL,
  `solicitudcredito_nombrereferencia` varchar(200) NOT NULL,
  `solicitudcredito_direccionreferencia` text NOT NULL,
  `solicitudcredito_telefonofijoreferencia` varchar(10) NOT NULL,
  `solicitudcredito_telefonocelularreferencia` varchar(10) NOT NULL,
  `solicitudcredito_lugartrabajoreferencia` text NOT NULL,
  `solicitudcredito_direcciontrabajoreferencia` text NOT NULL,
  `solicitudcredito_nombrereferencia_laboral` varchar(200) NOT NULL,
  `solicitudcredito_direccionreferencia_laboral` text NOT NULL,
  `solicitudcredito_telefonofijoreferencia_laboral` varchar(10) NOT NULL,
  `solicitudcredito_telefonocelularreferencia_laboral` varchar(10) NOT NULL,
  `solicitudcredito_lugartrabajoreferencia_laboral` text NOT NULL,
  `solicitudcredito_direcciontrabajoreferencia_laboral` text NOT NULL,
  `solicitudcredito_asociadoid` int(11) NOT NULL,
  `solicitudcredito_fechasesion` date NOT NULL,
  `solicitudcredito_numacta` int(11) NOT NULL,
  `solicitudcredito_numpunto` varchar(10) NOT NULL,
  `solicitudcredito_numrefcre` varchar(25) NOT NULL,
  `solicitudcredito_tipopago` varchar(2) NOT NULL,
  `solicitudcredito_estado` int(11) NOT NULL
) ENGINE=InnoDB DEFAULT CHARSET=utf8;

--
-- Volcado de datos para la tabla `tab_solicitud_credito`
--

INSERT INTO `tab_solicitud_credito` (`solicitudcredito_id`, `solicitudcredito_sexo`, `solicitudcredito_telefonofijo`, `solicitudcredito_telefonocelular`, `solicitudcredito_direcciontrabajo`, `solicitudcredito_jefeinmediato`, `solicitudcredito_tiempotrabajo`, `solicitudcredito_puesto`, `solicitudcredito_telefonotrabajo`, `solicitudcredito_nombreconyuge`, `solicitudcredito_sexoconyuge`, `solicitudcredito_duiconyuge`, `solicitudcredito_nitconyuge`, `solicitudcredito_fechanacimientoconyuge`, `solicitudcredito_profesionoficioconyuge`, `solicitudcredito_direccionconyuge`, `solicitudcredito_estadocivilconyuge`, `solicitudcredito_telefonofijoconyuge`, `solicitudcredito_telefonocelularconyuge`, `solicitudcredito_lugartrabajoconyuge`, `solicitudcredito_direcciontrabajoconyuge`, `solicitudcredito_sueldomensual`, `solicitudcredito_otrosingresos`, `solicitudcredito_totalingresos`, `solicitudcredito_gastovida`, `solicitudcredito_pagodeudas`, `solicitudcredito_otrosegresos`, `solicitudcredito_totalegresos`, `solicitudcredito_nombrereferencia`, `solicitudcredito_direccionreferencia`, `solicitudcredito_telefonofijoreferencia`, `solicitudcredito_telefonocelularreferencia`, `solicitudcredito_lugartrabajoreferencia`, `solicitudcredito_direcciontrabajoreferencia`, `solicitudcredito_nombrereferencia_laboral`, `solicitudcredito_direccionreferencia_laboral`, `solicitudcredito_telefonofijoreferencia_laboral`, `solicitudcredito_telefonocelularreferencia_laboral`, `solicitudcredito_lugartrabajoreferencia_laboral`, `solicitudcredito_direcciontrabajoreferencia_laboral`, `solicitudcredito_asociadoid`, `solicitudcredito_fechasesion`, `solicitudcredito_numacta`, `solicitudcredito_numpunto`, `solicitudcredito_numrefcre`, `solicitudcredito_tipopago`, `solicitudcredito_estado`) VALUES
(1, 'M', '', '7773-9415', '', 'Mauricio Antonio Abarca Rivera ', '7 años ', 'Médico Residente', '2349-2100', 'Blanca Idalia Vasquez de Melgar ', 'o', '02136882-9', '1217-171074-103-9', '1974-10-17', 'Licda. en Laboratorio Clínico ', 'Residencial Bosque de la Paz, Calle 4 oriente ·2 Ilopango', 'Casado/a', '', '7319-7649', 'UCSF Santa Lucia, Soyapango ', 'Reparto Matazano, final pje Los Pinos, Soyapango ', 2453, 0, 2453, 250, 1024, 995, 2269, 'Salvador Melgar Morazan ', 'Final 7ª Calle Poniente, sitio El Niño, Opico ', '2319-4108', '', 'Jubilado', 'Jubilado ', '', '', '', '', '', '', 54, '0000-00-00', 0, '', '', '', 0),
(2, 'M', '', '7290-6233', '', 'Elsa Doris Martìnez Maldonado ', '2 años', 'Lavandera y Planchadora ', '2349-2100', '', 'o', '', '', '0000-00-00', '', '', 'Casado/a', '', '', '', '', 330, 0, 330, 150, 60, 0, 210, 'Cesar Alfredo Rodrìguez Pèrez ', 'Colonia Bosque de la Paz, San Bartolo ', '', '7921-8977', 'Banco de Fomento Agropecuario, Cojutepeque', 'Barrio El Calvario Cojutepque', '', '', '', '', '', '', 44, '0000-00-00', 0, '', '', '', 0),
(3, 'F', '2372-2068', '7990-6051', '', 'Josue Mauricio Delgado Ramirez ', '23 años ', 'Enfermera de IAAS ', '2349-2100', 'Nelson Arturo Alemán Escobar ', 'o', '00127306-2', '0614-051259-009-8', '1959-12-05', 'Licenciatura en Anestesia ', '6ª Calle Poniente Barrio San Nicolas, Cojutepeque ', 'Casado/a', '2372-2068', '7129-9285', 'Hospital Nacional Zacamil ', 'Calle la Hermita, Urbanizaciòn Zacamil, Mejicanos ', 1604, 0, 1604, 600, 0, 22, 622, 'Haydee del Carmen Guillen ', 'Colonia El Roble AV. Primavera, Cojutepeque ', '', '7746-9638', 'Escuela Puerta de Golpe', '', '', '', '', '', '', '', 32, '0000-00-00', 0, '', '', '', 0),
(4, 'F', '2225-8053', '7165-2739', '', 'Aracely Margarita Argueta de Garcìa ', '7 años ', 'Médico Residente ', '2349-2100', '', 'o', '', '', '0000-00-00', '', '', 'Casado/a', '', '', '', '', 1374, 150, 1524, 500, 267, 0, 767, 'Maria Teresa Martìnez de Posada ', 'Residencial Universitaria, Block C, No. 9, San Salvador ', '2225-8053', '6170-5431', '', '', '', '', '', '', '', '', 68, '0000-00-00', 0, '', '', '', 0),
(5, 'F', '', '7761-1147', '', 'Ros Emilia Sanchez de Castillo ', '16 años ', 'Auxiliar de Enfermería Hospitalaria ', '2349-2100', 'Santos Cecilio Muñoz ', 'o', '00466389-8', '0716-030271-101-4', '1971-02-03', 'Empleado ', 'Caserio Madracacao Barrio El Calvario, Cojutepeque ', 'Casado/a', '', '7418-8987', 'Avicola Salvadoreña ', 'Cantos Los Naranjos, Cojutepeque ', 1062, 0, 1062, 200, 212, 0, 412, 'Maria Santos Cosme Beltran ', 'Casa Madrecacao Barrio El Calvario, Cojutepeque', '', '7328-5334', 'Ama de Casa ', 'Ama de Casa ', '', '', '', '', '', '', 67, '0000-00-00', 0, '', '', '', 0),
(6, 'F', '', '7147-2583', '', 'Ana Mavel Guillen', '17 años', 'enfermera auxiliar hospitalaria', '2349-2100', 'Angel Otoniel Ramos Zuniga', 'M', '00434256-9', '0101-300271-101-8', '0000-00-00', 'perito', 'colonia san francisco calle principal casa #5 cojutepeque', 'Casado/a', '', '7147-6796', 'ministerio de gobernacion', 'km 81/2 boulebar del ejercito nacional ilopango s.s', 1191, 0, 0, 300, 300, 100, 700, 'francisca nereyda alfaro de martines', 'colonia san francisco calle principal casa # 5 cojutepeque', '', '7847-8505', 'colonia san francisco calle principal casa #5 cojutepeque', 'colonia san francisco calle principal casa #5 cojutepeque', 'rene mauricio mancia hernandez', 'recidencial alta vista pol.9 senda 5 tonacatepeque', '', '7656-3521', 'ministerio de gobernacion', 'km 81/2 boulebar del ejercito nacional ilopango s.s', 66, '0000-00-00', 0, '', '', '02', 1),
(7, 'F', '', '7147-2583', '', 'Ana Mavel Guillen', '17 años', 'enfermera auxiliar hospitalaria', '2349-2100', 'angel otoniel ramos zuniga', 'M', '00434256-9', '0101-300271-101-8', '0000-00-00', 'perito', 'colonia san francisco calle principal casa #5 cojutepeque', 'Casado/a', '', '7147-6796', 'ministerio de gobernacion', 'km 81/2 boulebar del ejercito nacional ilopango s.s', 1191, 0, 0, 300, 300, 100, 700, 'francisca nereyda alfaro de martines', 'colonia san francisco calle principal casa #5 cojutepque', '', '7847-8505', 'colonia san francisco calle principal casa #5 cojutepeque', 'la misma', 'Rene Mauricio Mancia Hernandez', 'recidencial alta vista pol.9 senda 5 tonacatepeque', '', '7656-3521', 'ministerio de gobernacion', 'km 81/2 boulevar del ejercito nacional ilopango s.s', 66, '0000-00-00', 0, '', '', '02', 1),
(8, 'F', '2349-2100', '7147-2583', '', '', '', '', '', '', '', '', '', '0000-00-00', '', '', '', '', '', '', '', 0, 0, 0, 0, 0, 0, 0, '', '', '', '', '', '', '', '', '', '', '', '', 66, '0000-00-00', 0, '', '', '', 0),
(9, 'M', '', '7705-8215', '', '', '', '', '', '', '', '', '', '0000-00-00', '', '', 'Casado/a', '', '', '', '', 0, 0, 0, 0, 0, 0, 0, '', '', '', '', '', '', '', '', '', '', '', '', 73, '0000-00-00', 0, '', '', '', 0),
(10, 'F', '2349-2100', '7147-2583', '', 'Ana Mavel Guillen', '17 años', 'Auxiliar de Enfermerìa Hospitalaria ', '2349-2100', 'Angel Otoniel Ramos Zuniga', 'M', '00434256-9', '0101-280271-101-8', '1971-02-28', 'perito', 'Colonia San Francisco, Calle Principal, casa #5 Cojutepeque', 'Casado/a', '', '7147-6796', 'Ministerio de Gobernación ', 'km 81/2 boulebar del ejercito nacional Ilopango S.S', 1191, 0, 1191, 300, 300, 100, 700, 'Rene Mauricio Mancia Hernandez ', 'Residencial Alta Vista Pol 9 Senda 5 Tonacatepeque', '', '7656-3521', 'Ministerio de Gobernaciòn', 'Km 8 1/2 Boulevar del Ejercito Nacional Ilopango S.S. ', 'Francisca Nereyda Alfaro de Martìnez ', 'Col San Francisco Calle Principal C.#5 Cojutepque', '', '7847-8505', 'Col San Francisco Calle Principal C.#5 Cojutepque', 'Col San Francisco Calle Principal C.#5 Cojutepque', 66, '0000-00-00', 0, '', '', '02', 1);

-- --------------------------------------------------------

--
-- Estructura de tabla para la tabla `tab_sucursal`
--

CREATE TABLE `tab_sucursal` (
  `sucursal_id` int(11) NOT NULL,
  `sucursal_nombre` varchar(200) NOT NULL,
  `sucursal_nit` varchar(20) NOT NULL,
  `sucursal_razonsocial` text NOT NULL,
  `sucursal_direccion` text NOT NULL,
  `sucursal_telefono` varchar(9) NOT NULL,
  `sucursal_mision` text NOT NULL,
  `sucursal_vision` text NOT NULL,
  `sucursal_valores` text NOT NULL,
  `sucursal_eslogan` text NOT NULL,
  `sucursal_logo` text NOT NULL
) ENGINE=InnoDB DEFAULT CHARSET=utf8;

--
-- Volcado de datos para la tabla `tab_sucursal`
--

INSERT INTO `tab_sucursal` (`sucursal_id`, `sucursal_nombre`, `sucursal_nit`, `sucursal_razonsocial`, `sucursal_direccion`, `sucursal_telefono`, `sucursal_mision`, `sucursal_vision`, `sucursal_valores`, `sucursal_eslogan`, `sucursal_logo`) VALUES
(1, 'CO-AGESALUD', '0702-120716-101-5', 'Cooperativa de ahorro y crédito', 'Carretera Panamericana Km. 33, Barrio El Calvario, Cojutepeque, Cuscatlán.', '2349-2150', 'Lorem ipsum dolor sit amet, consectetuer adipiscing elit. Aenean commodo ligula eget dolor. Aenean massa. Cum sociis natoque penatibus et magnis dis parturient montes, nascetur ridiculus mus. Donec quam felis, ', 'Lorem ipsum dolor sit amet, consectetuer adipiscing elit. Aenean commodo ligula eget dolor. Aenean massa. Cum sociis natoque penatibus et magnis dis parturient montes, nascetur ridiculus mus. Donec quam felis, ', 'Lorem ipsum dolor sit amet, consectetuer adipiscing elit. Aenean commodo ', 'Tus aportes de hoy serán tu éxito futuro', '../../img/logos/logo1.png');

-- --------------------------------------------------------

--
-- Estructura de tabla para la tabla `tab_tipo_credito`
--

CREATE TABLE `tab_tipo_credito` (
  `tipocredito_id` int(11) NOT NULL,
  `tipocredito_correlativo` varchar(3) NOT NULL,
  `tipocredito_nombre` varchar(200) NOT NULL,
  `tipocredito_interes` float NOT NULL,
  `tipocredito_interesxmora` float NOT NULL,
  `tipocredito_plazomaximo` smallint(6) NOT NULL,
  `tipocredito_montominimo` float NOT NULL,
  `tipocredito_montomaximo` float NOT NULL
) ENGINE=InnoDB DEFAULT CHARSET=utf8;

--
-- Volcado de datos para la tabla `tab_tipo_credito`
--

INSERT INTO `tab_tipo_credito` (`tipocredito_id`, `tipocredito_correlativo`, `tipocredito_nombre`, `tipocredito_interes`, `tipocredito_interesxmora`, `tipocredito_plazomaximo`, `tipocredito_montominimo`, `tipocredito_montomaximo`) VALUES
(1, '01', 'Consumo', 24, 6, 96, 200, 15000),
(2, '02', 'Consolidación de Deudas', 24, 6, 96, 200, 15000);

-- --------------------------------------------------------

--
-- Estructura de tabla para la tabla `tab_tipo_cuenta`
--

CREATE TABLE `tab_tipo_cuenta` (
  `tipocuenta_id` int(11) NOT NULL,
  `tipocuenta_correlativo` varchar(3) NOT NULL,
  `tipocuenta_nombre` varchar(200) NOT NULL,
  `tipocuenta_interes` float NOT NULL,
  `tipocuenta_montominimo` float NOT NULL,
  `tipocuenta_cobromontominimo` float NOT NULL,
  `tipocuenta_montoapertura` float NOT NULL
) ENGINE=InnoDB DEFAULT CHARSET=utf8;

--
-- Volcado de datos para la tabla `tab_tipo_cuenta`
--

INSERT INTO `tab_tipo_cuenta` (`tipocuenta_id`, `tipocuenta_correlativo`, `tipocuenta_nombre`, `tipocuenta_interes`, `tipocuenta_montominimo`, `tipocuenta_cobromontominimo`, `tipocuenta_montoapertura`) VALUES
(19, '01', 'APORTACIONES', 6, 10, 5, 10),
(20, '02', 'AHORRO NAVIDEÑO', 2.5, 10, 1, 5),
(21, '03', 'AHORRO A LA VISTA', 2.5, 10, 1, 5),
(22, '04', 'CO-AGESALITO', 2.5, 10, 1, 5),
(23, '05', 'A 30 DIAS PLAZO', 3, 100, 0, 100),
(24, '06', 'A 60 DIAS PLAZO', 3.25, 100, 0, 100);

-- --------------------------------------------------------

--
-- Estructura de tabla para la tabla `tab_usuario`
--

CREATE TABLE `tab_usuario` (
  `usuario_id` int(11) NOT NULL,
  `usuario_nombre` varchar(200) NOT NULL,
  `usuario_usu` varchar(100) NOT NULL,
  `usuario_pass` varchar(50) NOT NULL,
  `usuario_sucursalid` int(11) DEFAULT '1'
) ENGINE=InnoDB DEFAULT CHARSET=utf8;

--
-- Volcado de datos para la tabla `tab_usuario`
--

INSERT INTO `tab_usuario` (`usuario_id`, `usuario_nombre`, `usuario_usu`, `usuario_pass`, `usuario_sucursalid`) VALUES
(1, 'Administrador', 'admin', 'ec04321e2c7bf2e0b01bac41896796b19f22a244', 1),
(2, 'Milagro del Carmen Ventura Rivera', 'mventura', 'af1c35fb42171b98f9080b5d0b3e2ef9ee78a101', 1),
(4, 'David Ernesto Moreira Hernández', 'dmoreira', 'ecb1ffad15449391a3d25cf46f4aa60309e02db2', 1),
(5, 'Martha María Ceron de Martínez', 'mceron', '2eec69bc4ac3597d955d8685a6f698bdb9373f88', 1);

--
-- Índices para tablas volcadas
--

--
-- Indices de la tabla `tab_asociado`
--
ALTER TABLE `tab_asociado`
  ADD PRIMARY KEY (`asociado_id`),
  ADD UNIQUE KEY `asociado_correlativo` (`asociado_correlativo`),
  ADD KEY `asociado_institucionsaludid` (`asociado_institucionsaludid`),
  ADD KEY `asociado_empresaid` (`asociado_sucursalid`);

--
-- Indices de la tabla `tab_beneficiario`
--
ALTER TABLE `tab_beneficiario`
  ADD KEY `beneficiario_asociadoid` (`beneficiario_asociadoid`);

--
-- Indices de la tabla `tab_calculo`
--
ALTER TABLE `tab_calculo`
  ADD PRIMARY KEY (`calculos_correla`);

--
-- Indices de la tabla `tab_capital`
--
ALTER TABLE `tab_capital`
  ADD PRIMARY KEY (`capital_id`),
  ADD KEY `capital_empresaid` (`capital_sucursalid`);

--
-- Indices de la tabla `tab_codeudor`
--
ALTER TABLE `tab_codeudor`
  ADD PRIMARY KEY (`codeudor_id`);

--
-- Indices de la tabla `tab_cotitular`
--
ALTER TABLE `tab_cotitular`
  ADD KEY `cotitular_asociadoid` (`cotitular_asociadoid`);

--
-- Indices de la tabla `tab_credito`
--
ALTER TABLE `tab_credito`
  ADD PRIMARY KEY (`credito_id`),
  ADD KEY `credito_solicitudcreditoid` (`credito_solicitudcreditoid`),
  ADD KEY `credito_tipocreditoid` (`credito_tipocreditoid`);

--
-- Indices de la tabla `tab_credito_movimiento`
--
ALTER TABLE `tab_credito_movimiento`
  ADD PRIMARY KEY (`creditomovimiento_id`),
  ADD KEY `creditomovimiento_creditoid` (`creditomovimiento_creditoid`);

--
-- Indices de la tabla `tab_cuenta`
--
ALTER TABLE `tab_cuenta`
  ADD PRIMARY KEY (`cuenta_id`),
  ADD KEY `cuenta_asociadoid` (`cuenta_asociadoid`),
  ADD KEY `cuenta_tipocuentaid` (`cuenta_tipocuentaid`) USING BTREE;

--
-- Indices de la tabla `tab_cuenta_autorizados`
--
ALTER TABLE `tab_cuenta_autorizados`
  ADD KEY `cuentaautorizados_cuentaid` (`cuentaautorizados_cuentaid`);

--
-- Indices de la tabla `tab_cuenta_movimiento`
--
ALTER TABLE `tab_cuenta_movimiento`
  ADD PRIMARY KEY (`cuentamovimiento_id`),
  ADD KEY `cuentamovimiento_cuentaid` (`cuentamovimiento_cuentaid`);

--
-- Indices de la tabla `tab_institucion_salud`
--
ALTER TABLE `tab_institucion_salud`
  ADD PRIMARY KEY (`institucionsalud_id`);

--
-- Indices de la tabla `tab_solicitud_credito`
--
ALTER TABLE `tab_solicitud_credito`
  ADD PRIMARY KEY (`solicitudcredito_id`),
  ADD KEY `solicitudcredito_asociadoid` (`solicitudcredito_asociadoid`);

--
-- Indices de la tabla `tab_sucursal`
--
ALTER TABLE `tab_sucursal`
  ADD PRIMARY KEY (`sucursal_id`);

--
-- Indices de la tabla `tab_tipo_credito`
--
ALTER TABLE `tab_tipo_credito`
  ADD PRIMARY KEY (`tipocredito_id`),
  ADD UNIQUE KEY `tipocredito_` (`tipocredito_correlativo`);

--
-- Indices de la tabla `tab_tipo_cuenta`
--
ALTER TABLE `tab_tipo_cuenta`
  ADD PRIMARY KEY (`tipocuenta_id`),
  ADD UNIQUE KEY `tipocuenta_correlativo` (`tipocuenta_correlativo`);

--
-- AUTO_INCREMENT de las tablas volcadas
--

--
-- AUTO_INCREMENT de la tabla `tab_asociado`
--
ALTER TABLE `tab_asociado`
  MODIFY `asociado_id` int(11) NOT NULL AUTO_INCREMENT, AUTO_INCREMENT=132;
--
-- AUTO_INCREMENT de la tabla `tab_calculo`
--
ALTER TABLE `tab_calculo`
  MODIFY `calculos_correla` int(11) NOT NULL AUTO_INCREMENT, AUTO_INCREMENT=5303;
--
-- AUTO_INCREMENT de la tabla `tab_capital`
--
ALTER TABLE `tab_capital`
  MODIFY `capital_id` int(11) NOT NULL AUTO_INCREMENT;
--
-- AUTO_INCREMENT de la tabla `tab_codeudor`
--
ALTER TABLE `tab_codeudor`
  MODIFY `codeudor_id` int(11) NOT NULL AUTO_INCREMENT;
--
-- AUTO_INCREMENT de la tabla `tab_credito`
--
ALTER TABLE `tab_credito`
  MODIFY `credito_id` int(11) NOT NULL AUTO_INCREMENT, AUTO_INCREMENT=11;
--
-- AUTO_INCREMENT de la tabla `tab_credito_movimiento`
--
ALTER TABLE `tab_credito_movimiento`
  MODIFY `creditomovimiento_id` int(11) NOT NULL AUTO_INCREMENT;
--
-- AUTO_INCREMENT de la tabla `tab_cuenta_movimiento`
--
ALTER TABLE `tab_cuenta_movimiento`
  MODIFY `cuentamovimiento_id` int(11) NOT NULL AUTO_INCREMENT, AUTO_INCREMENT=1688;
--
-- AUTO_INCREMENT de la tabla `tab_institucion_salud`
--
ALTER TABLE `tab_institucion_salud`
  MODIFY `institucionsalud_id` int(11) NOT NULL AUTO_INCREMENT, AUTO_INCREMENT=5;
--
-- AUTO_INCREMENT de la tabla `tab_solicitud_credito`
--
ALTER TABLE `tab_solicitud_credito`
  MODIFY `solicitudcredito_id` int(11) NOT NULL AUTO_INCREMENT, AUTO_INCREMENT=11;
--
-- AUTO_INCREMENT de la tabla `tab_sucursal`
--
ALTER TABLE `tab_sucursal`
  MODIFY `sucursal_id` int(11) NOT NULL AUTO_INCREMENT, AUTO_INCREMENT=2;
--
-- AUTO_INCREMENT de la tabla `tab_tipo_credito`
--
ALTER TABLE `tab_tipo_credito`
  MODIFY `tipocredito_id` int(11) NOT NULL AUTO_INCREMENT, AUTO_INCREMENT=3;
--
-- AUTO_INCREMENT de la tabla `tab_tipo_cuenta`
--
ALTER TABLE `tab_tipo_cuenta`
  MODIFY `tipocuenta_id` int(11) NOT NULL AUTO_INCREMENT, AUTO_INCREMENT=25;
--
-- Restricciones para tablas volcadas
--

--
-- Filtros para la tabla `tab_asociado`
--
ALTER TABLE `tab_asociado`
  ADD CONSTRAINT `tab_asociado_ibfk_1` FOREIGN KEY (`asociado_institucionsaludid`) REFERENCES `tab_institucion_salud` (`institucionsalud_id`) ON UPDATE CASCADE,
  ADD CONSTRAINT `tab_asociado_ibfk_2` FOREIGN KEY (`asociado_sucursalid`) REFERENCES `tab_sucursal` (`sucursal_id`) ON UPDATE CASCADE;

--
-- Filtros para la tabla `tab_beneficiario`
--
ALTER TABLE `tab_beneficiario`
  ADD CONSTRAINT `tab_beneficiario_ibfk_1` FOREIGN KEY (`beneficiario_asociadoid`) REFERENCES `tab_asociado` (`asociado_id`) ON DELETE CASCADE ON UPDATE CASCADE;

--
-- Filtros para la tabla `tab_capital`
--
ALTER TABLE `tab_capital`
  ADD CONSTRAINT `tab_capital_ibfk_1` FOREIGN KEY (`capital_sucursalid`) REFERENCES `tab_sucursal` (`sucursal_id`) ON UPDATE CASCADE;

--
-- Filtros para la tabla `tab_cotitular`
--
ALTER TABLE `tab_cotitular`
  ADD CONSTRAINT `tab_cotitular_ibfk_1` FOREIGN KEY (`cotitular_asociadoid`) REFERENCES `tab_asociado` (`asociado_id`);

--
-- Filtros para la tabla `tab_credito`
--
ALTER TABLE `tab_credito`
  ADD CONSTRAINT `tab_credito_ibfk_1` FOREIGN KEY (`credito_solicitudcreditoid`) REFERENCES `tab_solicitud_credito` (`solicitudcredito_id`) ON UPDATE CASCADE,
  ADD CONSTRAINT `tab_credito_ibfk_2` FOREIGN KEY (`credito_tipocreditoid`) REFERENCES `tab_tipo_credito` (`tipocredito_id`) ON UPDATE CASCADE;

--
-- Filtros para la tabla `tab_credito_movimiento`
--
ALTER TABLE `tab_credito_movimiento`
  ADD CONSTRAINT `tab_credito_movimiento_ibfk_1` FOREIGN KEY (`creditomovimiento_creditoid`) REFERENCES `tab_credito` (`credito_id`) ON UPDATE CASCADE;

--
-- Filtros para la tabla `tab_cuenta`
--
ALTER TABLE `tab_cuenta`
  ADD CONSTRAINT `tab_cuenta_ibfk_1` FOREIGN KEY (`cuenta_asociadoid`) REFERENCES `tab_asociado` (`asociado_id`) ON UPDATE CASCADE,
  ADD CONSTRAINT `tab_cuenta_ibfk_2` FOREIGN KEY (`cuenta_tipocuentaid`) REFERENCES `tab_tipo_cuenta` (`tipocuenta_id`) ON UPDATE CASCADE;

--
-- Filtros para la tabla `tab_cuenta_autorizados`
--
ALTER TABLE `tab_cuenta_autorizados`
  ADD CONSTRAINT `tab_cuenta_autorizados_ibfk_1` FOREIGN KEY (`cuentaautorizados_cuentaid`) REFERENCES `tab_cuenta` (`cuenta_id`) ON UPDATE CASCADE;

--
-- Filtros para la tabla `tab_cuenta_movimiento`
--
ALTER TABLE `tab_cuenta_movimiento`
  ADD CONSTRAINT `tab_cuenta_movimiento_ibfk_1` FOREIGN KEY (`cuentamovimiento_cuentaid`) REFERENCES `tab_cuenta` (`cuenta_id`) ON UPDATE CASCADE;

--
-- Filtros para la tabla `tab_solicitud_credito`
--
ALTER TABLE `tab_solicitud_credito`
  ADD CONSTRAINT `tab_solicitud_credito_ibfk_1` FOREIGN KEY (`solicitudcredito_asociadoid`) REFERENCES `tab_asociado` (`asociado_id`) ON UPDATE CASCADE;

/*!40101 SET CHARACTER_SET_CLIENT=@OLD_CHARACTER_SET_CLIENT */;
/*!40101 SET CHARACTER_SET_RESULTS=@OLD_CHARACTER_SET_RESULTS */;
/*!40101 SET COLLATION_CONNECTION=@OLD_COLLATION_CONNECTION */;
